TaxID	no rank	superkingdom	kingdom	phylum	class	order	family	genus	subgenus	species	varietas	subspecies	forma
13753			Viridiplantae	Streptophyta	Magnoliopsida	Asterales	Asteraceae	Vernonia					
182999			Viridiplantae	Streptophyta	Magnoliopsida	Asterales	Asteraceae	Acanthospermum		Acanthospermum hispidum			
3641			Viridiplantae	Streptophyta	Magnoliopsida	Malvales	Malvaceae	Theobroma		Theobroma cacao			
1745183			Viridiplantae	Streptophyta	Magnoliopsida	Asterales	Asteraceae	Ageratum		Ageratum fastigiatum			
42336			Viridiplantae	Streptophyta	Magnoliopsida	Asterales	Asteraceae	Bidens					
96273			Viridiplantae	Streptophyta	Magnoliopsida	Gentianales	Rubiaceae	Palicourea		Palicourea acuminata			
3046967			Viridiplantae	Streptophyta	Magnoliopsida	Gentianales	Rubiaceae	Palicourea		Palicourea brachiata			
1129519			Viridiplantae	Streptophyta	Magnoliopsida	Gentianales	Rubiaceae	Psychotria		Psychotria gracilenta			
77871			Viridiplantae	Streptophyta	Magnoliopsida	Gentianales	Rubiaceae	Psychotria		Psychotria capitata			
3046986			Viridiplantae	Streptophyta	Magnoliopsida	Gentianales	Rubiaceae	Palicourea		Palicourea deflexa			
96295			Viridiplantae	Streptophyta	Magnoliopsida	Gentianales	Rubiaceae	Psychotria		Psychotria hoffmannseggiana			
681427			Viridiplantae	Streptophyta	Magnoliopsida	Gentianales	Rubiaceae	Coussarea		Coussarea curvigemmia			
1087756			Viridiplantae	Streptophyta	Magnoliopsida	Malpighiales	Euphorbiaceae	Euphorbia	Euphorbia subgen. Esula	Euphorbia biumbellata			
4113			Viridiplantae	Streptophyta	Magnoliopsida	Solanales	Solanaceae	Solanum		Solanum tuberosum			
38843			Viridiplantae	Streptophyta	Magnoliopsida	Malpighiales	Euphorbiaceae	Euphorbia	Euphorbia subgen. Esula	Euphorbia amygdaloides			
4081			Viridiplantae	Streptophyta	Magnoliopsida	Solanales	Solanaceae	Solanum	Solanum subgen. Lycopersicon	Solanum lycopersicum			
2746968			Viridiplantae	Streptophyta	Magnoliopsida	Solanales	Solanaceae	Solanum		Solanum umbelliferum			
4072			Viridiplantae	Streptophyta	Magnoliopsida	Solanales	Solanaceae	Capsicum		Capsicum annuum			
4442			Viridiplantae	Streptophyta	Magnoliopsida	Ericales	Theaceae	Camellia		Camellia sinensis			
53876			Viridiplantae	Streptophyta	Magnoliopsida	Fabales	Fabaceae	Erythrophleum					
38845			Viridiplantae	Streptophyta	Magnoliopsida	Malpighiales	Euphorbiaceae	Euphorbia	Euphorbia subgen. Esula	Euphorbia dendroides			
39367			Viridiplantae	Streptophyta	Magnoliopsida	Lamiales	Lamiaceae	Salvia	Salvia subgen. Rosmarinus	Salvia rosmarinus			
3702			Viridiplantae	Streptophyta	Magnoliopsida	Brassicales	Brassicaceae	Arabidopsis		Arabidopsis thaliana			
212844			Viridiplantae	Streptophyta	Magnoliopsida	Malpighiales	Euphorbiaceae	Euphorbia	Euphorbia subgen. Esula	Euphorbia acanthothamnos			
334663			Viridiplantae	Streptophyta	Magnoliopsida	Malpighiales	Euphorbiaceae	Euphorbia	Euphorbia subgen. Euphorbia	Euphorbia aeruginosa			
154990			Viridiplantae	Streptophyta	Magnoliopsida	Malpighiales	Euphorbiaceae	Euphorbia	Euphorbia subgen. Esula	Euphorbia helioscopia			
54672			Viridiplantae	Streptophyta	Magnoliopsida	Malpighiales	Euphorbiaceae	Euphorbia	Euphorbia subgen. Esula	Euphorbia lagascae			
1138355			Viridiplantae	Streptophyta	Magnoliopsida	Malpighiales	Euphorbiaceae	Euphorbia	Euphorbia subgen. Athymalus	Euphorbia ornithopus			
1129973			Viridiplantae	Streptophyta	Magnoliopsida	Malpighiales	Euphorbiaceae	Euphorbia	Euphorbia subgen. Athymalus	Euphorbia balsamifera		Euphorbia balsamifera subsp. balsamifera	
1138348			Viridiplantae	Streptophyta	Magnoliopsida	Malpighiales	Euphorbiaceae	Euphorbia	Euphorbia subgen. Euphorbia	Euphorbia lactea			
209321			Viridiplantae	Streptophyta	Magnoliopsida	Malpighiales	Euphorbiaceae	Euphorbia	Euphorbia subgen. Euphorbia	Euphorbia cylindrifolia			
212981			Viridiplantae	Streptophyta	Magnoliopsida	Malpighiales	Euphorbiaceae	Euphorbia	Euphorbia subgen. Euphorbia	Euphorbia sipolisii			
38846			Viridiplantae	Streptophyta	Magnoliopsida	Malpighiales	Euphorbiaceae	Euphorbia	Euphorbia subgen. Esula	Euphorbia peplus			
38844			Viridiplantae	Streptophyta	Magnoliopsida	Malpighiales	Euphorbiaceae	Euphorbia	Euphorbia subgen. Esula	Euphorbia cyparissias			
212960			Viridiplantae	Streptophyta	Magnoliopsida	Malpighiales	Euphorbiaceae	Euphorbia	Euphorbia subgen. Chamaesyce	Euphorbia platyclada			
1046468			Viridiplantae	Streptophyta	Magnoliopsida	Malpighiales	Euphorbiaceae	Euphorbia	Euphorbia subgen. Chamaesyce	Euphorbia hyssopifolia			
1046491			Viridiplantae	Streptophyta	Magnoliopsida	Malpighiales	Euphorbiaceae	Euphorbia	Euphorbia subgen. Chamaesyce	Euphorbia ophthalmica			
1138350			Viridiplantae	Streptophyta	Magnoliopsida	Malpighiales	Euphorbiaceae	Euphorbia	Euphorbia subgen. Athymalus	Euphorbia mammillaris			
212944			Viridiplantae	Streptophyta	Magnoliopsida	Malpighiales	Euphorbiaceae	Euphorbia	Euphorbia subgen. Athymalus	Euphorbia obesa			
334676			Viridiplantae	Streptophyta	Magnoliopsida	Malpighiales	Euphorbiaceae	Euphorbia	Euphorbia subgen. Euphorbia	Euphorbia grandicornis			
213002			Viridiplantae	Streptophyta	Magnoliopsida	Malpighiales	Euphorbiaceae	Euphorbia	Euphorbia subgen. Euphorbia	Euphorbia weberbaueri			
212842			Viridiplantae	Streptophyta	Magnoliopsida	Malpighiales	Euphorbiaceae	Euphorbia	Euphorbia subgen. Euphorbia	Euphorbia abdelkuri			
457243			Viridiplantae	Streptophyta	Magnoliopsida	Malpighiales	Euphorbiaceae	Euphorbia	Euphorbia subgen. Chamaesyce	Euphorbia cotinifolia			
318062			Viridiplantae	Streptophyta	Magnoliopsida	Malpighiales	Euphorbiaceae	Euphorbia	Euphorbia subgen. Chamaesyce	Euphorbia hirta			
212836			Viridiplantae	Streptophyta	Magnoliopsida	Malpighiales	Euphorbiaceae	Euphorbia	Euphorbia subgen. Chamaesyce	Euphorbia prostrata			
216478			Viridiplantae	Streptophyta	Magnoliopsida	Malpighiales	Euphorbiaceae	Euphorbia	Euphorbia subgen. Euphorbia	Euphorbia ingens			
209356			Viridiplantae	Streptophyta	Magnoliopsida	Malpighiales	Euphorbiaceae	Euphorbia	Euphorbia subgen. Euphorbia	Euphorbia stenoclada			
1129970			Viridiplantae	Streptophyta	Magnoliopsida	Malpighiales	Euphorbiaceae	Euphorbia	Euphorbia subgen. Euphorbia	Euphorbia ammak			
1129992			Viridiplantae	Streptophyta	Magnoliopsida	Malpighiales	Euphorbiaceae	Euphorbia	Euphorbia subgen. Euphorbia	Euphorbia fiherenensis			
1087772			Viridiplantae	Streptophyta	Magnoliopsida	Malpighiales	Euphorbiaceae	Euphorbia	Euphorbia subgen. Esula	Euphorbia nicaeensis			
212925			Viridiplantae	Streptophyta	Magnoliopsida	Malpighiales	Euphorbiaceae	Euphorbia	Euphorbia subgen. Esula	Euphorbia lathyris			
212941			Viridiplantae	Streptophyta	Magnoliopsida	Malpighiales	Euphorbiaceae	Euphorbia	Euphorbia subgen. Esula	Euphorbia myrsinites			
216475			Viridiplantae	Streptophyta	Magnoliopsida	Malpighiales	Euphorbiaceae	Euphorbia	Euphorbia subgen. Chamaesyce	Euphorbia dentata			
1334443			Viridiplantae	Streptophyta	Magnoliopsida	Malpighiales	Euphorbiaceae	Euphorbia	Euphorbia subgen. Chamaesyce				
212900			Viridiplantae	Streptophyta	Magnoliopsida	Malpighiales	Euphorbiaceae	Euphorbia	Euphorbia subgen. Chamaesyce	Euphorbia graminea			
213047			Viridiplantae	Streptophyta	Magnoliopsida	Malpighiales	Euphorbiaceae	Euphorbia	Euphorbia subgen. Athymalus	Euphorbia globosa			
216999			Viridiplantae	Streptophyta	Magnoliopsida	Malpighiales	Euphorbiaceae	Euphorbia	Euphorbia subgen. Athymalus	Euphorbia horrida			
65559			Viridiplantae	Streptophyta	Magnoliopsida	Malpighiales	Euphorbiaceae	Euphorbia	Euphorbia subgen. Euphorbia	Euphorbia milii			
526192			Viridiplantae	Streptophyta	Magnoliopsida	Malpighiales	Euphorbiaceae	Euphorbia	Euphorbia subgen. Esula	Euphorbia characias		Euphorbia characias subsp. wulfenii	
38847			Viridiplantae	Streptophyta	Magnoliopsida	Malpighiales	Euphorbiaceae	Euphorbia	Euphorbia subgen. Esula	Euphorbia segetalis			
318061			Viridiplantae	Streptophyta	Magnoliopsida	Malpighiales	Euphorbiaceae	Euphorbia	Euphorbia subgen. Chamaesyce	Euphorbia thymifolia			
1138341			Viridiplantae	Streptophyta	Magnoliopsida	Malpighiales	Euphorbiaceae	Euphorbia	Euphorbia subgen. Athymalus	Euphorbia bubalina			
216998			Viridiplantae	Streptophyta	Magnoliopsida	Malpighiales	Euphorbiaceae	Euphorbia	Euphorbia subgen. Athymalus	Euphorbia jansenvillensis			
334689			Viridiplantae	Streptophyta	Magnoliopsida	Malpighiales	Euphorbiaceae	Euphorbia	Euphorbia subgen. Euphorbia	Euphorbia neriifolia			
209333			Viridiplantae	Streptophyta	Magnoliopsida	Malpighiales	Euphorbiaceae	Euphorbia	Euphorbia subgen. Euphorbia	Euphorbia alluaudii			
3495			Viridiplantae	Streptophyta	Magnoliopsida	Rosales	Moraceae	Maclura					
3749			Viridiplantae	Streptophyta	Magnoliopsida	Rosales	Rosaceae	Malus					
210328			Viridiplantae	Streptophyta	Magnoliopsida	Rosales	Moraceae	Maclura		Maclura tricuspidata			
1577575			Viridiplantae	Streptophyta	Magnoliopsida	Rosales	Rhamnaceae	Berchemiella		Berchemiella berchemiifolia			
106704			Viridiplantae	Streptophyta	Magnoliopsida	Rosales	Rhamnaceae	Rhamnella		Rhamnella franguloides			
72165			Viridiplantae	Streptophyta	Magnoliopsida	Rosales	Rhamnaceae	Sageretia					
146530	Poodae		Viridiplantae	Streptophyta	Magnoliopsida	Poales	Poaceae	Avena		Avena barbata			
2358445	Rhamnaceae incertae sedis		Viridiplantae	Streptophyta	Magnoliopsida	Rosales	Rhamnaceae	Alphitonia		Alphitonia philippinensis			
2799819			Viridiplantae	Streptophyta	Magnoliopsida	Rosales	Rhamnaceae	Berchemia		Berchemia yunnanensis			
22922	Rhamnaceae incertae sedis		Viridiplantae	Streptophyta	Magnoliopsida	Rosales	Rhamnaceae	Ceanothus					
1465290	Rhamnaceae incertae sedis		Viridiplantae	Streptophyta	Magnoliopsida	Rosales	Rhamnaceae	Colubrina		Colubrina arborescens			
106664	Rhamnaceae incertae sedis		Viridiplantae	Streptophyta	Magnoliopsida	Rosales	Rhamnaceae	Colubrina		Colubrina asiatica			
106663	Rhamnaceae incertae sedis		Viridiplantae	Streptophyta	Magnoliopsida	Rosales	Rhamnaceae	Colubrina					
1125386	Rhamnaceae incertae sedis		Viridiplantae	Streptophyta	Magnoliopsida	Rosales	Rhamnaceae	Colubrina		Colubrina spinosa			
1813008			Viridiplantae	Streptophyta	Magnoliopsida	Rosales	Rhamnaceae	Gouania		Gouania leptostachya			
1813006			Viridiplantae	Streptophyta	Magnoliopsida	Rosales	Rhamnaceae	Gouania		Gouania javanica			
106678			Viridiplantae	Streptophyta	Magnoliopsida	Rosales	Rhamnaceae	Gouania					
1226760			Viridiplantae	Streptophyta	Magnoliopsida	Rosales	Rhamnaceae	Berchemia		Berchemia floribunda			
1136838			Viridiplantae	Streptophyta	Magnoliopsida	Rosales	Rhamnaceae	Gouania		Gouania polygama			
210357			Viridiplantae	Streptophyta	Magnoliopsida	Rosales	Rhamnaceae	Hovenia		Hovenia acerba			
99291			Viridiplantae	Streptophyta	Magnoliopsida	Rosales	Rhamnaceae	Hovenia					
1127048			Viridiplantae	Streptophyta	Magnoliopsida	Rosales	Rhamnaceae	Karwinskia		Karwinskia calderonii			
106685			Viridiplantae	Streptophyta	Magnoliopsida	Rosales	Rhamnaceae	Krugiodendron		Krugiodendron ferreum			
106692			Viridiplantae	Streptophyta	Magnoliopsida	Rosales	Rhamnaceae	Paliurus					
2753859			Viridiplantae	Streptophyta	Magnoliopsida	Rosales	Rhamnaceae	Rhamnella		Rhamnella tonkinensis			
280014			Viridiplantae	Streptophyta	Magnoliopsida	Rosales	Rhamnaceae	Rhamnus		Rhamnus crenata			
105902			Viridiplantae	Streptophyta	Magnoliopsida	Rosales	Rhamnaceae	Rhamnus		Rhamnus davurica			
1813050			Viridiplantae	Streptophyta	Magnoliopsida	Rosales	Rhamnaceae	Rhamnus		Rhamnus diamantiaca			
1813079			Viridiplantae	Streptophyta	Magnoliopsida	Rosales	Rhamnaceae	Rhamnus		Rhamnus erythroxylon			
1616486			Viridiplantae	Streptophyta	Magnoliopsida	Rosales	Rhamnaceae	Rhamnus		Rhamnus globosa			
1819795			Viridiplantae	Streptophyta	Magnoliopsida	Rosales	Rhamnaceae	Rhamnus		Rhamnus hainanensis			
1577576			Viridiplantae	Streptophyta	Magnoliopsida	Rosales	Rhamnaceae	Rhamnus		Rhamnus koraiensis			
1603822			Viridiplantae	Streptophyta	Magnoliopsida	Rosales	Rhamnaceae	Rhamnus		Rhamnus leptophylla			
1813037			Viridiplantae	Streptophyta	Magnoliopsida	Rosales	Rhamnaceae	Frangula		Frangula longipes			
3609			Viridiplantae	Streptophyta	Magnoliopsida	Rosales	Rhamnaceae	Rhamnus					
1813042			Viridiplantae	Streptophyta	Magnoliopsida	Rosales	Rhamnaceae	Frangula		Frangula oreodendron			
1226768			Viridiplantae	Streptophyta	Magnoliopsida	Rosales	Rhamnaceae	Rhamnus		Rhamnus parvifolia			
1341704			Viridiplantae	Streptophyta	Magnoliopsida	Rosales	Rhamnaceae	Berchemia		Berchemia hirtella			
1465361			Viridiplantae	Streptophyta	Magnoliopsida	Rosales	Rhamnaceae	Rhamnus		Rhamnus sphaerosperma			
1813096			Viridiplantae	Streptophyta	Magnoliopsida	Rosales	Rhamnaceae	Rhamnus		Rhamnus subapetala			
1037062			Viridiplantae	Streptophyta	Magnoliopsida	Rosales	Rhamnaceae	Rhamnus		Rhamnus utilis			
72166			Viridiplantae	Streptophyta	Magnoliopsida	Rosales	Rhamnaceae	Sageretia		Sageretia thea			
2552202			Viridiplantae	Streptophyta	Magnoliopsida	Rosales	Rhamnaceae	Scutia		Scutia eberhardtii			
1158817			Viridiplantae	Streptophyta	Magnoliopsida	Rosales	Rhamnaceae	Scutia		Scutia myrtina			
106719			Viridiplantae	Streptophyta	Magnoliopsida	Rosales	Rhamnaceae	Ventilago					
1812990			Viridiplantae	Streptophyta	Magnoliopsida	Rosales	Rhamnaceae	Berchemia		Berchemia huana			
1390085			Viridiplantae	Streptophyta	Magnoliopsida	Rosales	Rhamnaceae	Ventilago		Ventilago denticulata			
108868			Viridiplantae	Streptophyta	Magnoliopsida	Rosales	Rhamnaceae	Ventilago		Ventilago leiocarpa			
345802			Viridiplantae	Streptophyta	Magnoliopsida	Rosales	Rhamnaceae	Ventilago		Ventilago madraspatana			
478035			Viridiplantae	Streptophyta	Magnoliopsida	Rosales	Rhamnaceae	Ziziphus		Ziziphus apetala			
478036			Viridiplantae	Streptophyta	Magnoliopsida	Rosales	Rhamnaceae	Ziziphus		Ziziphus attopensis			
1621222			Viridiplantae	Streptophyta	Magnoliopsida	Rosales	Rhamnaceae	Berchemia		Berchemia kulingensis			
72171			Viridiplantae	Streptophyta	Magnoliopsida	Rosales	Rhamnaceae	Ziziphus					
345807			Viridiplantae	Streptophyta	Magnoliopsida	Rosales	Rhamnaceae	Sarcomphalus		Sarcomphalus guatemalensis			
345808			Viridiplantae	Streptophyta	Magnoliopsida	Rosales	Rhamnaceae	Ziziphus		Ziziphus horsfieldii			
478038			Viridiplantae	Streptophyta	Magnoliopsida	Rosales	Rhamnaceae	Ziziphus		Ziziphus incurva			
157914			Viridiplantae	Streptophyta	Magnoliopsida	Rosales	Rhamnaceae	Ziziphus		Ziziphus mauritiana			
345151			Viridiplantae	Streptophyta	Magnoliopsida	Rosales	Rhamnaceae	Ziziphus		Ziziphus oenopolia			
345815			Viridiplantae	Streptophyta	Magnoliopsida	Rosales	Rhamnaceae	Ziziphus		Ziziphus rugosa			
1603695			Viridiplantae	Streptophyta	Magnoliopsida	Rosales	Rhamnaceae	Berchemia		Berchemia lineata			
345817			Viridiplantae	Streptophyta	Magnoliopsida	Rosales	Rhamnaceae	Sarcomphalus		Sarcomphalus thyrsiflorus			
72167			Viridiplantae	Streptophyta	Magnoliopsida	Rosales	Rhamnaceae	Berchemia					
1621223			Viridiplantae	Streptophyta	Magnoliopsida	Rosales	Rhamnaceae	Berchemia		Berchemia sinica			
176579			Viridiplantae	Streptophyta	Magnoliopsida	Asterales	Asteraceae	Schkuhria		Schkuhria pinnata			
52470			Viridiplantae	Streptophyta	Magnoliopsida	Apiales	Apiaceae	Ferula					
2708			Viridiplantae	Streptophyta	Magnoliopsida	Sapindales	Rutaceae	Citrus		Citrus x limon			
49606			Viridiplantae	Streptophyta	Magnoliopsida	Dipsacales	Caprifoliaceae	Lonicera					
178107			Viridiplantae	Streptophyta	Magnoliopsida	Myrtales	Vochysiaceae	Qualea		Qualea grandiflora			
2706			Viridiplantae	Streptophyta	Magnoliopsida	Sapindales	Rutaceae	Citrus					
13442			Viridiplantae	Streptophyta	Magnoliopsida	Gentianales	Rubiaceae	Coffea					
4441			Viridiplantae	Streptophyta	Magnoliopsida	Ericales	Theaceae	Camellia					
28502			Viridiplantae	Streptophyta	Magnoliopsida	Caryophyllales	Amaranthaceae	Amaranthus		Amaranthus hypochondriacus			
3555			Viridiplantae	Streptophyta	Magnoliopsida	Caryophyllales	Chenopodiaceae	Beta		Beta vulgaris		Beta vulgaris subsp. vulgaris	
63459			Viridiplantae	Streptophyta	Magnoliopsida	Caryophyllales	Chenopodiaceae	Chenopodium		Chenopodium quinoa			
4111			Viridiplantae	Streptophyta	Magnoliopsida	Solanales	Solanaceae	Solanum		Solanum melongena			
112863			Viridiplantae	Streptophyta	Magnoliopsida	Solanales	Solanaceae	Lycium		Lycium barbarum			
3880			Viridiplantae	Streptophyta	Magnoliopsida	Fabales	Fabaceae	Medicago		Medicago truncatula			
4022			Viridiplantae	Streptophyta	Magnoliopsida	Sapindales	Sapindaceae	Acer					
357850			Viridiplantae	Streptophyta	Magnoliopsida	Apiales	Apiaceae	Angelica		Angelica keiskei			
285591			Viridiplantae	Streptophyta	Magnoliopsida	Ranunculales	Menispermaceae	Tinospora		Tinospora crispa			
4146			Viridiplantae	Streptophyta	Magnoliopsida	Lamiales	Oleaceae	Olea		Olea europaea			
2711			Viridiplantae	Streptophyta	Magnoliopsida	Sapindales	Rutaceae	Citrus		Citrus sinensis			
3635			Viridiplantae	Streptophyta	Magnoliopsida	Malvales	Malvaceae	Gossypium		Gossypium hirsutum			
3633			Viridiplantae	Streptophyta	Magnoliopsida	Malvales	Malvaceae	Gossypium					
3701			Viridiplantae	Streptophyta	Magnoliopsida	Brassicales	Brassicaceae	Arabidopsis					
3483			Viridiplantae	Streptophyta	Magnoliopsida	Rosales	Cannabaceae	Cannabis		Cannabis sativa			
137178			Viridiplantae	Streptophyta	Lycopodiopsida	Selaginellales	Selaginellaceae	Selaginella		Selaginella tamariscina			
228587			Viridiplantae	Streptophyta	Magnoliopsida	Rosales	Cannabaceae	Celtis		Celtis occidentalis			
384659			Viridiplantae	Streptophyta	Magnoliopsida	Caryophyllales	Amaranthaceae	Achyranthes		Achyranthes bidentata			
307165			Viridiplantae	Streptophyta	Lycopodiopsida	Selaginellales	Selaginellaceae	Selaginella		Selaginella uncinata			
3202			Viridiplantae	Streptophyta	Jungermanniopsida	Jungermanniales	Jungermanniaceae	Jungermannia					
130385			Viridiplantae	Streptophyta	Magnoliopsida	Piperales	Piperaceae	Piper		Piper auritum			
13217			Viridiplantae	Streptophyta	Magnoliopsida	Piperales	Piperaceae	Piper		Piper betle			
130404			Viridiplantae	Streptophyta	Magnoliopsida	Piperales	Piperaceae	Piper		Piper methysticum			
13216			Viridiplantae	Streptophyta	Magnoliopsida	Piperales	Piperaceae	Piper		Piper nigrum			
405319			Viridiplantae	Streptophyta	Magnoliopsida	Piperales	Piperaceae	Piper		Piper sarmentosum			
117272			Viridiplantae	Streptophyta	Magnoliopsida	Caryophyllales	Amaranthaceae	Amaranthus		Amaranthus cruentus			
46112			Viridiplantae	Streptophyta	Magnoliopsida	Caryophyllales	Amaranthaceae	Celosia		Celosia argentea			
204518			Viridiplantae	Streptophyta	Magnoliopsida	Fabales	Fabaceae	Bauhinia		Bauhinia tomentosa			
1842752			Viridiplantae	Streptophyta	Magnoliopsida	Rosales	Urticaceae	Dendrocnide		Dendrocnide moroides			
120385			Viridiplantae	Streptophyta	Magnoliopsida	Rosales	Rosaceae	Kerria		Kerria japonica			
57943			Viridiplantae	Streptophyta	Magnoliopsida	Rosales	Rosaceae	Alchemilla		Alchemilla alpina			
98683			Viridiplantae	Streptophyta	Magnoliopsida	Asterales	Asteraceae	Doronicum					
59016			Viridiplantae	Streptophyta	Magnoliopsida	Commelinales	Commelinaceae	Tradescantia		Tradescantia virginiana			
59067			Viridiplantae	Streptophyta	Magnoliopsida	Asparagales	Asparagaceae	Ruscus		Ruscus aculeatus			
32220			Viridiplantae	Streptophyta	Magnoliopsida	Rosales	Rosaceae	Aruncus		Aruncus dioicus			
40888			Viridiplantae	Streptophyta	Magnoliopsida	Apiales	Apiaceae	Anthriscus		Anthriscus cerefolium			
1570894			Viridiplantae	Streptophyta	Magnoliopsida	Ericales	Polemoniaceae	Phlox		Phlox adsurgens			
33127			Viridiplantae	Streptophyta	Magnoliopsida	Rosales	Urticaceae	Parietaria		Parietaria judaica			
3710			Viridiplantae	Streptophyta	Magnoliopsida	Brassicales	Brassicaceae	Brassica		Brassica nigra			
109059			Viridiplantae	Streptophyta	Magnoliopsida	Fagales	Betulaceae	Alnus		Alnus firma			
109061			Viridiplantae	Streptophyta	Magnoliopsida	Fagales	Betulaceae	Alnus		Alnus hirsuta			
253220			Viridiplantae	Streptophyta	Magnoliopsida	Fagales	Betulaceae	Alnus		Alnus hirsuta	Alnus hirsuta var. sibirica		
109063			Viridiplantae	Streptophyta	Magnoliopsida	Fagales	Betulaceae	Alnus		Alnus japonica			
154422			Viridiplantae	Streptophyta	Magnoliopsida	Caryophyllales	Cactaceae	Selenicereus					
397177			Viridiplantae	Streptophyta	Magnoliopsida	Sapindales	Anacardiaceae	Tapirira		Tapirira guianensis			
4577	Andropogonodae		Viridiplantae	Streptophyta	Magnoliopsida	Poales	Poaceae	Zea		Zea mays			
25443			Viridiplantae	Streptophyta	Magnoliopsida	Gentianales	Rubiaceae	Psychotria					
77900			Viridiplantae	Streptophyta	Magnoliopsida	Gentianales	Rubiaceae	Psychotria		Psychotria tenuifolia			
681438			Viridiplantae	Streptophyta	Magnoliopsida	Myrtales	Myrtaceae	Eugenia		Eugenia nesiotica			
77879			Viridiplantae	Streptophyta	Magnoliopsida	Gentianales	Rubiaceae	Psychotria		Psychotria horizontalis			
489020			Viridiplantae	Streptophyta	Magnoliopsida	Laurales	Lauraceae	Ocotea		Ocotea cernua			
489022			Viridiplantae	Streptophyta	Magnoliopsida	Laurales	Lauraceae	Ocotea		Ocotea oblonga			
681437			Viridiplantae	Streptophyta	Magnoliopsida	Myrtales	Myrtaceae	Eugenia		Eugenia galalonensis			
489024			Viridiplantae	Streptophyta	Magnoliopsida	Laurales	Lauraceae	Ocotea		Ocotea whitei			
681439			Viridiplantae	Streptophyta	Magnoliopsida	Myrtales	Myrtaceae	Eugenia		Eugenia oerstediana			
486089			Viridiplantae	Streptophyta	Magnoliopsida	Fabales	Fabaceae	Inga		Inga umbellifera			
468147			Viridiplantae	Streptophyta	Magnoliopsida	Fabales	Fabaceae	Inga		Inga marginata			
486047			Viridiplantae	Streptophyta	Magnoliopsida	Fabales	Fabaceae	Inga		Inga acuminata			
162888			Viridiplantae	Streptophyta	Magnoliopsida	Fabales	Fabaceae	Prioria		Prioria copaifera			
158928			Viridiplantae	Streptophyta	Magnoliopsida	Malpighiales	Calophyllaceae	Calophyllum		Calophyllum longifolium			
50126			Viridiplantae	Streptophyta	Magnoliopsida	Santalales	Erythropalaceae	Heisteria		Heisteria concinna			
681431			Viridiplantae	Streptophyta	Magnoliopsida	Magnoliales	Annonaceae	Desmopsis		Desmopsis panamensis			
681506			Viridiplantae	Streptophyta	Magnoliopsida	Magnoliales	Annonaceae	Xylopia		Xylopia macrantha			
681474			Viridiplantae	Streptophyta	Magnoliopsida	Picramniales	Picramniaceae	Picramnia		Picramnia latifolia			
681480			Viridiplantae	Streptophyta	Magnoliopsida	Sapindales	Burseraceae	Protium		Protium panamense			
681473			Viridiplantae	Streptophyta	Magnoliopsida	Malpighiales	Ochnaceae	Ouratea		Ouratea lucens			
224866			Viridiplantae	Streptophyta	Magnoliopsida	Magnoliales	Myristicaceae	Virola		Virola sebifera			
681494			Viridiplantae	Streptophyta	Magnoliopsida	Gentianales	Apocynaceae	Tabernaemontana		Tabernaemontana arborea			
112829			Viridiplantae	Streptophyta	Magnoliopsida	Malpighiales	Lacistemataceae	Lacistema		Lacistema aggregatum			
1125920			Viridiplantae	Streptophyta	Magnoliopsida	Sapindales	Meliaceae	Guarea		Guarea bullata			
681476			Viridiplantae	Streptophyta	Magnoliopsida	Ericales	Sapotaceae	Pouteria		Pouteria reticulata			
681464			Viridiplantae	Streptophyta	Magnoliopsida	Myrtales	Melastomataceae	Miconia		Miconia nervosa			
295159			Viridiplantae	Streptophyta	Magnoliopsida	Magnoliales	Annonaceae	Guatteria		Guatteria dumetorum			
77893			Viridiplantae	Streptophyta	Magnoliopsida	Gentianales	Rubiaceae	Psychotria		Psychotria racemosa			
486070			Viridiplantae	Streptophyta	Magnoliopsida	Fabales	Fabaceae	Inga		Inga multijuga			
189164			Viridiplantae	Streptophyta	Magnoliopsida	Gentianales	Rubiaceae	Psychotria		Psychotria grandis			
77903			Viridiplantae	Streptophyta	Magnoliopsida	Gentianales	Rubiaceae	Psychotria		Psychotria graciliflora			
77892			Viridiplantae	Streptophyta	Magnoliopsida	Gentianales	Rubiaceae	Palicourea		Palicourea pubescens			
77886			Viridiplantae	Streptophyta	Magnoliopsida	Gentianales	Rubiaceae	Psychotria		Psychotria marginata			
77887			Viridiplantae	Streptophyta	Magnoliopsida	Gentianales	Rubiaceae	Psychotria		Psychotria micrantha			
681405			Viridiplantae	Streptophyta	Magnoliopsida	Gentianales	Rubiaceae	Alseis		Alseis blackiana			
681466			Viridiplantae	Streptophyta	Magnoliopsida	Myrtales	Melastomataceae	Mouriri		Mouriri myrtilloides			
77882			Viridiplantae	Streptophyta	Magnoliopsida	Gentianales	Rubiaceae	Psychotria		Psychotria limonensis			
638923			Viridiplantae	Streptophyta	Magnoliopsida	Sapindales	Meliaceae	Trichilia		Trichilia tuberculata			
130413			Viridiplantae	Streptophyta	Magnoliopsida	Piperales	Piperaceae	Piper		Piper reticulatum			
241910			Viridiplantae	Streptophyta	Magnoliopsida	Rosales	Moraceae	Poulsenia		Poulsenia armata			
446121			Viridiplantae	Streptophyta	Magnoliopsida	Arecales	Arecaceae	Oenocarpus		Oenocarpus mapora			
101569			Viridiplantae	Streptophyta	Magnoliopsida	Sapindales	Simaroubaceae	Simarouba		Simarouba amara			
202773			Viridiplantae	Streptophyta	Magnoliopsida	Brassicales	Capparaceae	Capparidastrum		Capparidastrum frondosum			
20145			Viridiplantae	Streptophyta	Magnoliopsida	Malpighiales	Putranjivaceae	Drypetes					
63801			Viridiplantae	Streptophyta	Magnoliopsida	Laurales	Lauraceae	Ocotea					
241854			Viridiplantae	Streptophyta	Magnoliopsida	Rosales	Urticaceae	Cecropia		Cecropia insignis			
681448			Viridiplantae	Streptophyta	Magnoliopsida	Malpighiales	Chrysobalanaceae	Hirtella		Hirtella triandra			
77880			Viridiplantae	Streptophyta	Magnoliopsida	Gentianales	Rubiaceae	Carapichea		Carapichea ipecacuanha			
486071			Viridiplantae	Streptophyta	Magnoliopsida	Fabales	Fabaceae	Inga		Inga nobilis			
681486			Viridiplantae	Streptophyta	Magnoliopsida	Malpighiales	Violaceae	Rinorea		Rinorea sylvatica			
681400			Viridiplantae	Streptophyta	Magnoliopsida	Malpighiales	Euphorbiaceae	Acalypha		Acalypha diversifolia			
156481			Viridiplantae	Streptophyta	Magnoliopsida	Malpighiales	Clusiaceae	Garcinia		Garcinia intermedia			
241920			Viridiplantae	Streptophyta	Magnoliopsida	Rosales	Moraceae	Sorocea		Sorocea affinis			
263291			Viridiplantae	Streptophyta	Magnoliopsida	Myrtales	Melastomataceae	Miconia		Miconia argentea			
60050			Viridiplantae	Streptophyta	Magnoliopsida	Gentianales	Rubiaceae	Faramea		Faramea occidentalis			
681463			Viridiplantae	Streptophyta	Magnoliopsida	Myrtales	Melastomataceae	Miconia		Miconia hondurensis			
681436			Viridiplantae	Streptophyta	Magnoliopsida	Myrtales	Myrtaceae	Eugenia		Eugenia coloradoensis			
450040			Viridiplantae	Streptophyta	Magnoliopsida	Fabales	Fabaceae	Pterocarpus		Pterocarpus rohrii			
489013			Viridiplantae	Streptophyta	Magnoliopsida	Laurales	Lauraceae	Beilschmiedia		Beilschmiedia pendula			
203050			Viridiplantae	Streptophyta	Magnoliopsida	Gentianales	Rubiaceae	Randia		Randia armata			
681426			Viridiplantae	Streptophyta	Magnoliopsida	Boraginales	Cordiaceae	Cordia		Cordia lasiocalyx			
247899			Viridiplantae	Streptophyta	Magnoliopsida	Fabales	Fabaceae	Inga		Inga punctata			
486076			Viridiplantae	Streptophyta	Magnoliopsida	Fabales	Fabaceae	Inga		Inga ruiziana			
486084			Viridiplantae	Streptophyta	Magnoliopsida	Fabales	Fabaceae	Inga		Inga spectabilis			
486078			Viridiplantae	Streptophyta	Magnoliopsida	Fabales	Fabaceae	Inga		Inga sapindoides			
263301			Viridiplantae	Streptophyta	Magnoliopsida	Myrtales	Melastomataceae	Miconia		Miconia impetiolaris			
427217			Viridiplantae	Streptophyta	Magnoliopsida	Myrtales	Melastomataceae	Miconia		Miconia affinis			
681462			Viridiplantae	Streptophyta	Magnoliopsida	Myrtales	Melastomataceae	Miconia		Miconia dorsiloba			
450273			Viridiplantae	Streptophyta	Magnoliopsida	Fabales	Fabaceae	Swartzia		Swartzia simplex	Swartzia simplex var. continentalis		
681493			Viridiplantae	Streptophyta	Magnoliopsida	Ericales	Primulaceae	Stylogyne		Stylogyne turbacensis			
482942			Viridiplantae	Streptophyta	Magnoliopsida	Malpighiales	Violaceae	Pombalia		Pombalia prunifolia			
2884811			Viridiplantae	Streptophyta	Magnoliopsida	Myrtales	Melastomataceae	Miconia		Miconia trichocalyx			
477065			Viridiplantae	Streptophyta	Magnoliopsida	Myrtales	Melastomataceae	Miconia		Miconia elata			
564598			Viridiplantae	Streptophyta	Magnoliopsida	Gentianales	Rubiaceae	Psychotria		Psychotria psychotriifolia			
486087			Viridiplantae	Streptophyta	Magnoliopsida	Fabales	Fabaceae	Inga		Inga thibaudiana			
3090009			Viridiplantae	Streptophyta	Magnoliopsida	Fabales	Fabaceae	Inga		Inga mucuna			
511538			Viridiplantae	Streptophyta	Magnoliopsida	Piperales	Piperaceae	Piper		Piper colonense			
130409			Viridiplantae	Streptophyta	Magnoliopsida	Piperales	Piperaceae	Piper		Piper peltatum			
538345			Viridiplantae	Streptophyta	Magnoliopsida	Piperales	Piperaceae	Piper		Piper schiedeanum			
106620			Viridiplantae	Streptophyta	Magnoliopsida	Malpighiales	Rhizophoraceae	Cassipourea		Cassipourea elliptica			
58385			Viridiplantae	Streptophyta	Magnoliopsida	Gentianales	Rubiaceae	Psychotria		Psychotria poeppigiana			
427154			Viridiplantae	Streptophyta	Magnoliopsida	Myrtales	Melastomataceae	Miconia		Miconia dentata			
13215			Viridiplantae	Streptophyta	Magnoliopsida	Piperales	Piperaceae	Piper					
100171			Viridiplantae	Streptophyta	Magnoliopsida	Fabales	Fabaceae	Swartzia		Swartzia simplex			
263288			Viridiplantae	Streptophyta	Magnoliopsida	Myrtales	Melastomataceae	Miconia					
681484			Viridiplantae	Streptophyta	Magnoliopsida	Malvales	Malvaceae	Quararibea		Quararibea asterolepis			
486073			Viridiplantae	Streptophyta	Magnoliopsida	Fabales	Fabaceae	Inga		Inga oerstediana			
489023			Viridiplantae	Streptophyta	Magnoliopsida	Laurales	Lauraceae	Ocotea		Ocotea puberula			
487684			Viridiplantae	Streptophyta	Magnoliopsida	Fabales	Fabaceae	Inga		Inga laurina			
1930895			Viridiplantae	Streptophyta	Magnoliopsida	Laurales	Lauraceae	Ocotea		Ocotea purpurea			
486059			Viridiplantae	Streptophyta	Magnoliopsida	Fabales	Fabaceae	Inga		Inga goldmanii			
77872			Viridiplantae	Streptophyta	Magnoliopsida	Gentianales	Rubiaceae	Psychotria		Psychotria chagrensis			
681483			Viridiplantae	Streptophyta	Magnoliopsida	Gentianales	Rubiaceae	Palicourea		Palicourea cyanococca			
263308			Viridiplantae	Streptophyta	Magnoliopsida	Myrtales	Melastomataceae	Miconia		Miconia prasina			
538325			Viridiplantae	Streptophyta	Magnoliopsida	Piperales	Piperaceae	Piper		Piper perlasense			
130381			Viridiplantae	Streptophyta	Magnoliopsida	Piperales	Piperaceae	Piper		Piper arboreum			
405316			Viridiplantae	Streptophyta	Magnoliopsida	Piperales	Piperaceae	Piper		Piper aequale			
681478			Viridiplantae	Streptophyta	Magnoliopsida	Sapindales	Burseraceae	Protium		Protium confusum			
681479			Viridiplantae	Streptophyta	Magnoliopsida	Sapindales	Burseraceae	Protium		Protium costaricense			
681459			Viridiplantae	Streptophyta	Magnoliopsida	Rosales	Moraceae	Maquira		Maquira guianensis			
681430			Viridiplantae	Streptophyta	Magnoliopsida	Sapindales	Sapindaceae	Cupania		Cupania seemannii			
155637			Viridiplantae	Streptophyta	Magnoliopsida	Sapindales	Meliaceae	Guarea		Guarea guidonia			
681495			Viridiplantae	Streptophyta	Magnoliopsida	Fabales	Fabaceae	Tachigali		Tachigali versicolor			
263242			Viridiplantae	Streptophyta	Magnoliopsida	Myrtales	Melastomataceae	Miconia		Miconia octona			
486092			Viridiplantae	Streptophyta	Magnoliopsida	Fabales	Fabaceae	Inga		Inga vera			
486075			Viridiplantae	Streptophyta	Magnoliopsida	Fabales	Fabaceae	Inga		Inga pezizifera			
405321			Viridiplantae	Streptophyta	Magnoliopsida	Piperales	Piperaceae	Piper		Piper cordulatum			
486055			Viridiplantae	Streptophyta	Magnoliopsida	Fabales	Fabaceae	Inga		Inga cocleensis			
246834			Viridiplantae	Streptophyta	Magnoliopsida	Sapindales	Burseraceae	Protium		Protium tenuifolium			
681412			Viridiplantae	Streptophyta	Magnoliopsida	Gentianales	Apocynaceae	Aspidosperma		Aspidosperma spruceanum			
287593			Viridiplantae	Streptophyta	Magnoliopsida	Magnoliales	Annonaceae	Anaxagorea		Anaxagorea panamensis			
638922			Viridiplantae	Streptophyta	Magnoliopsida	Sapindales	Anacardiaceae	Anacardium		Anacardium excelsum			
681408			Viridiplantae	Streptophyta	Magnoliopsida	Malvales	Malvaceae	Apeiba		Apeiba membranacea			
194253			Viridiplantae	Streptophyta	Magnoliopsida	Rosales	Moraceae	Brosimum		Brosimum alicastrum			
93751			Viridiplantae	Streptophyta	Magnoliopsida	Malvales	Malvaceae	Cavanillesia		Cavanillesia platanifolia			
193163			Viridiplantae	Streptophyta	Magnoliopsida	Malvales	Malvaceae	Ceiba		Ceiba pentandra			
681432			Viridiplantae	Streptophyta	Magnoliopsida	Fabales	Fabaceae	Dipteryx		Dipteryx oleifera			
681442			Viridiplantae	Streptophyta	Magnoliopsida	Sapindales	Meliaceae	Guarea		Guarea grandifolia			
597304			Viridiplantae	Streptophyta	Magnoliopsida	Malpighiales	Phyllanthaceae	Hieronyma		Hieronyma alchorneoides			
99294			Viridiplantae	Streptophyta	Magnoliopsida	Malpighiales	Euphorbiaceae	Hura		Hura crepitans			
228396			Viridiplantae	Streptophyta	Magnoliopsida	Lamiales	Bignoniaceae	Jacaranda		Jacaranda copaia			
45194			Viridiplantae	Streptophyta	Magnoliopsida	Malvales	Malvaceae	Luehea		Luehea seemannii			
115002			Viridiplantae	Streptophyta	Magnoliopsida	Fabales	Fabaceae	Platypodium		Platypodium elegans			
681488			Viridiplantae	Streptophyta	Magnoliopsida	Oxalidales	Elaeocarpaceae	Sloanea		Sloanea terniflora			
429699			Viridiplantae	Streptophyta	Magnoliopsida	Lamiales	Bignoniaceae	Handroanthus		Handroanthus guayacan			
3655			Viridiplantae	Streptophyta	Magnoliopsida	Cucurbitales	Cucurbitaceae	Cucumis					
4107			Viridiplantae	Streptophyta	Magnoliopsida	Solanales	Solanaceae	Solanum					
4682			Viridiplantae	Streptophyta	Magnoliopsida	Asparagales	Amaryllidaceae	Allium		Allium sativum			
3493			Viridiplantae	Streptophyta	Magnoliopsida	Rosales	Moraceae	Ficus					
3705			Viridiplantae	Streptophyta	Magnoliopsida	Brassicales	Brassicaceae	Brassica					
3653			Viridiplantae	Streptophyta	Magnoliopsida	Cucurbitales	Cucurbitaceae	Citrullus					
3766			Viridiplantae	Streptophyta	Magnoliopsida	Rosales	Rosaceae	Pyrus					
140311			Viridiplantae	Streptophyta	Magnoliopsida	Rosales	Rosaceae	Prunus		Prunus cerasus			
3754			Viridiplantae	Streptophyta	Magnoliopsida	Rosales	Rosaceae	Prunus					
39350			Viridiplantae	Streptophyta	Magnoliopsida	Lamiales	Lamiaceae	Ocimum		Ocimum basilicum			
3603	rosids incertae sedis		Viridiplantae	Streptophyta	Magnoliopsida	Vitales	Vitaceae	Vitis					
4235			Viridiplantae	Streptophyta	Magnoliopsida	Asterales	Asteraceae	Lactuca					
13749			Viridiplantae	Streptophyta	Magnoliopsida	Ericales	Ericaceae	Vaccinium					
3562			Viridiplantae	Streptophyta	Magnoliopsida	Caryophyllales	Chenopodiaceae	Spinacia		Spinacia oleracea			
3712			Viridiplantae	Streptophyta	Magnoliopsida	Brassicales	Brassicaceae	Brassica		Brassica oleracea			
4527			Viridiplantae	Streptophyta	Magnoliopsida	Poales	Poaceae	Oryza					
23461			Viridiplantae	Streptophyta	Magnoliopsida	Sapindales	Anacardiaceae	Mangifera					
4071			Viridiplantae	Streptophyta	Magnoliopsida	Solanales	Solanaceae	Capsicum					
3883			Viridiplantae	Streptophyta	Magnoliopsida	Fabales	Fabaceae	Phaseolus					
39177			Viridiplantae	Streptophyta	Magnoliopsida	Lamiales	Lamiaceae	Salvia	Salvia subgen. Rosmarinus				
39169			Viridiplantae	Streptophyta	Magnoliopsida	Lamiales	Lamiaceae	Lavandula					
3746			Viridiplantae	Streptophyta	Magnoliopsida	Rosales	Rosaceae	Fragaria					
4678			Viridiplantae	Streptophyta	Magnoliopsida	Asparagales	Amaryllidaceae	Allium					
4685			Viridiplantae	Streptophyta	Magnoliopsida	Asparagales	Asparagaceae	Asparagus					
161934			Viridiplantae	Streptophyta	Magnoliopsida	Caryophyllales	Chenopodiaceae	Beta		Beta vulgaris			
4046			Viridiplantae	Streptophyta	Magnoliopsida	Apiales	Apiaceae	Coriandrum					
4575	Andropogonodae		Viridiplantae	Streptophyta	Magnoliopsida	Poales	Poaceae	Zea					
3887			Viridiplantae	Streptophyta	Magnoliopsida	Fabales	Fabaceae	Lathyrus					
4039			Viridiplantae	Streptophyta	Magnoliopsida	Apiales	Apiaceae	Daucus		Daucus carota			
19151			Viridiplantae	Streptophyta	Magnoliopsida	Brassicales	Brassicaceae	Eruca					
3337			Viridiplantae	Streptophyta	Pinopsida	Pinales	Pinaceae	Pinus					
94328			Viridiplantae	Streptophyta	Magnoliopsida	Zingiberales	Zingiberaceae	Zingiber		Zingiber officinale			
3561			Viridiplantae	Streptophyta	Magnoliopsida	Caryophyllales	Chenopodiaceae	Spinacia					
4038			Viridiplantae	Streptophyta	Magnoliopsida	Apiales	Apiaceae	Daucus					
4019			Viridiplantae	Streptophyta	Magnoliopsida	Brassicales	Tropaeolaceae	Tropaeolum					
4145			Viridiplantae	Streptophyta	Magnoliopsida	Lamiales	Oleaceae	Olea					
171929			Viridiplantae	Streptophyta	Magnoliopsida	Sapindales	Anacardiaceae	Anacardium		Anacardium occidentale			
154467			Viridiplantae	Streptophyta	Magnoliopsida	Arecales	Arecaceae	Bactris		Bactris gasipaes			
227721			Viridiplantae	Streptophyta	Magnoliopsida	Solanales	Solanaceae	Solanum		Solanum sessiliflorum			
108881			Viridiplantae	Streptophyta	Magnoliopsida	Malvales	Malvaceae	Theobroma		Theobroma grandiflorum			
93293			Viridiplantae	Streptophyta	Magnoliopsida	Arecales	Arecaceae	Mauritia		Mauritia flexuosa			
283210			Viridiplantae	Streptophyta	Magnoliopsida	Rosales	Rosaceae	Malus		Malus pumila			
3750			Viridiplantae	Streptophyta	Magnoliopsida	Rosales	Rosaceae	Malus		Malus domestica			
16718			Viridiplantae	Streptophyta	Magnoliopsida	Fagales	Juglandaceae	Juglans					
4530			Viridiplantae	Streptophyta	Magnoliopsida	Poales	Poaceae	Oryza		Oryza sativa			
3826			Viridiplantae	Streptophyta	Magnoliopsida	Fabales	Fabaceae	Cicer					
3888			Viridiplantae	Streptophyta	Magnoliopsida	Fabales	Fabaceae	Lathyrus		Lathyrus oleraceus			
4044			Viridiplantae	Streptophyta	Magnoliopsida	Apiales	Apiaceae	Apium					
4650			Viridiplantae	Streptophyta	Magnoliopsida	Zingiberales	Zingiberaceae	Zingiber					
23216	Rosoideae incertae sedis		Viridiplantae	Streptophyta	Magnoliopsida	Rosales	Rosaceae	Rubus					
13394			Viridiplantae	Streptophyta	Magnoliopsida	Brassicales	Capparaceae	Capparis					
49212	Salvia incertae sedis		Viridiplantae	Streptophyta	Magnoliopsida	Lamiales	Lamiaceae	Salvia		Salvia hispanica			
4549	Triticodae		Viridiplantae	Streptophyta	Magnoliopsida	Poales	Poaceae	Secale					
4496	Poodae		Viridiplantae	Streptophyta	Magnoliopsida	Poales	Poaceae	Avena					
4012			Viridiplantae	Streptophyta	Magnoliopsida	Sapindales	Anacardiaceae	Rhus					
178174			Viridiplantae	Streptophyta	Magnoliopsida	Myrtales	Myrtaceae	Syzygium					
105180			Viridiplantae	Streptophyta	Magnoliopsida	Zingiberales	Zingiberaceae	Elettaria					
99568			Viridiplantae	Streptophyta	Magnoliopsida	Zingiberales	Zingiberaceae	Curcuma					
4614			Viridiplantae	Streptophyta	Magnoliopsida	Poales	Bromeliaceae	Ananas					
4719			Viridiplantae	Streptophyta	Magnoliopsida	Arecales	Arecaceae	Phoenix					
4640			Viridiplantae	Streptophyta	Magnoliopsida	Zingiberales	Musaceae	Musa					
3725			Viridiplantae	Streptophyta	Magnoliopsida	Brassicales	Brassicaceae	Raphanus					
3846			Viridiplantae	Streptophyta	Magnoliopsida	Fabales	Fabaceae	Glycine					
3818			Viridiplantae	Streptophyta	Magnoliopsida	Fabales	Fabaceae	Arachis		Arachis hypogaea			
3468			Viridiplantae	Streptophyta	Magnoliopsida	Ranunculales	Papaveraceae	Papaver					
4182			Viridiplantae	Streptophyta	Magnoliopsida	Lamiales	Pedaliaceae	Sesamum		Sesamum indicum			
3817			Viridiplantae	Streptophyta	Magnoliopsida	Fabales	Fabaceae	Arachis					
4564	Triticodae		Viridiplantae	Streptophyta	Magnoliopsida	Poales	Poaceae	Triticum					
3764	Rosoideae incertae sedis		Viridiplantae	Streptophyta	Magnoliopsida	Rosales	Rosaceae	Rosa					
21819			Viridiplantae	Streptophyta	Magnoliopsida	Lamiales	Lamiaceae	Mentha					
39174			Viridiplantae	Streptophyta	Magnoliopsida	Lamiales	Lamiaceae	Origanum					
13426			Viridiplantae	Streptophyta	Magnoliopsida	Asterales	Asteraceae	Cichorium					
3554			Viridiplantae	Streptophyta	Magnoliopsida	Caryophyllales	Chenopodiaceae	Beta					
4615			Viridiplantae	Streptophyta	Magnoliopsida	Poales	Bromeliaceae	Ananas		Ananas comosus			
55513			Viridiplantae	Streptophyta	Magnoliopsida	Sapindales	Anacardiaceae	Pistacia		Pistacia vera			
3755			Viridiplantae	Streptophyta	Magnoliopsida	Rosales	Rosaceae	Prunus		Prunus dulcis			
4565	Triticodae		Viridiplantae	Streptophyta	Magnoliopsida	Poales	Poaceae	Triticum		Triticum aestivum			
39352			Viridiplantae	Streptophyta	Magnoliopsida	Lamiales	Lamiaceae	Origanum		Origanum vulgare			
4043			Viridiplantae	Streptophyta	Magnoliopsida	Apiales	Apiaceae	Petroselinum		Petroselinum crispum			
24663			Viridiplantae	Streptophyta	Magnoliopsida	Solanales	Solanaceae	Physalis					
3660			Viridiplantae	Streptophyta	Magnoliopsida	Cucurbitales	Cucurbitaceae	Cucurbita					
3434			Viridiplantae	Streptophyta	Magnoliopsida	Laurales	Lauraceae	Persea					
3659			Viridiplantae	Streptophyta	Magnoliopsida	Cucurbitales	Cucurbitaceae	Cucumis		Cucumis sativus			
4219			Viridiplantae	Streptophyta	Magnoliopsida	Asterales	Asteraceae	Artemisia					
49990			Viridiplantae	Streptophyta	Magnoliopsida	Lamiales	Lamiaceae	Thymus					
4119			Viridiplantae	Streptophyta	Magnoliopsida	Solanales	Convolvulaceae	Ipomoea					
4042			Viridiplantae	Streptophyta	Magnoliopsida	Apiales	Apiaceae	Petroselinum					
39509			Viridiplantae	Streptophyta	Magnoliopsida	Asparagales	Asparagaceae	Agave					
4513	Triticodae		Viridiplantae	Streptophyta	Magnoliopsida	Poales	Poaceae	Hordeum		Hordeum vulgare			
51238			Viridiplantae	Streptophyta	Magnoliopsida	Asparagales	Orchidaceae	Vanilla					
171928			Viridiplantae	Streptophyta	Magnoliopsida	Sapindales	Anacardiaceae	Anacardium					
4567	Triticodae		Viridiplantae	Streptophyta	Magnoliopsida	Poales	Poaceae	Triticum		Triticum turgidum		Triticum turgidum subsp. durum	
4005			Viridiplantae	Streptophyta	Magnoliopsida	Malpighiales	Linaceae	Linum					
4181			Viridiplantae	Streptophyta	Magnoliopsida	Lamiales	Pedaliaceae	Sesamum					
3482			Viridiplantae	Streptophyta	Magnoliopsida	Rosales	Cannabaceae	Cannabis					
39173			Viridiplantae	Streptophyta	Magnoliopsida	Lamiales	Lamiaceae	Ocimum					
141330			Viridiplantae	Streptophyta	Magnoliopsida	Lamiales	Acanthaceae	Rungia					
48037			Viridiplantae	Streptophyta	Magnoliopsida	Apiales	Apiaceae	Foeniculum					
39170			Viridiplantae	Streptophyta	Magnoliopsida	Lamiales	Lamiaceae	Melissa					
65947			Viridiplantae	Streptophyta	Magnoliopsida	Brassicales	Brassicaceae	Nasturtium					
21880			Viridiplantae	Streptophyta	Magnoliopsida	Lamiales	Lamiaceae	Salvia					
13362			Viridiplantae	Streptophyta	Magnoliopsida	Boraginales	Boraginaceae	Borago					
59430			Viridiplantae	Streptophyta	Magnoliopsida	Asterales	Asteraceae	Helichrysum					
40921			Viridiplantae	Streptophyta	Magnoliopsida	Apiales	Apiaceae	Anethum					
13707			Viridiplantae	Streptophyta	Magnoliopsida	Asterales	Asteraceae	Tagetes					
120289	Pimenta group		Viridiplantae	Streptophyta	Magnoliopsida	Myrtales	Myrtaceae	Psidium					
3663			Viridiplantae	Streptophyta	Magnoliopsida	Cucurbitales	Cucurbitaceae	Cucurbita		Cucurbita pepo			
3648			Viridiplantae	Streptophyta	Magnoliopsida	Brassicales	Caricaceae	Carica					
49225	Triticodae		Viridiplantae	Streptophyta	Magnoliopsida	Poales	Poaceae	Triticum		Triticum turgidum		Triticum turgidum subsp. dicoccum	
3864			Viridiplantae	Streptophyta	Magnoliopsida	Fabales	Fabaceae	Lens		Lens culinaris			
3847			Viridiplantae	Streptophyta	Magnoliopsida	Fabales	Fabaceae	Glycine	Glycine subgen. Soja	Glycine max			
3914			Viridiplantae	Streptophyta	Magnoliopsida	Fabales	Fabaceae	Vigna		Vigna angularis			
29780			Viridiplantae	Streptophyta	Magnoliopsida	Sapindales	Anacardiaceae	Mangifera		Mangifera indica			
32247	Rosoideae incertae sedis		Viridiplantae	Streptophyta	Magnoliopsida	Rosales	Rosaceae	Rubus		Rubus idaeus			
211815	Rosoideae incertae sedis		Viridiplantae	Streptophyta	Magnoliopsida	Rosales	Rosaceae	Rubus		Rubus fruticosus			
3885			Viridiplantae	Streptophyta	Magnoliopsida	Fabales	Fabaceae	Phaseolus		Phaseolus vulgaris			
13894			Viridiplantae	Streptophyta	Magnoliopsida	Arecales	Arecaceae	Cocos		Cocos nucifera			
3558			Viridiplantae	Streptophyta	Magnoliopsida	Caryophyllales	Chenopodiaceae	Chenopodium					
3884			Viridiplantae	Streptophyta	Magnoliopsida	Fabales	Fabaceae	Phaseolus		Phaseolus lunatus			
4498	Poodae		Viridiplantae	Streptophyta	Magnoliopsida	Poales	Poaceae	Avena		Avena sativa			
4541	Panicodae		Viridiplantae	Streptophyta	Magnoliopsida	Poales	Poaceae	Pennisetum					
3564			Viridiplantae	Streptophyta	Magnoliopsida	Caryophyllales	Amaranthaceae	Amaranthus					
3913			Viridiplantae	Streptophyta	Magnoliopsida	Fabales	Fabaceae	Vigna					
4233			Viridiplantae	Streptophyta	Magnoliopsida	Asterales	Asteraceae	Helianthus		Helianthus tuberosus			
4460			Viridiplantae	Streptophyta	Magnoliopsida	Alismatales	Araceae	Colocasia		Colocasia esculenta			
106975			Viridiplantae	Streptophyta	Magnoliopsida	Caryophyllales	Cactaceae	Opuntia					
85222			Viridiplantae	Streptophyta	Magnoliopsida	Laurales	Lauraceae	Laurus					
3486			Viridiplantae	Streptophyta	Magnoliopsida	Rosales	Cannabaceae	Humulus		Humulus lupulus			
36609			Viridiplantae	Streptophyta	Magnoliopsida	Rosales	Rosaceae	Cydonia					
4528			Viridiplantae	Streptophyta	Magnoliopsida	Poales	Poaceae	Oryza		Oryza longistaminata			
4232			Viridiplantae	Streptophyta	Magnoliopsida	Asterales	Asteraceae	Helianthus		Helianthus annuus			
32201			Viridiplantae	Streptophyta	Magnoliopsida	Fagales	Juglandaceae	Carya		Carya illinoinensis			
83725			Viridiplantae	Streptophyta	Magnoliopsida	Proteales	Proteaceae	Macadamia		Macadamia jansenii			
3645			Viridiplantae	Streptophyta	Magnoliopsida	Ericales	Lecythidaceae	Bertholletia		Bertholletia excelsa			
13428			Viridiplantae	Streptophyta	Magnoliopsida	Laurales	Lauraceae	Cinnamomum					
51088			Viridiplantae	Streptophyta	Magnoliopsida	Magnoliales	Myristicaceae	Myristica					
78168			Viridiplantae	Streptophyta	Magnoliopsida	Malpighiales	Passifloraceae	Passiflora		Passiflora edulis			
3827			Viridiplantae	Streptophyta	Magnoliopsida	Fabales	Fabaceae	Cicer		Cicer arietinum			
3684			Viridiplantae	Streptophyta	Magnoliopsida	Malpighiales	Passifloraceae	Passiflora					
3760			Viridiplantae	Streptophyta	Magnoliopsida	Rosales	Rosaceae	Prunus		Prunus persica			
375274	Pimenta group		Viridiplantae	Streptophyta	Magnoliopsida	Myrtales	Myrtaceae	Psidium		Psidium cattleyanum			
482947	Pimenta group		Viridiplantae	Streptophyta	Magnoliopsida	Myrtales	Myrtaceae	Psidium		Psidium cattleyanum	Psidium cattleyanum var. littorale		
23211			Viridiplantae	Streptophyta	Magnoliopsida	Rosales	Rosaceae	Pyrus		Pyrus communis			
4264			Viridiplantae	Streptophyta	Magnoliopsida	Asterales	Asteraceae	Cynara					
4045			Viridiplantae	Streptophyta	Magnoliopsida	Apiales	Apiaceae	Apium		Apium graveolens			
49743			Viridiplantae	Streptophyta	Magnoliopsida	Asterales	Asteraceae	Taraxacum					
4672			Viridiplantae	Streptophyta	Magnoliopsida	Dioscoreales	Dioscoreaceae	Dioscorea					
58228			Viridiplantae	Streptophyta	Magnoliopsida	Malpighiales	Clusiaceae	Garcinia		Garcinia mangostana			
176265			Viridiplantae	Streptophyta	Magnoliopsida	Caryophyllales	Cactaceae	Selenicereus		Selenicereus undatus			
4047			Viridiplantae	Streptophyta	Magnoliopsida	Apiales	Apiaceae	Coriandrum		Coriandrum sativum			
58168	Bambusodae		Viridiplantae	Streptophyta	Magnoliopsida	Poales	Poaceae	Bambusa		Bambusa vulgaris			
159033			Viridiplantae	Streptophyta	Magnoliopsida	Sapindales	Rutaceae	Citrus		Citrus x aurantiifolia			
94327			Viridiplantae	Streptophyta	Magnoliopsida	Zingiberales	Zingiberaceae	Alpinia		Alpinia galanga			
66014	Andropogonodae		Viridiplantae	Streptophyta	Magnoliopsida	Poales	Poaceae	Cymbopogon		Cymbopogon citratus			
40922			Viridiplantae	Streptophyta	Magnoliopsida	Apiales	Apiaceae	Anethum		Anethum graveolens			
3656			Viridiplantae	Streptophyta	Magnoliopsida	Cucurbitales	Cucurbitaceae	Cucumis		Cucumis melo			
4430			Viridiplantae	Streptophyta	Magnoliopsida	Proteales	Nelumbonaceae	Nelumbo					
15957	Poodae		Viridiplantae	Streptophyta	Magnoliopsida	Poales	Poaceae	Phleum		Phleum pratense			
105181			Viridiplantae	Streptophyta	Magnoliopsida	Zingiberales	Zingiberaceae	Elettaria		Elettaria cardamomum			
3917			Viridiplantae	Streptophyta	Magnoliopsida	Fabales	Fabaceae	Vigna		Vigna unguiculata			
15949			Viridiplantae	Streptophyta	Magnoliopsida	Poales	Poaceae	Zizania					
3617			Viridiplantae	Streptophyta	Magnoliopsida	Caryophyllales	Polygonaceae	Fagopyrum		Fagopyrum esculentum			
4236			Viridiplantae	Streptophyta	Magnoliopsida	Asterales	Asteraceae	Lactuca		Lactuca sativa			
22662			Viridiplantae	Streptophyta	Magnoliopsida	Myrtales	Lythraceae	Punica					
54829			Viridiplantae	Streptophyta	Magnoliopsida	Apiales	Apiaceae	Ferula		Ferula communis			
4147			Viridiplantae	Streptophyta	Magnoliopsida	Lamiales	Oleaceae	Jasminum					
4547	Saccharum officinarum species complex		Viridiplantae	Streptophyta	Magnoliopsida	Poales	Poaceae	Saccharum		Saccharum officinarum			
184783			Viridiplantae	Streptophyta	Magnoliopsida	Arecales	Arecaceae	Areca		Areca catechu			
3435			Viridiplantae	Streptophyta	Magnoliopsida	Laurales	Lauraceae	Persea		Persea americana			
4679			Viridiplantae	Streptophyta	Magnoliopsida	Asparagales	Amaryllidaceae	Allium		Allium cepa			
35925			Viridiplantae	Streptophyta	Magnoliopsida	Ericales	Ebenaceae	Diospyros		Diospyros kaki			
55188			Viridiplantae	Streptophyta	Magnoliopsida	Sapindales	Rutaceae	Citrus		Citrus unshiu			
3758			Viridiplantae	Streptophyta	Magnoliopsida	Rosales	Rosaceae	Prunus		Prunus domestica			
3915			Viridiplantae	Streptophyta	Magnoliopsida	Fabales	Fabaceae	Vigna		Vigna mungo			
157791			Viridiplantae	Streptophyta	Magnoliopsida	Fabales	Fabaceae	Vigna		Vigna radiata			
3627			Viridiplantae	Streptophyta	Magnoliopsida	Ericales	Actinidiaceae	Actinidia		Actinidia deliciosa			
3747			Viridiplantae	Streptophyta	Magnoliopsida	Rosales	Rosaceae	Fragaria		Fragaria x ananassa			
115440			Viridiplantae	Streptophyta	Magnoliopsida	Arecales	Arecaceae	Areca					
13451			Viridiplantae	Streptophyta	Magnoliopsida	Fagales	Betulaceae	Corylus		Corylus avellana			
3906			Viridiplantae	Streptophyta	Magnoliopsida	Fabales	Fabaceae	Vicia		Vicia faba			
3860			Viridiplantae	Streptophyta	Magnoliopsida	Fabales	Fabaceae	Lathyrus		Lathyrus sativus			
51089			Viridiplantae	Streptophyta	Magnoliopsida	Magnoliales	Myristicaceae	Myristica		Myristica fragrans			
49827			Viridiplantae	Streptophyta	Magnoliopsida	Fabales	Fabaceae	Glycyrrhiza		Glycyrrhiza glabra			
380129			Viridiplantae	Streptophyta	Magnoliopsida	Sapindales	Rutaceae	Citrus		Citrus bergamia			
113208			Viridiplantae	Streptophyta	Magnoliopsida	Solanales	Solanaceae	Physalis		Physalis angulata			
32202			Viridiplantae	Streptophyta	Magnoliopsida	Rosales	Moraceae	Morus		Morus rubra			
3621			Viridiplantae	Streptophyta	Magnoliopsida	Caryophyllales	Polygonaceae	Rheum		Rheum rhabarbarum			
3616			Viridiplantae	Streptophyta	Magnoliopsida	Caryophyllales	Polygonaceae	Fagopyrum					
3879			Viridiplantae	Streptophyta	Magnoliopsida	Fabales	Fabaceae	Medicago		Medicago sativa			
13100			Viridiplantae	Streptophyta	Pinopsida	Cupressales	Cupressaceae	Juniperus					
85223			Viridiplantae	Streptophyta	Magnoliopsida	Laurales	Lauraceae	Laurus		Laurus nobilis			
22663			Viridiplantae	Streptophyta	Magnoliopsida	Myrtales	Lythraceae	Punica		Punica granatum			
271192			Viridiplantae	Streptophyta	Magnoliopsida	Apiales	Apiaceae	Pimpinella		Pimpinella anisum			
2849586			Viridiplantae	Streptophyta	Magnoliopsida	Apiales	Apiaceae	Anethum		Anethum foeniculum			
36596			Viridiplantae	Streptophyta	Magnoliopsida	Rosales	Rosaceae	Prunus		Prunus armeniaca			
82528			Viridiplantae	Streptophyta	Magnoliopsida	Asparagales	Iridaceae	Crocus		Crocus sativus			
109170			Viridiplantae	Streptophyta	Magnoliopsida	Fabales	Fabaceae	Pachyrhizus					
3711			Viridiplantae	Streptophyta	Magnoliopsida	Brassicales	Brassicaceae	Brassica		Brassica rapa			
76966			Viridiplantae	Streptophyta	Magnoliopsida	Sapindales	Rutaceae	Citrus		Citrus japonica			
115466			Viridiplantae	Streptophyta	Magnoliopsida	Arecales	Arecaceae	Euterpe		Euterpe oleracea			
126903			Viridiplantae	Streptophyta	Magnoliopsida	Solanales	Solanaceae	Physalis		Physalis peruviana			
13443			Viridiplantae	Streptophyta	Magnoliopsida	Gentianales	Rubiaceae	Coffea		Coffea arabica			
49390			Viridiplantae	Streptophyta	Magnoliopsida	Gentianales	Rubiaceae	Coffea		Coffea canephora			
185202			Viridiplantae	Streptophyta	Magnoliopsida	Asterales	Asteraceae	Smallanthus		Smallanthus sonchifolius			
59170			Viridiplantae	Streptophyta	Magnoliopsida	Dipsacales	Caprifoliaceae	Valeriana		Valeriana jatamansi			
1816319			Viridiplantae	Streptophyta	Magnoliopsida	Malpighiales	Malpighiaceae	Amorimia		Amorimia concinna			
1816315			Viridiplantae	Streptophyta	Magnoliopsida	Malpighiales	Malpighiaceae	Amorimia		Amorimia coriacea			
151786			Viridiplantae	Streptophyta	Magnoliopsida	Malpighiales	Malpighiaceae	Acmanthera		Acmanthera latifolia			
217129			Viridiplantae	Streptophyta	Magnoliopsida	Malpighiales	Malpighiaceae	Acridocarpus		Acridocarpus smeathmannii			
212253			Viridiplantae	Streptophyta	Magnoliopsida	Malpighiales	Malpighiaceae	Aenigmatanthera		Aenigmatanthera lasiandra			
1561394			Viridiplantae	Streptophyta	Magnoliopsida	Malpighiales	Malpighiaceae	Alicia					
1816314			Viridiplantae	Streptophyta	Magnoliopsida	Malpighiales	Malpighiaceae	Amorimia		Amorimia andersonii			
1561738			Viridiplantae	Streptophyta	Magnoliopsida	Malpighiales	Malpighiaceae	Banisteriopsis		Banisteriopsis anisandra			
1561740			Viridiplantae	Streptophyta	Magnoliopsida	Malpighiales	Malpighiaceae	Banisteriopsis		Banisteriopsis campestris			
1816320			Viridiplantae	Streptophyta	Magnoliopsida	Malpighiales	Malpighiaceae	Amorimia		Amorimia pubiflora			
1561735			Viridiplantae	Streptophyta	Magnoliopsida	Malpighiales	Malpighiaceae	Amorimia		Amorimia septentrionalis			
1027057			Viridiplantae	Streptophyta	Magnoliopsida	Malpighiales	Malpighiaceae	Aspicarpa		Aspicarpa harleyi			
1027063			Viridiplantae	Streptophyta	Magnoliopsida	Malpighiales	Malpighiaceae	Banisteriopsis		Banisteriopsis adenopoda			
1027065			Viridiplantae	Streptophyta	Magnoliopsida	Malpighiales	Malpighiaceae	Banisteriopsis		Banisteriopsis argyrophylla			
1561744			Viridiplantae	Streptophyta	Magnoliopsida	Malpighiales	Malpighiaceae	Banisteriopsis		Banisteriopsis megaphylla			
151794			Viridiplantae	Streptophyta	Magnoliopsida	Malpighiales	Malpighiaceae	Banisteriopsis					
1027069			Viridiplantae	Streptophyta	Magnoliopsida	Malpighiales	Malpighiaceae	Banisteriopsis		Banisteriopsis harleyi			
1027070			Viridiplantae	Streptophyta	Magnoliopsida	Malpighiales	Malpighiaceae	Banisteriopsis		Banisteriopsis laevifolia			
1561743			Viridiplantae	Streptophyta	Magnoliopsida	Malpighiales	Malpighiaceae	Banisteriopsis		Banisteriopsis malifolia			
1816322			Viridiplantae	Streptophyta	Magnoliopsida	Malpighiales	Malpighiaceae	Banisteriopsis		Banisteriopsis variabilis			
1561751			Viridiplantae	Streptophyta	Magnoliopsida	Malpighiales	Malpighiaceae	Banisteriopsis		Banisteriopsis vernoniifolia			
1027072			Viridiplantae	Streptophyta	Magnoliopsida	Malpighiales	Malpighiaceae	Banisteriopsis		Banisteriopsis muricata			
1816321			Viridiplantae	Streptophyta	Magnoliopsida	Malpighiales	Malpighiaceae	Banisteriopsis		Banisteriopsis parviglandula			
1561750			Viridiplantae	Streptophyta	Magnoliopsida	Malpighiales	Malpighiaceae	Banisteriopsis		Banisteriopsis stellaris			
1027102			Viridiplantae	Streptophyta	Magnoliopsida	Malpighiales	Malpighiaceae	Byrsonima		Byrsonima coccolobifolia			
124937			Viridiplantae	Streptophyta	Magnoliopsida	Malpighiales	Malpighiaceae	Barnebya					
151797			Viridiplantae	Streptophyta	Magnoliopsida	Malpighiales	Malpighiaceae	Blepharandra		Blepharandra heteropetala			
1027080			Viridiplantae	Streptophyta	Magnoliopsida	Malpighiales	Malpighiaceae	Blepharandra		Blepharandra hypoleuca			
1561753			Viridiplantae	Streptophyta	Magnoliopsida	Malpighiales	Malpighiaceae	Bronwenia		Bronwenia megaptera			
1027090			Viridiplantae	Streptophyta	Magnoliopsida	Malpighiales	Malpighiaceae	Bunchosia		Bunchosia glandulifera			
1561762			Viridiplantae	Streptophyta	Magnoliopsida	Malpighiales	Malpighiaceae	Bunchosia		Bunchosia montana			
1561763			Viridiplantae	Streptophyta	Magnoliopsida	Malpighiales	Malpighiaceae	Bunchosia		Bunchosia pallescens			
151798			Viridiplantae	Streptophyta	Magnoliopsida	Malpighiales	Malpighiaceae	Burdachia					
1801599			Viridiplantae	Streptophyta	Magnoliopsida	Malpighiales	Malpighiaceae	Byrsonima		Byrsonima verbascifolia			
4270			Viridiplantae	Streptophyta	Magnoliopsida	Malpighiales	Malpighiaceae	Byrsonima		Byrsonima crassifolia			
4269			Viridiplantae	Streptophyta	Magnoliopsida	Malpighiales	Malpighiaceae	Byrsonima					
1801580			Viridiplantae	Streptophyta	Magnoliopsida	Malpighiales	Malpighiaceae	Byrsonima		Byrsonima intermedia			
1472305			Viridiplantae	Streptophyta	Magnoliopsida	Malpighiales	Malpighiaceae	Byrsonima		Byrsonima ligustrifolia			
1801593			Viridiplantae	Streptophyta	Magnoliopsida	Malpighiales	Malpighiaceae	Byrsonima		Byrsonima sericea			
883765			Viridiplantae	Streptophyta	Magnoliopsida	Malpighiales	Malpighiaceae	Byrsonima		Byrsonima spicata			
1027129			Viridiplantae	Streptophyta	Magnoliopsida	Malpighiales	Malpighiaceae	Diplopterys		Diplopterys pubipetala			
1027110			Viridiplantae	Streptophyta	Magnoliopsida	Malpighiales	Malpighiaceae	Callaeum		Callaeum antifebrile			
1027114			Viridiplantae	Streptophyta	Magnoliopsida	Malpighiales	Malpighiaceae	Callaeum		Callaeum psilophyllum			
1561775			Viridiplantae	Streptophyta	Magnoliopsida	Malpighiales	Malpighiaceae	Camarea		Camarea affinis			
259653			Viridiplantae	Streptophyta	Magnoliopsida	Malpighiales	Malpighiaceae	Camarea					
151851			Viridiplantae	Streptophyta	Magnoliopsida	Malpighiales	Malpighiaceae	Carolus		Carolus chasei			
1027120			Viridiplantae	Streptophyta	Magnoliopsida	Malpighiales	Malpighiaceae	Christianella		Christianella multiglandulosa			
1801601			Viridiplantae	Streptophyta	Magnoliopsida	Malpighiales	Malpighiaceae	Diacidia		Diacidia aracaensis			
1027122			Viridiplantae	Streptophyta	Magnoliopsida	Malpighiales	Malpighiaceae	Dicella		Dicella bracteosa			
1027124			Viridiplantae	Streptophyta	Magnoliopsida	Malpighiales	Malpighiaceae	Dicella		Dicella macroptera			
151831			Viridiplantae	Streptophyta	Magnoliopsida	Malpighiales	Malpighiaceae	Heteropterys					
259658			Viridiplantae	Streptophyta	Magnoliopsida	Malpighiales	Malpighiaceae	Heteropterys		Heteropterys byrsonimifolia			
151817			Viridiplantae	Streptophyta	Magnoliopsida	Malpighiales	Malpighiaceae	Ectopopterys		Ectopopterys soejartoi			
1027132			Viridiplantae	Streptophyta	Magnoliopsida	Malpighiales	Malpighiaceae	Galphimia		Galphimia brasiliensis			
151825			Viridiplantae	Streptophyta	Magnoliopsida	Malpighiales	Malpighiaceae	Gaudichaudia		Gaudichaudia albida			
151830			Viridiplantae	Streptophyta	Magnoliopsida	Malpighiales	Malpighiaceae	Heladena		Heladena multiflora			
259657			Viridiplantae	Streptophyta	Magnoliopsida	Malpighiales	Malpighiaceae	Heteropterys		Heteropterys bicolor			
1027142			Viridiplantae	Streptophyta	Magnoliopsida	Malpighiales	Malpighiaceae	Heteropterys		Heteropterys brachiata			
176641			Viridiplantae	Streptophyta	Magnoliopsida	Malpighiales	Malpighiaceae	Heteropterys		Heteropterys leona			
259661			Viridiplantae	Streptophyta	Magnoliopsida	Malpighiales	Malpighiaceae	Heteropterys		Heteropterys chrysophylla			
151834			Viridiplantae	Streptophyta	Magnoliopsida	Malpighiales	Malpighiaceae	Hiptage		Hiptage benghalensis			
151835			Viridiplantae	Streptophyta	Magnoliopsida	Malpighiales	Malpighiaceae	Hiraea					
1027148			Viridiplantae	Streptophyta	Magnoliopsida	Malpighiales	Malpighiaceae	Heteropterys		Heteropterys leschenaultiana			
259665			Viridiplantae	Streptophyta	Magnoliopsida	Malpighiales	Malpighiaceae	Heteropterys		Heteropterys pauciflora			
1027172			Viridiplantae	Streptophyta	Magnoliopsida	Malpighiales	Malpighiaceae	Malpighia		Malpighia mexicana			
1125931			Viridiplantae	Streptophyta	Magnoliopsida	Malpighiales	Malpighiaceae	Hiraea		Hiraea reclinata			
1027163			Viridiplantae	Streptophyta	Magnoliopsida	Malpighiales	Malpighiaceae	Janusia		Janusia janusioides			
151842			Viridiplantae	Streptophyta	Magnoliopsida	Malpighiales	Malpighiaceae	Janusia		Janusia mediterranea			
151838			Viridiplantae	Streptophyta	Magnoliopsida	Malpighiales	Malpighiaceae	Janusia					
1561795			Viridiplantae	Streptophyta	Magnoliopsida	Malpighiales	Malpighiaceae	Janusia		Janusia schwannioides			
1816324			Viridiplantae	Streptophyta	Magnoliopsida	Malpighiales	Malpighiaceae	Niedenzuella		Niedenzuella multiglandulosa			
151848			Viridiplantae	Streptophyta	Magnoliopsida	Malpighiales	Malpighiaceae	Mascagnia					
151854			Viridiplantae	Streptophyta	Magnoliopsida	Malpighiales	Malpighiaceae	Mascagnia		Mascagnia sepium			
151857			Viridiplantae	Streptophyta	Magnoliopsida	Malpighiales	Malpighiaceae	Mcvaughia		Mcvaughia bahiana			
1027193			Viridiplantae	Streptophyta	Magnoliopsida	Malpighiales	Malpighiaceae	Niedenzuella		Niedenzuella acutifolia			
1027192			Viridiplantae	Streptophyta	Magnoliopsida	Malpighiales	Malpighiaceae	Niedenzuella					
1027199			Viridiplantae	Streptophyta	Magnoliopsida	Malpighiales	Malpighiaceae	Peixotoa		Peixotoa reticulata			
151862			Viridiplantae	Streptophyta	Magnoliopsida	Malpighiales	Malpighiaceae	Peixotoa					
1816325			Viridiplantae	Streptophyta	Magnoliopsida	Malpighiales	Malpighiaceae	Niedenzuella		Niedenzuella poeppigiana			
1027194			Viridiplantae	Streptophyta	Magnoliopsida	Malpighiales	Malpighiaceae	Niedenzuella		Niedenzuella sericea			
151855			Viridiplantae	Streptophyta	Magnoliopsida	Malpighiales	Malpighiaceae	Niedenzuella		Niedenzuella stannea			
1027196			Viridiplantae	Streptophyta	Magnoliopsida	Malpighiales	Malpighiaceae	Peixotoa		Peixotoa cordistipula			
151863			Viridiplantae	Streptophyta	Magnoliopsida	Malpighiales	Malpighiaceae	Peixotoa		Peixotoa glabra			
1561815			Viridiplantae	Streptophyta	Magnoliopsida	Malpighiales	Malpighiaceae	Peixotoa		Peixotoa hispidula			
1804190			Viridiplantae	Streptophyta	Magnoliopsida	Malpighiales	Malpighiaceae	Stigmaphyllon		Stigmaphyllon blanchetii			
1804191			Viridiplantae	Streptophyta	Magnoliopsida	Malpighiales	Malpighiaceae	Stigmaphyllon		Stigmaphyllon bonariense			
1561816			Viridiplantae	Streptophyta	Magnoliopsida	Malpighiales	Malpighiaceae	Peixotoa		Peixotoa tomentosa			
151869			Viridiplantae	Streptophyta	Magnoliopsida	Malpighiales	Malpighiaceae	Ptilochaeta		Ptilochaeta bahiensis			
151868			Viridiplantae	Streptophyta	Magnoliopsida	Malpighiales	Malpighiaceae	Ptilochaeta					
1027204			Viridiplantae	Streptophyta	Magnoliopsida	Malpighiales	Malpighiaceae	Sphedamnocarpus		Sphedamnocarpus angolensis			
1804184			Viridiplantae	Streptophyta	Magnoliopsida	Malpighiales	Malpighiaceae	Stigmaphyllon		Stigmaphyllon acuminatum			
1804185			Viridiplantae	Streptophyta	Magnoliopsida	Malpighiales	Malpighiaceae	Stigmaphyllon		Stigmaphyllon alternifolium			
1804186			Viridiplantae	Streptophyta	Magnoliopsida	Malpighiales	Malpighiaceae	Stigmaphyllon		Stigmaphyllon angustilobum			
1804188			Viridiplantae	Streptophyta	Magnoliopsida	Malpighiales	Malpighiaceae	Stigmaphyllon		Stigmaphyllon auriculatum			
1804197			Viridiplantae	Streptophyta	Magnoliopsida	Malpighiales	Malpighiaceae	Stigmaphyllon		Stigmaphyllon hatschbachii			
151876			Viridiplantae	Streptophyta	Magnoliopsida	Malpighiales	Malpighiaceae	Stigmaphyllon					
1804192			Viridiplantae	Streptophyta	Magnoliopsida	Malpighiales	Malpighiaceae	Stigmaphyllon		Stigmaphyllon caatingicola			
1804193			Viridiplantae	Streptophyta	Magnoliopsida	Malpighiales	Malpighiaceae	Stigmaphyllon		Stigmaphyllon cavernulosum			
1027211			Viridiplantae	Streptophyta	Magnoliopsida	Malpighiales	Malpighiaceae	Stigmaphyllon		Stigmaphyllon ciliatum			
1804194			Viridiplantae	Streptophyta	Magnoliopsida	Malpighiales	Malpighiaceae	Stigmaphyllon		Stigmaphyllon convolvulifolium			
1804195			Viridiplantae	Streptophyta	Magnoliopsida	Malpighiales	Malpighiaceae	Stigmaphyllon		Stigmaphyllon gayanum			
1804196			Viridiplantae	Streptophyta	Magnoliopsida	Malpighiales	Malpighiaceae	Stigmaphyllon		Stigmaphyllon harleyi			
1804202			Viridiplantae	Streptophyta	Magnoliopsida	Malpighiales	Malpighiaceae	Stigmaphyllon		Stigmaphyllon salzmannii			
1804203			Viridiplantae	Streptophyta	Magnoliopsida	Malpighiales	Malpighiaceae	Stigmaphyllon		Stigmaphyllon saxicola			
1804199			Viridiplantae	Streptophyta	Magnoliopsida	Malpighiales	Malpighiaceae	Stigmaphyllon		Stigmaphyllon lalandianum			
1804200			Viridiplantae	Streptophyta	Magnoliopsida	Malpighiales	Malpighiaceae	Stigmaphyllon		Stigmaphyllon macropodum			
2662167			Viridiplantae	Streptophyta	Magnoliopsida	Malpighiales	Malpighiaceae	Stigmaphyllon		Stigmaphyllon palmatum			
151877			Viridiplantae	Streptophyta	Magnoliopsida	Malpighiales	Malpighiaceae	Stigmaphyllon		Stigmaphyllon paralias			
1804201			Viridiplantae	Streptophyta	Magnoliopsida	Malpighiales	Malpighiaceae	Stigmaphyllon		Stigmaphyllon puberulum			
1804204			Viridiplantae	Streptophyta	Magnoliopsida	Malpighiales	Malpighiaceae	Stigmaphyllon		Stigmaphyllon sinuatum			
1804205			Viridiplantae	Streptophyta	Magnoliopsida	Malpighiales	Malpighiaceae	Stigmaphyllon		Stigmaphyllon tomentosum			
1804206			Viridiplantae	Streptophyta	Magnoliopsida	Malpighiales	Malpighiaceae	Stigmaphyllon		Stigmaphyllon urenifolium			
1804207			Viridiplantae	Streptophyta	Magnoliopsida	Malpighiales	Malpighiaceae	Stigmaphyllon		Stigmaphyllon vitifolium			
1027214			Viridiplantae	Streptophyta	Magnoliopsida	Malpighiales	Malpighiaceae	Tetrapterys		Tetrapterys ambigua			
1561826			Viridiplantae	Streptophyta	Magnoliopsida	Malpighiales	Malpighiaceae	Tetrapterys		Tetrapterys cardiophylla			
151881			Viridiplantae	Streptophyta	Magnoliopsida	Malpighiales	Malpighiaceae	Tetrapterys		Tetrapterys microphylla			
1561831			Viridiplantae	Streptophyta	Magnoliopsida	Malpighiales	Malpighiaceae	Tetrapterys		Tetrapterys mucronata			
1027218			Viridiplantae	Streptophyta	Magnoliopsida	Malpighiales	Malpighiaceae	Tetrapterys		Tetrapterys phlomoides			
151880			Viridiplantae	Streptophyta	Magnoliopsida	Malpighiales	Malpighiaceae	Tetrapterys					
1027220			Viridiplantae	Streptophyta	Magnoliopsida	Malpighiales	Malpighiaceae	Tetrapterys		Tetrapterys schiedeana			
151883			Viridiplantae	Streptophyta	Magnoliopsida	Malpighiales	Malpighiaceae	Thryallis		Thryallis latifolia			
151891			Viridiplantae	Streptophyta	Magnoliopsida	Malpighiales	Malpighiaceae	Verrucularina		Verrucularina glaucophylla			
151890			Viridiplantae	Streptophyta	Magnoliopsida	Malpighiales	Malpighiaceae	Verrucularina					
39376			Viridiplantae	Streptophyta	Magnoliopsida	Lamiales	Verbenaceae	Stachytarpheta		Stachytarpheta cayennensis			
13345			Viridiplantae	Streptophyta	Magnoliopsida	Ericales	Primulaceae	Ardisia		Ardisia crenata			
85181			Viridiplantae	Streptophyta	Magnoliopsida	Celastrales	Celastraceae	Celastrus		Celastrus orbiculatus			
170351			Viridiplantae	Streptophyta	Magnoliopsida	Gentianales	Rubiaceae	Mitragyna		Mitragyna speciosa			
320345			Viridiplantae	Streptophyta	Magnoliopsida	Lamiales	Verbenaceae	Lippia		Lippia alba			
397648			Viridiplantae	Streptophyta	Magnoliopsida	Fabales	Fabaceae	Stryphnodendron		Stryphnodendron adstringens			
66096			Viridiplantae	Streptophyta	Magnoliopsida	Fabales	Fabaceae	Gleditsia		Gleditsia sinensis			
2708984			Viridiplantae	Streptophyta	Magnoliopsida	Lamiales	Bignoniaceae	Stereospermum		Stereospermum acuminatissimum			
1744888			Viridiplantae	Streptophyta	Magnoliopsida	Caryophyllales	Nepenthaceae	Nepenthes		Nepenthes ventricosa x Nepenthes alata			
1933510			Viridiplantae	Streptophyta	Magnoliopsida	Asterales	Asteraceae	Espeletia		Espeletia argentea			
1933508			Viridiplantae	Streptophyta	Magnoliopsida	Asterales	Asteraceae	Espeletia		Espeletia annemariana			
287721			Viridiplantae	Streptophyta	Magnoliopsida	Apiales	Araliaceae	Aralia		Aralia continentalis			
3262			Viridiplantae	Streptophyta	Polypodiopsida	Equisetales	Equisetaceae	Equisetum		Equisetum hyemale			
105907			Viridiplantae	Streptophyta	Magnoliopsida	Dipsacales	Caprifoliaceae	Valeriana		Valeriana fauriei			
642532			Viridiplantae	Streptophyta	Magnoliopsida	Ericales	Ericaceae	Pyrola		Pyrola japonica			
459596			Viridiplantae	Streptophyta	Magnoliopsida	Asparagales	Orchidaceae	Cremastra		Cremastra appendiculata			
3528			Viridiplantae	Streptophyta	Magnoliopsida	Caryophyllales	Phytolaccaceae	Phytolacca		Phytolacca acinosa			
1548133			Viridiplantae	Streptophyta	Magnoliopsida	Caryophyllales	Polygonaceae	Bistorta		Bistorta manshuriensis			
81733			Viridiplantae	Streptophyta	Magnoliopsida	Asparagales	Asphodelaceae	Hemerocallis		Hemerocallis minor			
197796			Viridiplantae	Streptophyta	Magnoliopsida	Lamiales	Plantaginaceae	Plantago		Plantago asiatica			
265783			Viridiplantae	Streptophyta	Magnoliopsida	Asterales	Asteraceae	Artemisia		Artemisia capillaris			
106335			Viridiplantae	Streptophyta	Magnoliopsida	Malvales	Malvaceae	Hibiscus		Hibiscus syriacus			
54806			Viridiplantae	Streptophyta	Magnoliopsida	Piperales	Saururaceae	Saururus		Saururus chinensis			
714499			Viridiplantae	Streptophyta	Magnoliopsida	Asterales	Asteraceae	Sigesbeckia		Sigesbeckia pubescens			
49563			Viridiplantae	Streptophyta	Magnoliopsida	Apiales	Apiaceae	Peucedanum		Peucedanum japonicum			
50864			Viridiplantae	Streptophyta	Magnoliopsida	Ranunculales	Ranunculaceae	Aconitum		Aconitum ciliare			
273621			Viridiplantae	Streptophyta	Magnoliopsida	Malpighiales	Euphorbiaceae	Euphorbia	Euphorbia subgen. Esula	Euphorbia pekinensis			
401898			Viridiplantae	Streptophyta	Magnoliopsida	Asterales	Asteraceae	Artemisia		Artemisia gmelinii			
2039304			Viridiplantae	Streptophyta	Magnoliopsida	Asterales	Asteraceae	Chrysanthemum		Chrysanthemum zawadzkii	Chrysanthemum zawadzkii var. latilobum	Chrysanthemum zawadzkii subsp. latilobum	
29683			Viridiplantae	Streptophyta	Magnoliopsida	Poales	Poaceae	Lophatherum		Lophatherum gracile			
330892			Viridiplantae	Streptophyta	Magnoliopsida	Asterales	Asteraceae	Eupatorium		Eupatorium fortunei			
210334			Viridiplantae	Streptophyta	Magnoliopsida	Sapindales	Simaroubaceae	Picrasma		Picrasma quassioides			
4217			Viridiplantae	Streptophyta	Magnoliopsida	Asterales	Asteraceae	Arctium		Arctium lappa			
108546			Viridiplantae	Streptophyta	Magnoliopsida	Liliales	Liliaceae	Fritillaria		Fritillaria thunbergii			
58046			Viridiplantae	Streptophyta	Pinopsida	Cupressales	Cupressaceae	Platycladus		Platycladus orientalis			
54801			Viridiplantae	Streptophyta	Magnoliopsida	Nymphaeales	Nymphaeaceae	Nuphar		Nuphar japonica			
108594			Viridiplantae	Streptophyta	Magnoliopsida	Lamiales	Bignoniaceae	Campsis		Campsis grandiflora			
3252			Viridiplantae	Streptophyta	Lycopodiopsida	Lycopodiales	Lycopodiaceae	Lycopodium		Lycopodium clavatum			
74645	Rosoideae incertae sedis		Viridiplantae	Streptophyta	Magnoliopsida	Rosales	Rosaceae	Rosa		Rosa rugosa			
159976			Viridiplantae	Streptophyta	Magnoliopsida	Santalales	Viscaceae	Viscum		Viscum coloratum			
2768810			Viridiplantae	Streptophyta	Magnoliopsida	Sapindales	Simaroubaceae	Ailanthus		Ailanthus altissimus			
3311			Viridiplantae	Streptophyta	Ginkgoopsida	Ginkgoales	Ginkgoaceae	Ginkgo		Ginkgo biloba			
51240			Viridiplantae	Streptophyta	Magnoliopsida	Fagales	Juglandaceae	Juglans		Juglans regia			
109975			Viridiplantae	Streptophyta	Magnoliopsida	Solanales	Solanaceae	Solanum		Solanum americanum			
29655			Viridiplantae	Streptophyta	Magnoliopsida	Alismatales	Zosteraceae	Zostera		Zostera marina			
221162			Viridiplantae	Streptophyta	Magnoliopsida	Solanales	Solanaceae	Scopolia		Scopolia japonica			
349509			Viridiplantae	Streptophyta	Magnoliopsida	Magnoliales	Magnoliaceae	Magnolia		Magnolia obovata			
388580			Viridiplantae	Streptophyta	Magnoliopsida	Poales	Juncaceae	Juncus		Juncus decipiens			
202969			Viridiplantae	Streptophyta	Magnoliopsida	Saxifragales	Crassulaceae	Hylotelephium		Hylotelephium erythrostictum			
103991			Viridiplantae	Streptophyta	Magnoliopsida	Asterales	Campanulaceae	Adenophora		Adenophora remotiflora			
180062			Viridiplantae	Streptophyta	Magnoliopsida	Dipsacales	Adoxaceae	Sambucus		Sambucus williamsii			
83906			Viridiplantae	Streptophyta	Magnoliopsida	Rosales	Urticaceae	Boehmeria		Boehmeria nivea			
103480			Viridiplantae	Streptophyta	Magnoliopsida	Fagales	Fagaceae	Castanea		Castanea crenata			
1245714			Viridiplantae	Streptophyta	Magnoliopsida	Ranunculales	Papaveraceae	Chelidonium		Chelidonium majus		Chelidonium majus subsp. asiaticum	
1045115			Viridiplantae	Streptophyta	Magnoliopsida	Caryophyllales	Caryophyllaceae	Silene	Silene subgen. Behenantha	Silene firma			
345239			Viridiplantae	Streptophyta	Magnoliopsida	Geraniales	Geraniaceae	Geranium		Geranium thunbergii			
316491			Viridiplantae	Streptophyta	Magnoliopsida	Malpighiales	Violaceae	Viola	Viola subgen. Viola	Viola mandshurica			
223100			Viridiplantae	Streptophyta	Magnoliopsida	Lamiales	Orobanchaceae	Orobanche		Orobanche coerulescens			
189791			Viridiplantae	Streptophyta	Magnoliopsida	Caryophyllales	Tamaricaceae	Tamarix		Tamarix chinensis			
78707			Viridiplantae	Streptophyta	Magnoliopsida	Asparagales	Orchidaceae	Bletilla		Bletilla striata			
65557			Viridiplantae	Streptophyta	Magnoliopsida	Malvales	Malvaceae	Alcea		Alcea rosea			
41568			Viridiplantae	Streptophyta	Magnoliopsida	Asterales	Asteraceae	Chrysanthemum		Chrysanthemum x morifolium			
326968			Viridiplantae	Streptophyta	Magnoliopsida	Rosales	Rhamnaceae	Ziziphus		Ziziphus jujuba			
39271			Viridiplantae	Streptophyta	Magnoliopsida	Lamiales	Lamiaceae	Agastache		Agastache rugosa			
3677			Viridiplantae	Streptophyta	Magnoliopsida	Cucurbitales	Cucurbitaceae	Trichosanthes		Trichosanthes kirilowii			
48101			Viridiplantae	Streptophyta	Magnoliopsida	Apiales	Apiaceae	Angelica		Angelica dahurica			
152358			Viridiplantae	Streptophyta	Magnoliopsida	Ranunculales	Menispermaceae	Nephroia		Nephroia orbiculata			
41550			Viridiplantae	Streptophyta	Magnoliopsida	Asterales	Asteraceae	Cirsium		Cirsium arvense			
76025			Viridiplantae	Streptophyta	Magnoliopsida	Caryophyllales	Polygonaceae	Fallopia		Fallopia multiflora			
94286			Viridiplantae	Streptophyta	Magnoliopsida	Asterales	Campanulaceae	Platycodon		Platycodon grandiflorus			
155640			Viridiplantae	Streptophyta	Magnoliopsida	Sapindales	Meliaceae	Melia		Melia azedarach			
4164			Viridiplantae	Streptophyta	Magnoliopsida	Lamiales	Plantaginaceae	Digitalis		Digitalis purpurea			
368926			Viridiplantae	Streptophyta	Magnoliopsida	Asterales	Campanulaceae	Lobelia		Lobelia chinensis			
4432			Viridiplantae	Streptophyta	Magnoliopsida	Proteales	Nelumbonaceae	Nelumbo		Nelumbo nucifera			
35625			Viridiplantae	Streptophyta	Magnoliopsida	Solanales	Solanaceae	Datura		Datura metel			
3498			Viridiplantae	Streptophyta	Magnoliopsida	Rosales	Moraceae	Morus		Morus alba			
223870			Viridiplantae	Streptophyta	Magnoliopsida	Asterales	Asteraceae	Artemisia		Artemisia princeps			
228586			Viridiplantae	Streptophyta	Magnoliopsida	Rosales	Cannabaceae	Humulus		Humulus scandens			
3893			Viridiplantae	Streptophyta	Magnoliopsida	Fabales	Fabaceae	Pueraria		Pueraria montana	Pueraria montana var. lobata		
146995			Viridiplantae	Streptophyta	Magnoliopsida	Asterales	Asteraceae	Chrysanthemum		Chrysanthemum indicum			
182415			Viridiplantae	Streptophyta	Magnoliopsida	Apiales	Apiaceae	Ostericum		Ostericum grosseserratum			
355332			Viridiplantae	Streptophyta	Magnoliopsida	Fabales	Polygalaceae	Polygala		Polygala tenuifolia			
118431			Viridiplantae	Streptophyta	Magnoliopsida	Caryophyllales	Caryophyllaceae	Dianthus		Dianthus chinensis			
4307			Viridiplantae	Streptophyta	Magnoliopsida	Celastrales	Celastraceae	Euonymus		Euonymus alatus			
85571			Viridiplantae	Streptophyta	Magnoliopsida	Sapindales	Rutaceae	Citrus		Citrus reticulata			
276781			Viridiplantae	Streptophyta	Magnoliopsida	Gentianales	Apocynaceae	Trachelospermum		Trachelospermum asiaticum			
29695			Viridiplantae	Streptophyta	Magnoliopsida	Poales	Poaceae	Phragmites		Phragmites australis			
126596			Viridiplantae	Streptophyta	Magnoliopsida	Lamiales	Oleaceae	Fraxinus		Fraxinus chinensis		Fraxinus chinensis subsp. rhynchophylla	
231674			Viridiplantae	Streptophyta	Magnoliopsida	Ranunculales	Ranunculaceae	Pulsatilla		Pulsatilla cernua			
85282			Viridiplantae	Streptophyta	Magnoliopsida	Pandanales	Stemonaceae	Stemona		Stemona japonica			
210369			Viridiplantae	Streptophyta	Magnoliopsida	Zygophyllales	Zygophyllaceae	Tribulus		Tribulus terrestris			
35936			Viridiplantae	Streptophyta	Magnoliopsida	Fabales	Fabaceae	Lablab		Lablab purpureus			
136224			Viridiplantae	Streptophyta	Magnoliopsida	Zingiberales	Zingiberaceae	Curcuma		Curcuma zedoaria			
3956			Viridiplantae	Streptophyta	Magnoliopsida	Myrtales	Combretaceae	Combretum		Combretum indicum			
510735			Viridiplantae	Streptophyta	Magnoliopsida	Rosales	Rosaceae	Crataegus		Crataegus pinnatifida			
239687			Viridiplantae	Streptophyta	Magnoliopsida	Malpighiales	Euphorbiaceae	Euphorbia	Euphorbia subgen. Esula	Euphorbia kansui			
499988			Viridiplantae	Streptophyta	Magnoliopsida	Fabales	Fabaceae	Dalbergia		Dalbergia odorifera			
99300			Viridiplantae	Streptophyta	Magnoliopsida	Lamiales	Orobanchaceae	Rehmannia		Rehmannia glutinosa			
49840			Viridiplantae	Streptophyta	Magnoliopsida	Fabales	Fabaceae	Sophora		Sophora flavescens			
112883			Viridiplantae	Streptophyta	Magnoliopsida	Solanales	Solanaceae	Lycium		Lycium chinense			
74652	Rosoideae incertae sedis		Viridiplantae	Streptophyta	Magnoliopsida	Rosales	Rosaceae	Rosa		Rosa laevigata			
105884			Viridiplantae	Streptophyta	Magnoliopsida	Dipsacales	Caprifoliaceae	Lonicera		Lonicera japonica			
362646			Viridiplantae	Streptophyta	Magnoliopsida	Asterales	Asteraceae	Leuzea		Leuzea uniflora			
16906			Viridiplantae	Streptophyta	Magnoliopsida	Cornales	Cornaceae	Cornus		Cornus officinalis			
203643			Viridiplantae	Streptophyta	Magnoliopsida	Poales	Typhaceae	Sparganium		Sparganium stoloniferum			
627609			Viridiplantae	Streptophyta	Magnoliopsida	Saxifragales	Cynomoriaceae	Cynomorium		Cynomorium songaricum			
203100			Viridiplantae	Streptophyta	Magnoliopsida	Liliales	Melanthiaceae	Veratrum		Veratrum nigrum			
102107			Viridiplantae	Streptophyta	Magnoliopsida	Rosales	Rosaceae	Prunus		Prunus mume			
50507			Viridiplantae	Streptophyta	Magnoliopsida	Austrobaileyales	Schisandraceae	Schisandra		Schisandra chinensis			
210348			Viridiplantae	Streptophyta	Magnoliopsida	Sapindales	Simaroubaceae	Brucea		Brucea javanica			
128017			Viridiplantae	Streptophyta	Magnoliopsida	Sapindales	Sapindaceae	Dimocarpus		Dimocarpus longan			
434060			Viridiplantae	Streptophyta	Magnoliopsida	Rosales	Rosaceae	Prunus		Prunus humilis			
4138			Viridiplantae	Streptophyta	Magnoliopsida	Lamiales	Lamiaceae	Paraleonurus		Paraleonurus japonicus			
219868			Viridiplantae	Streptophyta	Magnoliopsida	Myrtales	Myrtaceae	Syzygium		Syzygium aromaticum			
1113480			Viridiplantae	Streptophyta	Magnoliopsida	Dipsacales	Caprifoliaceae	Dipsacus		Dipsacus inermis			
266091			Viridiplantae	Streptophyta	Magnoliopsida	Gentianales	Rubiaceae	Gynochthodes		Gynochthodes officinalis			
3726			Viridiplantae	Streptophyta	Magnoliopsida	Brassicales	Brassicaceae	Raphanus		Raphanus sativus			
227494			Viridiplantae	Streptophyta	Magnoliopsida	Alismatales	Araceae	Arisaema		Arisaema amurense			
467743			Viridiplantae	Streptophyta	Magnoliopsida	Malpighiales	Achariaceae	Hydnocarpus		Hydnocarpus castaneus			
39529			Viridiplantae	Streptophyta	Magnoliopsida	Asparagales	Asparagaceae	Liriope		Liriope muscari			
649195			Viridiplantae	Streptophyta	Magnoliopsida	Zingiberales	Zingiberaceae	Amomum		Amomum krervanh			
35924			Viridiplantae	Streptophyta	Magnoliopsida	Saxifragales	Paeoniaceae	Paeonia		Paeonia lactiflora			
187269			Viridiplantae	Streptophyta	Magnoliopsida	Asterales	Campanulaceae	Adenophora		Adenophora triphylla			
48386			Viridiplantae	Streptophyta	Magnoliopsida	Lamiales	Lamiaceae	Perilla		Perilla frutescens			
4006			Viridiplantae	Streptophyta	Magnoliopsida	Malpighiales	Linaceae	Linum		Linum usitatissimum			
202985			Viridiplantae	Streptophyta	Magnoliopsida	Saxifragales	Crassulaceae	Orostachys		Orostachys japonica			
64575			Viridiplantae	Streptophyta	Magnoliopsida	Malvales	Dipterocarpaceae	Dryobalanops		Dryobalanops aromatica			
748693			Viridiplantae	Streptophyta	Magnoliopsida	Ranunculales	Ranunculaceae	Clematis		Clematis chinensis			
210858	Potentilleae incertae sedis		Viridiplantae	Streptophyta	Magnoliopsida	Rosales	Rosaceae	Potentilla		Potentilla chinensis			
173701			Viridiplantae	Streptophyta	Magnoliopsida	Sapindales	Burseraceae	Boswellia		Boswellia sacra			
161395			Viridiplantae	Streptophyta	Magnoliopsida	Lamiales	Orobanchaceae	Cistanche		Cistanche deserticola			
4054			Viridiplantae	Streptophyta	Magnoliopsida	Apiales	Araliaceae	Panax		Panax ginseng			
588669			Viridiplantae	Streptophyta	Magnoliopsida	Asterales	Asteraceae	Aster		Aster tataricus			
172644			Viridiplantae	Streptophyta	Magnoliopsida	Rosales	Moraceae	Broussonetia		Broussonetia papyrifera			
312531			Viridiplantae	Streptophyta	Magnoliopsida	Apiales	Apiaceae	Kitagawia		Kitagawia praeruptora			
153459			Viridiplantae	Streptophyta	Magnoliopsida	Brassicales	Brassicaceae	Lepidium		Lepidium apetalum			
66093			Viridiplantae	Streptophyta	Magnoliopsida	Fabales	Fabaceae	Gleditsia		Gleditsia japonica			
655181			Viridiplantae	Streptophyta	Magnoliopsida	Gentianales	Rubiaceae	Uncaria		Uncaria sinensis			
281083	Arundinarodae		Viridiplantae	Streptophyta	Magnoliopsida	Poales	Poaceae	Phyllostachys		Phyllostachys nigra			
43166			Viridiplantae	Streptophyta	Magnoliopsida	Sapindales	Rutaceae	Citrus		Citrus x aurantium			
59045			Viridiplantae	Streptophyta	Magnoliopsida	Asparagales	Asparagaceae	Anemarrhena		Anemarrhena asphodeloides			
83154			Viridiplantae	Streptophyta	Magnoliopsida	Caryophyllales	Chenopodiaceae	Bassia		Bassia scoparia			
37690			Viridiplantae	Streptophyta	Magnoliopsida	Sapindales	Rutaceae	Citrus		Citrus trifoliata			
137457			Viridiplantae	Streptophyta	Magnoliopsida	Rosales	Rosaceae	Sanguisorba		Sanguisorba officinalis			
41486			Viridiplantae	Streptophyta	Magnoliopsida	Asterales	Asteraceae	Atractylodes		Atractylodes lancea			
35608			Viridiplantae	Streptophyta	Magnoliopsida	Asterales	Asteraceae	Artemisia		Artemisia annua			
125259			Viridiplantae	Streptophyta	Magnoliopsida	Zingiberales	Zingiberaceae	Alpinia		Alpinia hainanensis			
39358			Viridiplantae	Streptophyta	Magnoliopsida	Lamiales	Lamiaceae	Prunella		Prunella vulgaris			
53719			Viridiplantae	Streptophyta	Magnoliopsida	Asterales	Asteraceae	Eclipta		Eclipta prostrata			
3813			Viridiplantae	Streptophyta	Magnoliopsida	Fabales	Fabaceae	Albizia		Albizia julibrissin			
13824			Viridiplantae	Streptophyta	Polypodiopsida	Schizaeales	Lygodiaceae	Lygodium		Lygodium japonicum			
290845			Viridiplantae	Streptophyta	Magnoliopsida	Sapindales	Sapindaceae	Acer		Acer pictum			
512623	C4 Cyperus incertae sedis		Viridiplantae	Streptophyta	Magnoliopsida	Poales	Cyperaceae	Cyperus	Cyperus subgen. Cyperus	Cyperus rotundus			
662901			Viridiplantae	Streptophyta	Magnoliopsida	Lamiales	Lamiaceae	Elsholtzia		Elsholtzia ciliata			
476207			Viridiplantae	Streptophyta	Magnoliopsida	Lamiales	Scrophulariaceae	Scrophularia		Scrophularia buergeriana			
2849020			Viridiplantae	Streptophyta	Magnoliopsida	Lamiales	Lamiaceae	Schizonepeta		Schizonepeta tenuifolia			
78534			Viridiplantae	Streptophyta	Magnoliopsida	Fabales	Fabaceae	Trigonella		Trigonella foenum-graecum			
488216			Viridiplantae	Streptophyta	Magnoliopsida	Caryophyllales	Polygonaceae	Reynoutria		Reynoutria japonica			
105667			Viridiplantae	Streptophyta	Magnoliopsida	Rosales	Rosaceae	Prunus		Prunus tomentosa			
137221			Viridiplantae	Streptophyta	Magnoliopsida	Caryophyllales	Polygonaceae	Rheum		Rheum palmatum			
102211			Viridiplantae	Streptophyta	Magnoliopsida	Cucurbitales	Cucurbitaceae	Benincasa		Benincasa hispida			
446348			Viridiplantae	Streptophyta	Magnoliopsida	Malvales	Malvaceae	Malva		Malva verticillata			
199225			Viridiplantae	Streptophyta	Magnoliopsida	Alismatales	Araceae	Pinellia		Pinellia ternata			
254027			Viridiplantae	Streptophyta	Magnoliopsida	Gentianales	Rubiaceae	Scleromitrion		Scleromitrion diffusum			
429560			Viridiplantae	Streptophyta	Magnoliopsida	Fabales	Fabaceae	Cullen		Cullen corylifolium			
55575			Viridiplantae	Streptophyta	Magnoliopsida	Dioscoreales	Dioscoreaceae	Dioscorea		Dioscorea polystachya			
366663			Viridiplantae	Streptophyta	Magnoliopsida	Piperales	Asaraceae	Asarum		Asarum heterotropoides			
714458	Andropogonodae		Viridiplantae	Streptophyta	Magnoliopsida	Poales	Poaceae	Coix		Coix lacryma-jobi	Coix lacryma-jobi var. ma-yuen		
318068			Viridiplantae	Streptophyta	Magnoliopsida	Asterales	Asteraceae	Xanthium		Xanthium strumarium			
54711			Viridiplantae	Streptophyta	Magnoliopsida	Apiales	Apiaceae	Conioselinum		Conioselinum officinale			
91201			Viridiplantae	Streptophyta	Magnoliopsida	Asparagales	Orchidaceae	Gastrodia		Gastrodia elata			
100514			Viridiplantae	Streptophyta	Magnoliopsida	Asparagales	Asparagaceae	Asparagus		Asparagus cochinchinensis			
252867			Viridiplantae	Streptophyta	Magnoliopsida	Zingiberales	Zingiberaceae	Lanxangia		Lanxangia tsao-ko			
292393			Viridiplantae	Streptophyta	Magnoliopsida	Gentianales	Gentianaceae	Gentiana		Gentiana scabra			
114476			Viridiplantae	Streptophyta	Magnoliopsida	Gentianales	Rubiaceae	Gardenia		Gardenia jasminoides			
516551			Viridiplantae	Streptophyta	Magnoliopsida	Lamiales	Lamiaceae	Lycopus		Lycopus lucidus			
262913			Viridiplantae	Streptophyta	Magnoliopsida	Alismatales	Alismataceae	Alisma		Alisma plantago-aquatica		Alisma plantago-aquatica subsp. orientale	
55635			Viridiplantae	Streptophyta	Magnoliopsida	Asterales	Asteraceae	Inula		Inula helenium			
49657			Viridiplantae	Streptophyta	Magnoliopsida	Liliales	Smilacaceae	Smilax		Smilax china			
267557			Viridiplantae	Streptophyta	Magnoliopsida	Solanales	Convolvulaceae	Cuscuta	Cuscuta subgen. Grammica	Cuscuta chinensis			
46417			Viridiplantae	Streptophyta	Magnoliopsida	Apiales	Araliaceae	Tetrapanax		Tetrapanax papyrifer			
161756			Viridiplantae	Streptophyta	Magnoliopsida	Brassicales	Brassicaceae	Isatis		Isatis tinctoria			
300888			Viridiplantae	Streptophyta	Magnoliopsida	Dipsacales	Caprifoliaceae	Patrinia		Patrinia scabiosifolia			
137693			Viridiplantae	Streptophyta	Magnoliopsida	Caryophyllales	Polygonaceae	Polygonum		Polygonum aviculare			
170727			Viridiplantae	Streptophyta	Magnoliopsida	Asterales	Asteraceae	Taraxacum		Taraxacum platycarpum			
644748			Viridiplantae	Streptophyta	Magnoliopsida	Poales	Typhaceae	Typha		Typha orientalis			
49511			Viridiplantae	Streptophyta	Magnoliopsida	Piperales	Piperaceae	Piper		Piper longum			
1577077			Viridiplantae	Streptophyta	Magnoliopsida	Ranunculales	Papaveraceae	Corydalis		Corydalis turtschaninovii			
65409			Viridiplantae	Streptophyta	Magnoliopsida	Lamiales	Lamiaceae	Scutellaria		Scutellaria baicalensis			
158324			Viridiplantae	Streptophyta	Magnoliopsida	Fabales	Fabaceae	Astragalus		Astragalus propinquus			
155295			Viridiplantae	Streptophyta	Magnoliopsida	Laurales	Lauraceae	Lindera		Lindera obtusiloba			
68554			Viridiplantae	Streptophyta	Magnoliopsida	Sapindales	Rutaceae	Phellodendron		Phellodendron amurense			
261423			Viridiplantae	Streptophyta	Magnoliopsida	Asparagales	Asparagaceae	Polygonatum		Polygonatum sibiricum			
28511			Viridiplantae	Streptophyta	Magnoliopsida	Lamiales	Lamiaceae	Pogostemon		Pogostemon cablin			
29588			Viridiplantae	Streptophyta	Polypodiopsida	Cyatheales	Cibotiaceae	Cibotium		Cibotium barometz			
213255			Viridiplantae	Streptophyta	Magnoliopsida	Ericales	Primulaceae	Lysimachia		Lysimachia christinae			
117798			Viridiplantae	Streptophyta	Magnoliopsida	Asparagales	Asphodelaceae	Aloe		Aloe ferox			
33152			Viridiplantae	Streptophyta	Gnetopsida	Ephedrales	Ephedraceae	Ephedra		Ephedra sinica			
36622			Viridiplantae	Streptophyta	Magnoliopsida	Rosales	Rosaceae	Pseudocydonia		Pseudocydonia sinensis			
324593			Viridiplantae	Streptophyta	Magnoliopsida	Asterales	Asteraceae	Dolomiaea		Dolomiaea costus			
714442	rosids incertae sedis		Viridiplantae	Streptophyta	Magnoliopsida	Vitales	Vitaceae	Ampelopsis		Ampelopsis japonica			
79002			Viridiplantae	Streptophyta	Magnoliopsida	Liliales	Liliaceae	Lilium		Lilium lancifolium			
64475			Viridiplantae	Streptophyta	Magnoliopsida	Dioscoreales	Dioscoreaceae	Dioscorea		Dioscorea tokoro			
103999			Viridiplantae	Streptophyta	Magnoliopsida	Asterales	Campanulaceae	Codonopsis		Codonopsis lanceolata			
179860			Viridiplantae	Streptophyta	Magnoliopsida	Dipsacales	Caprifoliaceae	Nardostachys		Nardostachys jatamansi			
136217			Viridiplantae	Streptophyta	Magnoliopsida	Zingiberales	Zingiberaceae	Curcuma		Curcuma longa			
199623			Viridiplantae	Streptophyta	Magnoliopsida	Zingiberales	Zingiberaceae	Alpinia		Alpinia officinarum			
118778			Viridiplantae	Streptophyta	Magnoliopsida	Asterales	Asteraceae	Tussilago		Tussilago farfara			
97234			Viridiplantae	Streptophyta	Polypodiopsida	Polypodiales	Dryopteridaceae	Dryopteris		Dryopteris crassirhizoma			
516546			Viridiplantae	Streptophyta	Magnoliopsida	Asterales	Asteraceae	Cirsium		Cirsium japonicum			
46147			Viridiplantae	Streptophyta	Magnoliopsida	Caryophyllales	Portulacaceae	Portulaca		Portulaca oleracea			
32224			Viridiplantae	Streptophyta	Magnoliopsida	Rosales	Rosaceae	Eriobotrya		Eriobotrya japonica			
187374			Viridiplantae	Streptophyta	Polypodiopsida	Polypodiales	Polypodiaceae	Pyrrosia		Pyrrosia lingua			
55184			Viridiplantae	Streptophyta	Magnoliopsida	Acorales	Acoraceae	Acorus		Acorus gramineus			
74656			Viridiplantae	Streptophyta	Magnoliopsida	Rosales	Rosaceae	Agrimonia		Agrimonia pilosa			
483143			Viridiplantae	Streptophyta	Magnoliopsida	Fabales	Fabaceae	Biancaea		Biancaea sappan			
64034			Viridiplantae	Streptophyta	Magnoliopsida	Ranunculales	Ranunculaceae	Actaea		Actaea heracleifolia			
213265			Viridiplantae	Streptophyta	Magnoliopsida	Ericales	Primulaceae	Lysimachia		Lysimachia foenum-graecum			
318982			Viridiplantae	Streptophyta	Magnoliopsida	Sapindales	Burseraceae	Commiphora		Commiphora myrrha			
545644			Viridiplantae	Streptophyta	Magnoliopsida	Laurales	Lauraceae	Lindera		Lindera aggregata			
50765			Viridiplantae	Streptophyta	Magnoliopsida	Gentianales	Gentianaceae	Gentiana		Gentiana macrophylla			
1603722			Viridiplantae	Streptophyta	Magnoliopsida	Solanales	Convolvulaceae	Erycibe		Erycibe obtusifolia			
872542			Viridiplantae	Streptophyta	Polypodiopsida	Polypodiales	Polypodiaceae	Aglaomorpha		Aglaomorpha fortunei			
85363			Viridiplantae	Streptophyta	Magnoliopsida	Ranunculales	Ranunculaceae	Aconitum		Aconitum carmichaelii			
4392			Viridiplantae	Streptophyta	Magnoliopsida	Garryales	Eucommiaceae	Eucommia		Eucommia ulmoides			
82207			Viridiplantae	Streptophyta	Magnoliopsida	Asparagales	Asparagaceae	Polygonatum		Polygonatum odoratum			
158541			Viridiplantae	Streptophyta	Magnoliopsida	Piperales	Aristolochiaceae	Aristolochia		Aristolochia debilis			
28545			Viridiplantae	Streptophyta	Magnoliopsida	Gentianales	Loganiaceae	Strychnos		Strychnos nux-vomica			
86864			Viridiplantae	Streptophyta	Magnoliopsida	Asterales	Campanulaceae	Codonopsis		Codonopsis pilosula			
548853			Viridiplantae	Streptophyta	Magnoliopsida	Lamiales	Lamiaceae	Vitex		Vitex trifolia		Vitex trifolia subsp. litoralis	
3625			Viridiplantae	Streptophyta	Magnoliopsida	Ericales	Actinidiaceae	Actinidia		Actinidia chinensis			
714454			Viridiplantae	Streptophyta	Magnoliopsida	Lamiales	Scrophulariaceae	Buddleja		Buddleja officinalis			
294733			Viridiplantae	Streptophyta	Magnoliopsida	Lamiales	Lamiaceae	Mentha		Mentha canadensis			
2516544			Viridiplantae	Streptophyta	Magnoliopsida	Malvales	Malvaceae	Scaphium		Scaphium affine			
396367			Viridiplantae	Streptophyta	Magnoliopsida	Lamiales	Lamiaceae	Scutellaria		Scutellaria barbata			
157443			Viridiplantae	Streptophyta	Magnoliopsida	Gentianales	Apocynaceae	Vincetoxicum		Vincetoxicum atratum			
35883			Viridiplantae	Streptophyta	Magnoliopsida	Solanales	Convolvulaceae	Ipomoea		Ipomoea nil			
2547412			Viridiplantae	Streptophyta	Magnoliopsida	Asterales	Asteraceae	Atractylodes		Atractylodes japonica			
228709			Viridiplantae	Streptophyta	Magnoliopsida	Gentianales	Apocynaceae	Cynanchum		Cynanchum wilfordii			
321593	Rosoideae incertae sedis		Viridiplantae	Streptophyta	Magnoliopsida	Rosales	Rosaceae	Rubus		Rubus coreanus			
29656			Viridiplantae	Streptophyta	Magnoliopsida	Alismatales	Araceae	Spirodela		Spirodela polyrhiza			
58944			Viridiplantae	Streptophyta	Magnoliopsida	Asparagales	Iridaceae	Iris		Iris domestica			
3670			Viridiplantae	Streptophyta	Magnoliopsida	Cucurbitales	Cucurbitaceae	Luffa		Luffa aegyptiaca			
49576			Viridiplantae	Streptophyta	Magnoliopsida	Apiales	Apiaceae	Torilis		Torilis japonica			
346985			Viridiplantae	Streptophyta	Magnoliopsida	Fabales	Fabaceae	Senna		Senna obtusifolia			
128608			Viridiplantae	Streptophyta	Magnoliopsida	Laurales	Lauraceae	Cinnamomum		Cinnamomum verum			
110318			Viridiplantae	Streptophyta	Magnoliopsida	Apiales	Apiaceae	Conioselinum		Conioselinum tenuissimum			
4683			Viridiplantae	Streptophyta	Magnoliopsida	Asparagales	Amaryllidaceae	Allium		Allium tuberosum			
29729			Viridiplantae	Streptophyta	Magnoliopsida	Malvales	Malvaceae	Gossypium		Gossypium arboreum			
3674			Viridiplantae	Streptophyta	Magnoliopsida	Cucurbitales	Cucurbitaceae	Momordica		Momordica cochinchinensis			
298346			Viridiplantae	Streptophyta	Magnoliopsida	Sapindales	Rutaceae	Dictamnus		Dictamnus albus			
1037790			Viridiplantae	Streptophyta	Magnoliopsida	Gentianales	Loganiaceae	Strychnos		Strychnos ignatii			
227903			Viridiplantae	Streptophyta	Magnoliopsida	Santalales	Loranthaceae	Scurrula		Scurrula parasitica			
142614			Viridiplantae	Streptophyta	Magnoliopsida	Asparagales	Orchidaceae	Dendrobium		Dendrobium moniliforme			
681286			Viridiplantae	Streptophyta	Magnoliopsida	Asparagales	Hypoxidaceae	Curculigo		Curculigo orchioides			
453958			Viridiplantae	Streptophyta	Magnoliopsida	Asterales	Asteraceae	Inula		Inula japonica			
77912			Viridiplantae	Streptophyta	Pinopsida	Pinales	Pinaceae	Pinus	Pinus subgen. Pinus	Pinus densiflora			
46367			Viridiplantae	Streptophyta	Magnoliopsida	Apiales	Apiaceae	Bupleurum		Bupleurum falcatum			
85856			Viridiplantae	Streptophyta	Magnoliopsida	Magnoliales	Magnoliaceae	Magnolia		Magnolia denudata			
16752			Viridiplantae	Streptophyta	Magnoliopsida	Piperales	Saururaceae	Houttuynia		Houttuynia cordata			
458695			Viridiplantae	Streptophyta	Magnoliopsida	Lamiales	Oleaceae	Ligustrum		Ligustrum lucidum			
126418			Viridiplantae	Streptophyta	Magnoliopsida	Lamiales	Oleaceae	Forsythia		Forsythia suspensa			
105886			Viridiplantae	Streptophyta	Magnoliopsida	Apiales	Araliaceae	Eleutherococcus		Eleutherococcus sessiliflorus			
354523			Viridiplantae	Streptophyta	Magnoliopsida	Sapindales	Rutaceae	Tetradium		Tetradium ruticarpum			
63351			Viridiplantae	Streptophyta	Magnoliopsida	Ranunculales	Berberidaceae	Epimedium		Epimedium koreanum			
82096			Viridiplantae	Streptophyta	Magnoliopsida	Apiales	Araliaceae	Eleutherococcus		Eleutherococcus senticosus			
203717			Viridiplantae	Streptophyta	Magnoliopsida	Apiales	Apiaceae	Saposhnikovia		Saposhnikovia divaricata			
714503			Viridiplantae	Streptophyta	Magnoliopsida	Fabales	Fabaceae	Sophora		Sophora tonkinensis			
119260			Viridiplantae	Streptophyta	Magnoliopsida	Laurales	Lauraceae	Cinnamomum		Cinnamomum aromaticum			
74613			Viridiplantae	Streptophyta	Magnoliopsida	Fabales	Fabaceae	Glycyrrhiza		Glycyrrhiza uralensis			
85712			Viridiplantae	Streptophyta	Magnoliopsida	Apiales	Apiaceae	Angelica		Angelica gigas			
2039306			Viridiplantae	Streptophyta	Magnoliopsida	Asterales	Asteraceae	Cirsium		Cirsium japonicum	Cirsium japonicum var. maackii		
45171			Viridiplantae	Streptophyta	Magnoliopsida	Saxifragales	Paeoniaceae	Paeonia		Paeonia suffruticosa			
13331			Viridiplantae	Streptophyta	Magnoliopsida	Ranunculales	Lardizabalaceae	Akebia		Akebia quinata			
152363			Viridiplantae	Streptophyta	Magnoliopsida	Ranunculales	Menispermaceae	Sinomenium		Sinomenium acutum			
265775			Viridiplantae	Streptophyta	Magnoliopsida	Asterales	Campanulaceae	Adenophora		Adenophora triphylla	Adenophora triphylla var. japonica		
354530			Viridiplantae	Streptophyta	Magnoliopsida	Sapindales	Rutaceae	Zanthoxylum		Zanthoxylum schinifolium			
174651			Viridiplantae	Streptophyta	Magnoliopsida	Caryophyllales	Polygonaceae	Rumex		Rumex japonicus			
516071			Viridiplantae	Streptophyta	Magnoliopsida	Lamiales	Lamiaceae	Glechoma		Glechoma longituba			
74647	Rosoideae incertae sedis		Viridiplantae	Streptophyta	Magnoliopsida	Rosales	Rosaceae	Rosa		Rosa multiflora			
1043716			Viridiplantae	Streptophyta	Magnoliopsida	Rosales	Ulmaceae	Ulmus		Ulmus macrocarpa			
34254			Viridiplantae	Streptophyta	Magnoliopsida	Boraginales	Boraginaceae	Lithospermum		Lithospermum erythrorhizon			
1531356			Viridiplantae	Streptophyta	Magnoliopsida	Gentianales	Rubiaceae	Rubia		Rubia argyi			
239685			Viridiplantae	Streptophyta	Magnoliopsida	Ranunculales	Ranunculaceae	Aconitum		Aconitum kusnezoffii			
124778			Viridiplantae	Streptophyta	Magnoliopsida	Austrobaileyales	Schisandraceae	Illicium		Illicium verum			
48119			Viridiplantae	Streptophyta	Magnoliopsida	Apiales	Apiaceae	Glehnia		Glehnia littoralis			
3442			Viridiplantae	Streptophyta	Magnoliopsida	Ranunculales	Ranunculaceae	Coptis		Coptis japonica			
681418			Viridiplantae	Streptophyta	Magnoliopsida	Malpighiales	Salicaceae	Casearia		Casearia arborea			
4058			Viridiplantae	Streptophyta	Magnoliopsida	Gentianales	Apocynaceae	Catharanthus		Catharanthus roseus			
2652659			Viridiplantae	Streptophyta	Magnoliopsida	Lamiales	Scrophulariaceae	Eremophila		Eremophila weldii			
572236			Viridiplantae	Streptophyta	Magnoliopsida	Lamiales	Scrophulariaceae	Eremophila		Eremophila glabra			
2528951			Viridiplantae	Streptophyta	Magnoliopsida	Lamiales	Scrophulariaceae	Eremophila		Eremophila platycalyx			
2652477			Viridiplantae	Streptophyta	Magnoliopsida	Lamiales	Scrophulariaceae	Eremophila		Eremophila anomala			
2652610			Viridiplantae	Streptophyta	Magnoliopsida	Lamiales	Scrophulariaceae	Eremophila		Eremophila pungens			
2652538			Viridiplantae	Streptophyta	Magnoliopsida	Lamiales	Scrophulariaceae	Eremophila		Eremophila galeata			
2652513			Viridiplantae	Streptophyta	Magnoliopsida	Lamiales	Scrophulariaceae	Eremophila		Eremophila demissa			
2652635			Viridiplantae	Streptophyta	Magnoliopsida	Lamiales	Scrophulariaceae	Eremophila		Eremophila spectabilis			
2528944			Viridiplantae	Streptophyta	Magnoliopsida	Lamiales	Scrophulariaceae	Eremophila		Eremophila lanceolata			
2652478			Viridiplantae	Streptophyta	Magnoliopsida	Lamiales	Scrophulariaceae	Eremophila		Eremophila appressa			
2652599			Viridiplantae	Streptophyta	Magnoliopsida	Lamiales	Scrophulariaceae	Eremophila		Eremophila petrophila			
2652532			Viridiplantae	Streptophyta	Magnoliopsida	Lamiales	Scrophulariaceae	Eremophila		Eremophila flaccida			
2652491			Viridiplantae	Streptophyta	Magnoliopsida	Lamiales	Scrophulariaceae	Eremophila		Eremophila caespitosa			
2652553			Viridiplantae	Streptophyta	Magnoliopsida	Lamiales	Scrophulariaceae	Eremophila		Eremophila incisa			
2652535			Viridiplantae	Streptophyta	Magnoliopsida	Lamiales	Scrophulariaceae	Eremophila		Eremophila fraseri			
2528945			Viridiplantae	Streptophyta	Magnoliopsida	Lamiales	Scrophulariaceae	Eremophila		Eremophila latrobei			
2528955			Viridiplantae	Streptophyta	Magnoliopsida	Lamiales	Scrophulariaceae	Eremophila		Eremophila youngii			
2652649			Viridiplantae	Streptophyta	Magnoliopsida	Lamiales	Scrophulariaceae	Eremophila		Eremophila tietkensii			
2652555			Viridiplantae	Streptophyta	Magnoliopsida	Lamiales	Scrophulariaceae	Eremophila		Eremophila jucunda			
2652620			Viridiplantae	Streptophyta	Magnoliopsida	Lamiales	Scrophulariaceae	Eremophila		Eremophila rhegos			
2528942			Viridiplantae	Streptophyta	Magnoliopsida	Lamiales	Scrophulariaceae	Eremophila		Eremophila cuneifolia			
2652551			Viridiplantae	Streptophyta	Magnoliopsida	Lamiales	Scrophulariaceae	Eremophila		Eremophila humilis			
2652579			Viridiplantae	Streptophyta	Magnoliopsida	Lamiales	Scrophulariaceae	Eremophila		Eremophila obliquisepala			
2652488			Viridiplantae	Streptophyta	Magnoliopsida	Lamiales	Scrophulariaceae	Eremophila		Eremophila buirchellii			
2652505			Viridiplantae	Streptophyta	Magnoliopsida	Lamiales	Scrophulariaceae	Eremophila		Eremophila conferta			
2652660			Viridiplantae	Streptophyta	Magnoliopsida	Lamiales	Scrophulariaceae	Eremophila		Eremophila yinnetharrensis			
2652616			Viridiplantae	Streptophyta	Magnoliopsida	Lamiales	Scrophulariaceae	Eremophila		Eremophila recurva			
2652501			Viridiplantae	Streptophyta	Magnoliopsida	Lamiales	Scrophulariaceae	Eremophila		Eremophila compacta			
2724786			Viridiplantae	Streptophyta	Magnoliopsida	Lamiales	Scrophulariaceae	Eremophila		Eremophila crenulata			
2652695			Viridiplantae	Streptophyta	Magnoliopsida	Lamiales	Scrophulariaceae	Eremophila		Eremophila pterocarpa			
2652640			Viridiplantae	Streptophyta	Magnoliopsida	Lamiales	Scrophulariaceae	Eremophila		Eremophila strongylophylla			
1806640			Viridiplantae	Streptophyta	Magnoliopsida	Lamiales	Scrophulariaceae	Eremophila		Eremophila clarkei			
2652558			Viridiplantae	Streptophyta	Magnoliopsida	Lamiales	Scrophulariaceae	Eremophila		Eremophila laanii			
2652632			Viridiplantae	Streptophyta	Magnoliopsida	Lamiales	Scrophulariaceae	Eremophila		Eremophila simulans			
2652645			Viridiplantae	Streptophyta	Magnoliopsida	Lamiales	Scrophulariaceae	Eremophila		Eremophila succinea			
2652639			Viridiplantae	Streptophyta	Magnoliopsida	Lamiales	Scrophulariaceae	Eremophila		Eremophila stenophylla			
2652542			Viridiplantae	Streptophyta	Magnoliopsida	Lamiales	Scrophulariaceae	Eremophila		Eremophila gibsonii			
2652589			Viridiplantae	Streptophyta	Magnoliopsida	Lamiales	Scrophulariaceae	Eremophila		Eremophila ovata			
2652563			Viridiplantae	Streptophyta	Magnoliopsida	Lamiales	Scrophulariaceae	Eremophila		Eremophila linsmithii			
2652597			Viridiplantae	Streptophyta	Magnoliopsida	Lamiales	Scrophulariaceae	Eremophila		Eremophila pentaptera			
2652484			Viridiplantae	Streptophyta	Magnoliopsida	Lamiales	Scrophulariaceae	Eremophila		Eremophila battii			
2652575			Viridiplantae	Streptophyta	Magnoliopsida	Lamiales	Scrophulariaceae	Eremophila		Eremophila mirabilis			
2652627			Viridiplantae	Streptophyta	Magnoliopsida	Lamiales	Scrophulariaceae	Eremophila		Eremophila sargentii			
2652473			Viridiplantae	Streptophyta	Magnoliopsida	Lamiales	Scrophulariaceae	Eremophila		Eremophila acrida			
2652474			Viridiplantae	Streptophyta	Magnoliopsida	Lamiales	Scrophulariaceae	Eremophila		Eremophila adenotricha			
2652595			Viridiplantae	Streptophyta	Magnoliopsida	Lamiales	Scrophulariaceae	Eremophila		Eremophila parvifolia			
2652581			Viridiplantae	Streptophyta	Magnoliopsida	Lamiales	Scrophulariaceae	Eremophila		Eremophila obovata			
2652519			Viridiplantae	Streptophyta	Magnoliopsida	Lamiales	Scrophulariaceae	Eremophila		Eremophila denticulata			
2652623			Viridiplantae	Streptophyta	Magnoliopsida	Lamiales	Scrophulariaceae	Eremophila		Eremophila rostrata			
2652557			Viridiplantae	Streptophyta	Magnoliopsida	Lamiales	Scrophulariaceae	Eremophila		Eremophila koobabbiensis			
2652644			Viridiplantae	Streptophyta	Magnoliopsida	Lamiales	Scrophulariaceae	Eremophila		Eremophila subteretifolia			
2652647			Viridiplantae	Streptophyta	Magnoliopsida	Lamiales	Scrophulariaceae	Eremophila		Eremophila ternifolia			
2652655			Viridiplantae	Streptophyta	Magnoliopsida	Lamiales	Scrophulariaceae	Eremophila		Eremophila virens			
2652656			Viridiplantae	Streptophyta	Magnoliopsida	Lamiales	Scrophulariaceae	Eremophila		Eremophila viscida			
2652498			Viridiplantae	Streptophyta	Magnoliopsida	Lamiales	Scrophulariaceae	Eremophila		Eremophila ciliata			
2652628			Viridiplantae	Streptophyta	Magnoliopsida	Lamiales	Scrophulariaceae	Eremophila		Eremophila scaberula			
2652654			Viridiplantae	Streptophyta	Magnoliopsida	Lamiales	Scrophulariaceae	Eremophila		Eremophila verticillata			
2652471			Viridiplantae	Streptophyta	Magnoliopsida	Lamiales	Scrophulariaceae	Eremophila		Eremophila abietina			
2652483			Viridiplantae	Streptophyta	Magnoliopsida	Lamiales	Scrophulariaceae	Eremophila		Eremophila aureivisca			
2652617			Viridiplantae	Streptophyta	Magnoliopsida	Lamiales	Scrophulariaceae	Eremophila		Eremophila reticulata			
2652549			Viridiplantae	Streptophyta	Magnoliopsida	Lamiales	Scrophulariaceae	Eremophila		Eremophila hillii			
2652526			Viridiplantae	Streptophyta	Magnoliopsida	Lamiales	Scrophulariaceae	Eremophila		Eremophila eriocalyx			
2652577			Viridiplantae	Streptophyta	Magnoliopsida	Lamiales	Scrophulariaceae	Eremophila		Eremophila muelleriana			
2652547			Viridiplantae	Streptophyta	Magnoliopsida	Lamiales	Scrophulariaceae	Eremophila		Eremophila grandiflora			
2652495			Viridiplantae	Streptophyta	Magnoliopsida	Lamiales	Scrophulariaceae	Eremophila		Eremophila canaliculata			
2652564			Viridiplantae	Streptophyta	Magnoliopsida	Lamiales	Scrophulariaceae	Eremophila		Eremophila lucida			
2652530			Viridiplantae	Streptophyta	Magnoliopsida	Lamiales	Scrophulariaceae	Eremophila		Eremophila fasciata			
2652496			Viridiplantae	Streptophyta	Magnoliopsida	Lamiales	Scrophulariaceae	Eremophila		Eremophila caperata			
2652572			Viridiplantae	Streptophyta	Magnoliopsida	Lamiales	Scrophulariaceae	Eremophila		Eremophila micrantha			
2652592			Viridiplantae	Streptophyta	Magnoliopsida	Lamiales	Scrophulariaceae	Eremophila		Eremophila pallida			
2652454			Viridiplantae	Streptophyta	Magnoliopsida	Lamiales	Scrophulariaceae	Diocirea		Diocirea microphylla			
2652521			Viridiplantae	Streptophyta	Magnoliopsida	Lamiales	Scrophulariaceae	Eremophila		Eremophila deserti			
2652622			Viridiplantae	Streptophyta	Magnoliopsida	Lamiales	Scrophulariaceae	Eremophila		Eremophila rigida			
2652574			Viridiplantae	Streptophyta	Magnoliopsida	Lamiales	Scrophulariaceae	Eremophila		Eremophila miniata			
2652583			Viridiplantae	Streptophyta	Magnoliopsida	Lamiales	Scrophulariaceae	Eremophila		Eremophila occidens			
2652509			Viridiplantae	Streptophyta	Magnoliopsida	Lamiales	Scrophulariaceae	Eremophila		Eremophila cryptothrix			
2652550			Viridiplantae	Streptophyta	Magnoliopsida	Lamiales	Scrophulariaceae	Eremophila		Eremophila homoplastica			
2652598			Viridiplantae	Streptophyta	Magnoliopsida	Lamiales	Scrophulariaceae	Eremophila		Eremophila perglandulosa			
2652652			Viridiplantae	Streptophyta	Magnoliopsida	Lamiales	Scrophulariaceae	Eremophila		Eremophila veronica			
2652584			Viridiplantae	Streptophyta	Magnoliopsida	Lamiales	Scrophulariaceae	Eremophila		Eremophila oldfieldii			
2652658			Viridiplantae	Streptophyta	Magnoliopsida	Lamiales	Scrophulariaceae	Eremophila		Eremophila warnesii			
2652568			Viridiplantae	Streptophyta	Magnoliopsida	Lamiales	Scrophulariaceae	Eremophila		Eremophila maitlandii			
2528948			Viridiplantae	Streptophyta	Magnoliopsida	Lamiales	Scrophulariaceae	Eremophila		Eremophila magnifica			
2652606			Viridiplantae	Streptophyta	Magnoliopsida	Lamiales	Scrophulariaceae	Eremophila		Eremophila prolata			
2652586			Viridiplantae	Streptophyta	Magnoliopsida	Lamiales	Scrophulariaceae	Eremophila		Eremophila oppositifolia			
1806642			Viridiplantae	Streptophyta	Magnoliopsida	Lamiales	Scrophulariaceae	Eremophila		Eremophila scoparia			
2528943			Viridiplantae	Streptophyta	Magnoliopsida	Lamiales	Scrophulariaceae	Eremophila		Eremophila forrestii			
2652527			Viridiplantae	Streptophyta	Magnoliopsida	Lamiales	Scrophulariaceae	Eremophila		Eremophila exilifolia			
2652611			Viridiplantae	Streptophyta	Magnoliopsida	Lamiales	Scrophulariaceae	Eremophila		Eremophila punicea			
2652534			Viridiplantae	Streptophyta	Magnoliopsida	Lamiales	Scrophulariaceae	Eremophila		Eremophila foliosissima			
2652539			Viridiplantae	Streptophyta	Magnoliopsida	Lamiales	Scrophulariaceae	Eremophila		Eremophila georgei			
2652593			Viridiplantae	Streptophyta	Magnoliopsida	Lamiales	Scrophulariaceae	Eremophila		Eremophila pantonii			
2528947			Viridiplantae	Streptophyta	Magnoliopsida	Lamiales	Scrophulariaceae	Eremophila		Eremophila longifolia			
2652567			Viridiplantae	Streptophyta	Magnoliopsida	Lamiales	Scrophulariaceae	Eremophila		Eremophila macmillaniana			
2652544			Viridiplantae	Streptophyta	Magnoliopsida	Lamiales	Scrophulariaceae	Eremophila		Eremophila glutinosa			
2652634			Viridiplantae	Streptophyta	Magnoliopsida	Lamiales	Scrophulariaceae	Eremophila		Eremophila spathulata			
2652559			Viridiplantae	Streptophyta	Magnoliopsida	Lamiales	Scrophulariaceae	Eremophila		Eremophila lachnocalyx			
2652691			Viridiplantae	Streptophyta	Magnoliopsida	Lamiales	Scrophulariaceae	Eremophila		Eremophila phyllopoda			
2652618			Viridiplantae	Streptophyta	Magnoliopsida	Lamiales	Scrophulariaceae	Eremophila		Eremophila retropila			
2652562			Viridiplantae	Streptophyta	Magnoliopsida	Lamiales	Scrophulariaceae	Eremophila		Eremophila linearis			
2652638			Viridiplantae	Streptophyta	Magnoliopsida	Lamiales	Scrophulariaceae	Eremophila		Eremophila spuria			
2652531			Viridiplantae	Streptophyta	Magnoliopsida	Lamiales	Scrophulariaceae	Eremophila		Eremophila flabellata			
2652569			Viridiplantae	Streptophyta	Magnoliopsida	Lamiales	Scrophulariaceae	Eremophila		Eremophila malacoides			
2652570			Viridiplantae	Streptophyta	Magnoliopsida	Lamiales	Scrophulariaceae	Eremophila		Eremophila margarethae			
2652525			Viridiplantae	Streptophyta	Magnoliopsida	Lamiales	Scrophulariaceae	Eremophila		Eremophila enata			
2652528			Viridiplantae	Streptophyta	Magnoliopsida	Lamiales	Scrophulariaceae	Eremophila		Eremophila falcata			
2652677			Viridiplantae	Streptophyta	Magnoliopsida	Lamiales	Scrophulariaceae	Eremophila		Eremophila gilesii			
2652603			Viridiplantae	Streptophyta	Magnoliopsida	Lamiales	Scrophulariaceae	Eremophila		Eremophila platythamnos			
2652475			Viridiplantae	Streptophyta	Magnoliopsida	Lamiales	Scrophulariaceae	Eremophila		Eremophila alternifolia			
2652609			Viridiplantae	Streptophyta	Magnoliopsida	Lamiales	Scrophulariaceae	Eremophila		Eremophila punctata			
2652476			Viridiplantae	Streptophyta	Magnoliopsida	Lamiales	Scrophulariaceae	Eremophila		Eremophila annosocaulis			
2652679			Viridiplantae	Streptophyta	Magnoliopsida	Lamiales	Scrophulariaceae	Eremophila		Eremophila hughesii			
2652615			Viridiplantae	Streptophyta	Magnoliopsida	Lamiales	Scrophulariaceae	Eremophila		Eremophila ramiflora			
2652494			Viridiplantae	Streptophyta	Magnoliopsida	Lamiales	Scrophulariaceae	Eremophila		Eremophila campanulata			
2652630			Viridiplantae	Streptophyta	Magnoliopsida	Lamiales	Scrophulariaceae	Eremophila		Eremophila shonae			
2652571			Viridiplantae	Streptophyta	Magnoliopsida	Lamiales	Scrophulariaceae	Eremophila		Eremophila metallicorum			
2652552			Viridiplantae	Streptophyta	Magnoliopsida	Lamiales	Scrophulariaceae	Eremophila		Eremophila hygrophana			
2652543			Viridiplantae	Streptophyta	Magnoliopsida	Lamiales	Scrophulariaceae	Eremophila		Eremophila glandulifera			
2652670			Viridiplantae	Streptophyta	Magnoliopsida	Lamiales	Scrophulariaceae	Eremophila		Eremophila decipiens			
2652613			Viridiplantae	Streptophyta	Magnoliopsida	Lamiales	Scrophulariaceae	Eremophila		Eremophila pustulata			
2652548			Viridiplantae	Streptophyta	Magnoliopsida	Lamiales	Scrophulariaceae	Eremophila		Eremophila granitica			
2652554			Viridiplantae	Streptophyta	Magnoliopsida	Lamiales	Scrophulariaceae	Eremophila		Eremophila ionantha			
1214565			Viridiplantae	Streptophyta	Magnoliopsida	Lamiales	Scrophulariaceae	Eremophila		Eremophila maculata			
2652641			Viridiplantae	Streptophyta	Magnoliopsida	Lamiales	Scrophulariaceae	Eremophila		Eremophila subfloccosa			
2651908			Viridiplantae	Streptophyta	Magnoliopsida	Lamiales	Scrophulariaceae	Eremophila		Eremophila bowmanii			
2652576			Viridiplantae	Streptophyta	Magnoliopsida	Lamiales	Scrophulariaceae	Eremophila		Eremophila mitchellii			
2651911			Viridiplantae	Streptophyta	Magnoliopsida	Lamiales	Scrophulariaceae	Eremophila		Eremophila willsii			
2651909			Viridiplantae	Streptophyta	Magnoliopsida	Lamiales	Scrophulariaceae	Eremophila		Eremophila dalyana			
86640			Viridiplantae	Streptophyta	Magnoliopsida	Lamiales	Scrophulariaceae	Myoporum		Myoporum parvifolium			
2652469			Viridiplantae	Streptophyta	Magnoliopsida	Lamiales	Scrophulariaceae	Myoporum		Myoporum caprarioides			
133304			Viridiplantae	Streptophyta	Magnoliopsida	Lamiales	Scrophulariaceae	Myoporum		Myoporum montanum			
796003			Viridiplantae	Streptophyta	Magnoliopsida	Lamiales	Scrophulariaceae	Myoporum		Myoporum platycarpum			
2724790			Viridiplantae	Streptophyta	Magnoliopsida	Lamiales	Scrophulariaceae	Eremophila		Eremophila saligna			
1619497			Viridiplantae	Streptophyta	Magnoliopsida	Lamiales	Scrophulariaceae	Myoporum		Myoporum betcheanum			
2652466			Viridiplantae	Streptophyta	Magnoliopsida	Lamiales	Scrophulariaceae	Myoporum		Myoporum bateae			
796002			Viridiplantae	Streptophyta	Magnoliopsida	Lamiales	Scrophulariaceae	Myoporum		Myoporum acuminatum			
2652467			Viridiplantae	Streptophyta	Magnoliopsida	Lamiales	Scrophulariaceae	Myoporum		Myoporum boninense			
2652508			Viridiplantae	Streptophyta	Magnoliopsida	Lamiales	Scrophulariaceae	Eremophila		Eremophila crassifolia			
2652455			Viridiplantae	Streptophyta	Magnoliopsida	Lamiales	Scrophulariaceae	Diocirea		Diocirea violacea			
2652504			Viridiplantae	Streptophyta	Magnoliopsida	Lamiales	Scrophulariaceae	Eremophila		Eremophila compressa			
2652452			Viridiplantae	Streptophyta	Magnoliopsida	Lamiales	Scrophulariaceae	Calamphoreus		Calamphoreus inflatus			
2652493			Viridiplantae	Streptophyta	Magnoliopsida	Lamiales	Scrophulariaceae	Eremophila		Eremophila calorhabdos			
2652465			Viridiplantae	Streptophyta	Magnoliopsida	Lamiales	Scrophulariaceae	Glycocystis		Glycocystis beckeri			
2652516			Viridiplantae	Streptophyta	Magnoliopsida	Lamiales	Scrophulariaceae	Eremophila		Eremophila densifolia			
2652497			Viridiplantae	Streptophyta	Magnoliopsida	Lamiales	Scrophulariaceae	Eremophila		Eremophila chamaephila			
2652673			Viridiplantae	Streptophyta	Magnoliopsida	Lamiales	Scrophulariaceae	Eremophila		Eremophila divaricata			
2652468			Viridiplantae	Streptophyta	Magnoliopsida	Lamiales	Scrophulariaceae	Myoporum		Myoporum brevipes			
2652537			Viridiplantae	Streptophyta	Magnoliopsida	Lamiales	Scrophulariaceae	Eremophila		Eremophila freelingii			
255894			Viridiplantae	Streptophyta	Magnoliopsida	Lamiales	Scrophulariaceae	Eremophila		Eremophila bignoniiflora			
2652485			Viridiplantae	Streptophyta	Magnoliopsida	Lamiales	Scrophulariaceae	Eremophila		Eremophila behriana			
2652524			Viridiplantae	Streptophyta	Magnoliopsida	Lamiales	Scrophulariaceae	Eremophila		Eremophila duttonii			
139037			Viridiplantae	Streptophyta	Magnoliopsida	Lamiales	Scrophulariaceae	Myoporum		Myoporum insulare			
2652510			Viridiplantae	Streptophyta	Magnoliopsida	Lamiales	Scrophulariaceae	Eremophila		Eremophila debilis			
2652529			Viridiplantae	Streptophyta	Magnoliopsida	Lamiales	Scrophulariaceae	Eremophila		Eremophila fallax			
378412			Viridiplantae	Streptophyta	Magnoliopsida	Lamiales	Scrophulariaceae	Eremophila		Eremophila macdonnellii			
86643			Viridiplantae	Streptophyta	Magnoliopsida	Lamiales	Scrophulariaceae	Leucophyllum		Leucophyllum frutescens			
301346			Viridiplantae	Streptophyta	Magnoliopsida	Lamiales	Scrophulariaceae	Myoporum		Myoporum sandwicense			
2652607			Viridiplantae	Streptophyta	Magnoliopsida	Lamiales	Scrophulariaceae	Eremophila		Eremophila prostrata			
2652481			Viridiplantae	Streptophyta	Magnoliopsida	Lamiales	Scrophulariaceae	Eremophila		Eremophila arbuscula			
2652540			Viridiplantae	Streptophyta	Magnoliopsida	Lamiales	Scrophulariaceae	Eremophila		Eremophila gibbifolia			
378414			Viridiplantae	Streptophyta	Magnoliopsida	Lamiales	Scrophulariaceae	Eremophila		Eremophila rotundifolia			
2652578			Viridiplantae	Streptophyta	Magnoliopsida	Lamiales	Scrophulariaceae	Eremophila		Eremophila neglecta			
2652506			Viridiplantae	Streptophyta	Magnoliopsida	Lamiales	Scrophulariaceae	Eremophila		Eremophila congesta			
2652489			Viridiplantae	Streptophyta	Magnoliopsida	Lamiales	Scrophulariaceae	Eremophila		Eremophila caerulea			
2652573			Viridiplantae	Streptophyta	Magnoliopsida	Lamiales	Scrophulariaceae	Eremophila		Eremophila microtheca			
2652507			Viridiplantae	Streptophyta	Magnoliopsida	Lamiales	Scrophulariaceae	Eremophila		Eremophila conglomerata			
2652621			Viridiplantae	Streptophyta	Magnoliopsida	Lamiales	Scrophulariaceae	Eremophila		Eremophila rigens			
2652492			Viridiplantae	Streptophyta	Magnoliopsida	Lamiales	Scrophulariaceae	Eremophila		Eremophila calcicola			
2652602			Viridiplantae	Streptophyta	Magnoliopsida	Lamiales	Scrophulariaceae	Eremophila		Eremophila physocalyx			
2652503			Viridiplantae	Streptophyta	Magnoliopsida	Lamiales	Scrophulariaceae	Eremophila		Eremophila complanata			
1806641			Viridiplantae	Streptophyta	Magnoliopsida	Lamiales	Scrophulariaceae	Eremophila		Eremophila interstans			
2652590			Viridiplantae	Streptophyta	Magnoliopsida	Lamiales	Scrophulariaceae	Eremophila		Eremophila paisleyi			
2652650			Viridiplantae	Streptophyta	Magnoliopsida	Lamiales	Scrophulariaceae	Eremophila		Eremophila undulata			
2652479			Viridiplantae	Streptophyta	Magnoliopsida	Lamiales	Scrophulariaceae	Eremophila		Eremophila arachnoides			
2652512			Viridiplantae	Streptophyta	Magnoliopsida	Lamiales	Scrophulariaceae	Eremophila		Eremophila delisseri			
2652515			Viridiplantae	Streptophyta	Magnoliopsida	Lamiales	Scrophulariaceae	Eremophila		Eremophila dendritica			
2652511			Viridiplantae	Streptophyta	Magnoliopsida	Lamiales	Scrophulariaceae	Eremophila		Eremophila decussata			
2652565			Viridiplantae	Streptophyta	Magnoliopsida	Lamiales	Scrophulariaceae	Eremophila		Eremophila mackinlayi			
2652637			Viridiplantae	Streptophyta	Magnoliopsida	Lamiales	Scrophulariaceae	Eremophila		Eremophila splendens			
2652612			Viridiplantae	Streptophyta	Magnoliopsida	Lamiales	Scrophulariaceae	Eremophila		Eremophila purpurascens			
2652625			Viridiplantae	Streptophyta	Magnoliopsida	Lamiales	Scrophulariaceae	Eremophila		Eremophila rugosa			
2652487			Viridiplantae	Streptophyta	Magnoliopsida	Lamiales	Scrophulariaceae	Eremophila		Eremophila brevifolia			
2652482			Viridiplantae	Streptophyta	Magnoliopsida	Lamiales	Scrophulariaceae	Eremophila		Eremophila arenaria			
2652648			Viridiplantae	Streptophyta	Magnoliopsida	Lamiales	Scrophulariaceae	Eremophila		Eremophila tetraptera			
2652594			Viridiplantae	Streptophyta	Magnoliopsida	Lamiales	Scrophulariaceae	Eremophila		Eremophila papillata			
2652545			Viridiplantae	Streptophyta	Magnoliopsida	Lamiales	Scrophulariaceae	Eremophila		Eremophila goodwinii			
2724787			Viridiplantae	Streptophyta	Magnoliopsida	Lamiales	Scrophulariaceae	Eremophila		Eremophila elderi			
2724789			Viridiplantae	Streptophyta	Magnoliopsida	Lamiales	Scrophulariaceae	Eremophila		Eremophila macgillivrayi			
2652561			Viridiplantae	Streptophyta	Magnoliopsida	Lamiales	Scrophulariaceae	Eremophila		Eremophila lehmanniana			
2652601			Viridiplantae	Streptophyta	Magnoliopsida	Lamiales	Scrophulariaceae	Eremophila		Eremophila phillipsii			
2652486			Viridiplantae	Streptophyta	Magnoliopsida	Lamiales	Scrophulariaceae	Eremophila		Eremophila biserrata			
2652614			Viridiplantae	Streptophyta	Magnoliopsida	Lamiales	Scrophulariaceae	Eremophila		Eremophila racemosa			
2652500			Viridiplantae	Streptophyta	Magnoliopsida	Lamiales	Scrophulariaceae	Eremophila		Eremophila clavata			
2652514			Viridiplantae	Streptophyta	Magnoliopsida	Lamiales	Scrophulariaceae	Eremophila		Eremophila dempsteri			
2652541			Viridiplantae	Streptophyta	Magnoliopsida	Lamiales	Scrophulariaceae	Eremophila		Eremophila gibbosa			
2652522			Viridiplantae	Streptophyta	Magnoliopsida	Lamiales	Scrophulariaceae	Eremophila		Eremophila dichroantha			
2652580			Viridiplantae	Streptophyta	Magnoliopsida	Lamiales	Scrophulariaceae	Eremophila		Eremophila oblonga			
2652470			Viridiplantae	Streptophyta	Magnoliopsida	Lamiales	Scrophulariaceae	Myoporum		Myoporum tetrandrum			
2724783			Viridiplantae	Streptophyta	Magnoliopsida	Lamiales	Scrophulariaceae	Eremophila		Eremophila ballythunnensis			
255893			Viridiplantae	Streptophyta	Magnoliopsida	Lamiales	Scrophulariaceae	Eremophila					
2651910			Viridiplantae	Streptophyta	Magnoliopsida	Lamiales	Scrophulariaceae	Eremophila		Eremophila polyclada			
2315346			Viridiplantae	Streptophyta	Magnoliopsida	Lamiales	Scrophulariaceae	Eremophila		Eremophila sturtii			
2652605			Viridiplantae	Streptophyta	Magnoliopsida	Lamiales	Scrophulariaceae	Eremophila		Eremophila praecox			
1382323			Viridiplantae	Streptophyta	Magnoliopsida	Lamiales	Scrophulariaceae	Leucophyllum		Leucophyllum zygophyllum			
255891			Viridiplantae	Streptophyta	Magnoliopsida	Lamiales	Scrophulariaceae	Bontia		Bontia daphnoides			
230707			Viridiplantae	Streptophyta	Magnoliopsida	Zingiberales	Zingiberaceae	Alpinia		Alpinia purpurata			
94334			Viridiplantae	Streptophyta	Magnoliopsida	Zingiberales	Marantaceae	Calathea		Calathea crotalifera			
1125163			Viridiplantae	Streptophyta	Magnoliopsida	Zingiberales	Marantaceae	Calathea		Calathea lasiostachya			
671254			Viridiplantae	Streptophyta	Magnoliopsida	Zingiberales	Marantaceae	Calathea		Calathea lutea			
1274666			Viridiplantae	Streptophyta	Magnoliopsida	Zingiberales	Marantaceae	Calathea		Calathea similis			
4629			Viridiplantae	Streptophyta	Magnoliopsida	Zingiberales	Cannaceae	Canna		Canna tuerckheimii			
49577			Viridiplantae	Streptophyta	Magnoliopsida	Zingiberales	Costaceae	Hellenia		Hellenia speciosa			
168182			Viridiplantae	Streptophyta	Magnoliopsida	Zingiberales	Costaceae	Costus		Costus laevis			
101691			Viridiplantae	Streptophyta	Magnoliopsida	Zingiberales	Costaceae	Costus		Costus malortieanus			
328781			Viridiplantae	Streptophyta	Magnoliopsida	Zingiberales	Costaceae	Costus		Costus scaber			
1274664			Viridiplantae	Streptophyta	Magnoliopsida	Zingiberales	Marantaceae	Goeppertia		Goeppertia cleistantha			
210041			Viridiplantae	Streptophyta	Magnoliopsida	Zingiberales	Marantaceae	Goeppertia		Goeppertia gymnocarpa			
1274665			Viridiplantae	Streptophyta	Magnoliopsida	Zingiberales	Marantaceae	Goeppertia		Goeppertia hammelii			
1128365			Viridiplantae	Streptophyta	Magnoliopsida	Zingiberales	Marantaceae	Goeppertia		Goeppertia inocephala			
1125164			Viridiplantae	Streptophyta	Magnoliopsida	Zingiberales	Marantaceae	Goeppertia		Goeppertia leucostachys			
1125165			Viridiplantae	Streptophyta	Magnoliopsida	Zingiberales	Marantaceae	Goeppertia		Goeppertia marantifolia			
71610			Viridiplantae	Streptophyta	Magnoliopsida	Zingiberales	Zingiberaceae	Hedychium		Hedychium coronarium			
1125924			Viridiplantae	Streptophyta	Magnoliopsida	Zingiberales	Heliconiaceae	Heliconia		Heliconia imbricata			
1274805			Viridiplantae	Streptophyta	Magnoliopsida	Zingiberales	Heliconiaceae	Heliconia		Heliconia umbrophila			
101709			Viridiplantae	Streptophyta	Magnoliopsida	Zingiberales	Heliconiaceae	Heliconia		Heliconia irrasa			
4654			Viridiplantae	Streptophyta	Magnoliopsida	Zingiberales	Heliconiaceae	Heliconia		Heliconia latispatha			
1125925			Viridiplantae	Streptophyta	Magnoliopsida	Zingiberales	Heliconiaceae	Heliconia		Heliconia mathiasiae			
1125926			Viridiplantae	Streptophyta	Magnoliopsida	Zingiberales	Heliconiaceae	Heliconia		Heliconia pogonantha			
574477			Viridiplantae	Streptophyta	Magnoliopsida	Zingiberales	Heliconiaceae	Heliconia		Heliconia psittacorum			
796950			Viridiplantae	Streptophyta	Magnoliopsida	Zingiberales	Heliconiaceae	Heliconia		Heliconia wagneriana			
1274667			Viridiplantae	Streptophyta	Magnoliopsida	Zingiberales	Marantaceae	Ischnosiphon		Ischnosiphon inflatus			
228181			Viridiplantae	Streptophyta	Magnoliopsida	Zingiberales	Musaceae	Musa		Musa velutina			
94378			Viridiplantae	Streptophyta	Magnoliopsida	Zingiberales	Marantaceae	Pleiostachya		Pleiostachya pruinosa			
199658			Viridiplantae	Streptophyta	Magnoliopsida	Zingiberales	Zingiberaceae	Renealmia		Renealmia alpinia			
188516			Viridiplantae	Streptophyta	Magnoliopsida	Zingiberales	Zingiberaceae	Renealmia		Renealmia cernua			
376580			Viridiplantae	Streptophyta	Magnoliopsida	Zingiberales	Zingiberaceae	Renealmia		Renealmia pluriplicata			
533031			Viridiplantae	Streptophyta	Magnoliopsida	Sapindales	Burseraceae	Canarium		Canarium schweinfurthii			
277990			Viridiplantae	Streptophyta	Magnoliopsida	Caryophyllales	Amaranthaceae	Amaranthus		Amaranthus tuberculatus			
175189			Viridiplantae	Streptophyta	Magnoliopsida	Saxifragales	Grossulariaceae	Ribes		Ribes cereum			
151559			Viridiplantae	Streptophyta	Pinopsida	Pinales	Pinaceae	Pinus	Pinus subgen. Strobus	Pinus flexilis			
3331			Viridiplantae	Streptophyta	Pinopsida	Pinales	Pinaceae	Picea		Picea pungens			
1316783			Viridiplantae	Streptophyta	Pinopsida	Pinales	Pinaceae	Abies		Abies lasiocarpa	Abies lasiocarpa var. bifolia		
32221			Viridiplantae	Streptophyta	Magnoliopsida	Rosales	Rosaceae	Cercocarpus		Cercocarpus ledifolius			
3693			Viridiplantae	Streptophyta	Magnoliopsida	Malpighiales	Salicaceae	Populus		Populus tremuloides			
58039			Viridiplantae	Streptophyta	Pinopsida	Cupressales	Cupressaceae	Juniperus		Juniperus communis			
3344			Viridiplantae	Streptophyta	Pinopsida	Pinales	Pinaceae	Pinus	Pinus subgen. Strobus	Pinus longaeva			
4203			Viridiplantae	Streptophyta	Magnoliopsida	Dipsacales	Adoxaceae	Sambucus		Sambucus racemosa			
3334			Viridiplantae	Streptophyta	Pinopsida	Pinales	Pinaceae	Picea		Picea engelmannii			
466205			Viridiplantae	Streptophyta	Pinopsida	Cupressales	Cupressaceae	Juniperus		Juniperus scopulorum			
175219			Viridiplantae	Streptophyta	Magnoliopsida	Saxifragales	Grossulariaceae	Ribes		Ribes montigenum			
3357			Viridiplantae	Streptophyta	Pinopsida	Pinales	Pinaceae	Pseudotsuga		Pseudotsuga menziesii			
4023			Viridiplantae	Streptophyta	Magnoliopsida	Sapindales	Sapindaceae	Acer		Acer negundo			
4025			Viridiplantae	Streptophyta	Magnoliopsida	Sapindales	Sapindaceae	Acer		Acer platanoides			
45314			Viridiplantae	Streptophyta	Magnoliopsida	Sapindales	Sapindaceae	Acer		Acer rubrum			
32219			Viridiplantae	Streptophyta	Magnoliopsida	Rosales	Rosaceae	Amelanchier		Amelanchier alnifolia			
12953			Viridiplantae	Streptophyta	Magnoliopsida	Magnoliales	Annonaceae	Asimina		Asimina triloba			
121720			Viridiplantae	Streptophyta	Magnoliopsida	Ranunculales	Berberidaceae	Berberis		Berberis thunbergii			
108411			Viridiplantae	Streptophyta	Magnoliopsida	Pandanales	Cyclanthaceae	Carludovica		Carludovica palmata			
139928			Viridiplantae	Streptophyta	Magnoliopsida	Fagales	Juglandaceae	Carya		Carya cordiformis			
13403			Viridiplantae	Streptophyta	Magnoliopsida	Fagales	Juglandaceae	Carya		Carya glabra			
60418			Viridiplantae	Streptophyta	Magnoliopsida	Fagales	Juglandaceae	Carya		Carya ovata			
91227			Viridiplantae	Streptophyta	Magnoliopsida	Fagales	Juglandaceae	Carya		Carya tomentosa			
134033			Viridiplantae	Streptophyta	Magnoliopsida	Fagales	Fagaceae	Castanea		Castanea dentata			
49801			Viridiplantae	Streptophyta	Magnoliopsida	Fabales	Fabaceae	Cercis		Cercis canadensis			
126363			Viridiplantae	Streptophyta	Magnoliopsida	Lamiales	Oleaceae	Chionanthus		Chionanthus virginicus			
16902			Viridiplantae	Streptophyta	Magnoliopsida	Cornales	Cornaceae	Cornus		Cornus alternifolia			
4283			Viridiplantae	Streptophyta	Magnoliopsida	Cornales	Cornaceae	Cornus		Cornus florida			
78632			Viridiplantae	Streptophyta	Magnoliopsida	Fagales	Betulaceae	Corylus		Corylus americana			
23159			Viridiplantae	Streptophyta	Magnoliopsida	Rosales	Rosaceae	Crataegus					
13493			Viridiplantae	Streptophyta	Magnoliopsida	Ericales	Ebenaceae	Diospyros		Diospyros virginiana			
43233			Viridiplantae	Streptophyta	Magnoliopsida	Rosales	Elaeagnaceae	Elaeagnus		Elaeagnus umbellata			
60423			Viridiplantae	Streptophyta	Magnoliopsida	Fagales	Fagaceae	Fagus		Fagus grandifolia			
38872			Viridiplantae	Streptophyta	Magnoliopsida	Lamiales	Oleaceae	Fraxinus		Fraxinus americana			
56031			Viridiplantae	Streptophyta	Magnoliopsida	Lamiales	Oleaceae	Fraxinus		Fraxinus nigra			
56036			Viridiplantae	Streptophyta	Magnoliopsida	Lamiales	Oleaceae	Fraxinus		Fraxinus pennsylvanica			
4397			Viridiplantae	Streptophyta	Magnoliopsida	Saxifragales	Hamamelidaceae	Hamamelis		Hamamelis virginiana			
185559			Viridiplantae	Streptophyta	Magnoliopsida	Aquifoliales	Aquifoliaceae	Ilex		Ilex verticillata			
91214			Viridiplantae	Streptophyta	Magnoliopsida	Fagales	Juglandaceae	Juglans		Juglans cinerea			
16719			Viridiplantae	Streptophyta	Magnoliopsida	Fagales	Juglandaceae	Juglans		Juglans nigra			
39584			Viridiplantae	Streptophyta	Pinopsida	Cupressales	Cupressaceae	Juniperus		Juniperus virginiana			
55958			Viridiplantae	Streptophyta	Magnoliopsida	Laurales	Lauraceae	Lindera		Lindera benzoin			
3415			Viridiplantae	Streptophyta	Magnoliopsida	Magnoliales	Magnoliaceae	Liriodendron		Liriodendron tulipifera			
51255			Viridiplantae	Streptophyta	Magnoliopsida	Dipsacales	Caprifoliaceae	Lonicera		Lonicera maackii			
4292			Viridiplantae	Streptophyta	Magnoliopsida	Cornales	Nyssaceae	Nyssa		Nyssa sylvatica			
13622			Viridiplantae	Streptophyta	Magnoliopsida	Fagales	Betulaceae	Ostrya		Ostrya virginiana			
39353			Viridiplantae	Streptophyta	Magnoliopsida	Lamiales	Paulowniaceae	Paulownia		Paulownia tomentosa			
164241			Viridiplantae	Streptophyta	Pinopsida	Pinales	Pinaceae	Pinus	Pinus subgen. Pinus	Pinus pungens			
3348			Viridiplantae	Streptophyta	Pinopsida	Pinales	Pinaceae	Pinus	Pinus subgen. Strobus	Pinus strobus			
71654			Viridiplantae	Streptophyta	Pinopsida	Pinales	Pinaceae	Pinus	Pinus subgen. Pinus	Pinus virginiana			
4403			Viridiplantae	Streptophyta	Magnoliopsida	Proteales	Platanaceae	Platanus		Platanus occidentalis			
42229			Viridiplantae	Streptophyta	Magnoliopsida	Rosales	Rosaceae	Prunus		Prunus avium			
23207			Viridiplantae	Streptophyta	Magnoliopsida	Rosales	Rosaceae	Prunus		Prunus serotina			
3513			Viridiplantae	Streptophyta	Magnoliopsida	Fagales	Fagaceae	Quercus		Quercus alba			
354624			Viridiplantae	Streptophyta	Magnoliopsida	Fagales	Fagaceae	Quercus		Quercus coccinea			
262624			Viridiplantae	Streptophyta	Magnoliopsida	Fagales	Fagaceae	Quercus		Quercus michauxii			
1266343			Viridiplantae	Streptophyta	Magnoliopsida	Fagales	Fagaceae	Quercus		Quercus muehlenbergii			
3511			Viridiplantae	Streptophyta	Magnoliopsida	Fagales	Fagaceae	Quercus					
3512			Viridiplantae	Streptophyta	Magnoliopsida	Fagales	Fagaceae	Quercus		Quercus rubra			
500452			Viridiplantae	Streptophyta	Magnoliopsida	Fagales	Fagaceae	Quercus		Quercus velutina			
35938			Viridiplantae	Streptophyta	Magnoliopsida	Fabales	Fabaceae	Robinia		Robinia pseudoacacia			
75062	Rosoideae incertae sedis		Viridiplantae	Streptophyta	Magnoliopsida	Rosales	Rosaceae	Rubus		Rubus allegheniensis			
75085	Rosoideae incertae sedis		Viridiplantae	Streptophyta	Magnoliopsida	Rosales	Rosaceae	Rubus		Rubus phoenicolasius			
57008			Viridiplantae	Streptophyta	Magnoliopsida	Dipsacales	Adoxaceae	Sambucus		Sambucus canadensis			
46945			Viridiplantae	Streptophyta	Magnoliopsida	Laurales	Lauraceae	Sassafras		Sassafras albidum			
66669			Viridiplantae	Streptophyta	Magnoliopsida	Malvales	Malvaceae	Tilia		Tilia americana			
29740			Viridiplantae	Streptophyta	Magnoliopsida	Rosales	Ulmaceae	Ulmus		Ulmus americana			
102693			Viridiplantae	Streptophyta	Magnoliopsida	Rosales	Ulmaceae	Ulmus		Ulmus rubra			
4205			Viridiplantae	Streptophyta	Magnoliopsida	Dipsacales	Adoxaceae	Viburnum		Viburnum acerifolium			
237954			Viridiplantae	Streptophyta	Magnoliopsida	Dipsacales	Adoxaceae	Viburnum		Viburnum prunifolium			
3335			Viridiplantae	Streptophyta	Pinopsida	Pinales	Pinaceae	Picea		Picea mariana			
21018			Viridiplantae	Streptophyta	Magnoliopsida	Fagales	Betulaceae	Betula		Betula glandulosa			
216987			Viridiplantae	Streptophyta	Magnoliopsida	Fagales	Betulaceae	Betula		Betula neoalaskana			
3353			Viridiplantae	Streptophyta	Pinopsida	Pinales	Pinaceae	Pinus	Pinus subgen. Pinus	Pinus banksiana			
3330			Viridiplantae	Streptophyta	Pinopsida	Pinales	Pinaceae	Picea		Picea glauca			
40685			Viridiplantae	Streptophyta	Magnoliopsida	Malpighiales	Salicaceae	Salix					
3518			Viridiplantae	Streptophyta	Magnoliopsida	Fagales	Betulaceae	Alnus		Alnus alnobetula		Alnus alnobetula subsp. crispa	
3326			Viridiplantae	Streptophyta	Pinopsida	Pinales	Pinaceae	Larix		Larix laricina			
3504			Viridiplantae	Streptophyta	Magnoliopsida	Fagales	Betulaceae	Betula					
45902			Viridiplantae	Streptophyta	Magnoliopsida	Ericales	Ericaceae	Kalmia		Kalmia latifolia			
69266			Viridiplantae	Streptophyta	Magnoliopsida	Ericales	Ericaceae	Vaccinium		Vaccinium corymbosum			
61589			Viridiplantae	Streptophyta	Magnoliopsida	Dipsacales	Adoxaceae	Viburnum		Viburnum dentatum			
36777			Viridiplantae	Streptophyta	Magnoliopsida	Rosales	Elaeagnaceae	Elaeagnus		Elaeagnus angustifolia			
167422			Viridiplantae	Streptophyta	Magnoliopsida	Fagales	Fagaceae	Quercus		Quercus falcata			
2004445			Viridiplantae	Streptophyta	Magnoliopsida	Fagales	Fagaceae	Quercus		Quercus pagoda			
101729			Viridiplantae	Streptophyta	Magnoliopsida	Aquifoliales	Aquifoliaceae	Ilex		Ilex opaca			
4400			Viridiplantae	Streptophyta	Magnoliopsida	Saxifragales	Altingiaceae	Liquidambar		Liquidambar styraciflua			
1620028			Viridiplantae	Streptophyta	Magnoliopsida	Fagales	Juglandaceae	Carya		Carya alba			
3352			Viridiplantae	Streptophyta	Pinopsida	Pinales	Pinaceae	Pinus	Pinus subgen. Pinus	Pinus taeda			
13341			Viridiplantae	Streptophyta	Magnoliopsida	Apiales	Araliaceae	Aralia		Aralia spinosa			
75714			Viridiplantae	Streptophyta	Magnoliopsida	Malpighiales	Salicaceae	Salix		Salix nigra			
49464			Viridiplantae	Streptophyta	Magnoliopsida	Ericales	Ericaceae	Rhododendron		Rhododendron arborescens			
13596			Viridiplantae	Streptophyta	Magnoliopsida	Lamiales	Oleaceae	Ligustrum					
4202			Viridiplantae	Streptophyta	Magnoliopsida	Dipsacales	Adoxaceae	Sambucus		Sambucus nigra			
102699			Viridiplantae	Streptophyta	Magnoliopsida	Fagales	Fagaceae	Quercus		Quercus stellata			
43461			Viridiplantae	Streptophyta	Magnoliopsida	Gentianales	Rubiaceae	Cephalanthus		Cephalanthus occidentalis			
52523			Viridiplantae	Streptophyta	Magnoliopsida	Rosales	Rosaceae	Amelanchier		Amelanchier canadensis			
280013			Viridiplantae	Streptophyta	Magnoliopsida	Rosales	Rhamnaceae	Frangula		Frangula caroliniana			
1370061			Viridiplantae	Streptophyta	Magnoliopsida	Fagales	Juglandaceae	Carya		Carya texana			
237956			Viridiplantae	Streptophyta	Magnoliopsida	Dipsacales	Adoxaceae	Viburnum		Viburnum rufidulum			
367342			Viridiplantae	Streptophyta	Magnoliopsida	Cornales	Cornaceae	Cornus		Cornus drummondii			
122118			Viridiplantae	Streptophyta	Magnoliopsida	Rosales	Rosaceae	Prunus		Prunus americana			
478951			Viridiplantae	Streptophyta	Magnoliopsida	Fagales	Fagaceae	Quercus		Quercus marilandica			
102691			Viridiplantae	Streptophyta	Magnoliopsida	Ericales	Sapotaceae	Sideroxylon		Sideroxylon lanuginosum			
2071413			Viridiplantae	Streptophyta	Magnoliopsida	Rosales	Cannabaceae	Celtis		Celtis tenuifolia			
54874			Viridiplantae	Streptophyta	Magnoliopsida	Fabales	Fabaceae	Gleditsia		Gleditsia triacanthos			
4024			Viridiplantae	Streptophyta	Magnoliopsida	Sapindales	Sapindaceae	Acer		Acer saccharum			
289774			Viridiplantae	Streptophyta	Magnoliopsida	Sapindales	Anacardiaceae	Toxicodendron		Toxicodendron vernix			
482945			Viridiplantae	Streptophyta	Magnoliopsida	Malpighiales	Salicaceae	Populus		Populus grandidentata			
354526			Viridiplantae	Streptophyta	Magnoliopsida	Sapindales	Rutaceae	Zanthoxylum		Zanthoxylum americanum			
133204			Viridiplantae	Streptophyta	Magnoliopsida	Rosales	Rosaceae	Prunus		Prunus virginiana			
2527811			Viridiplantae	Streptophyta	Magnoliopsida	Fagales	Fagaceae	Quercus		Quercus x hawkinsiae			
366638			Viridiplantae	Streptophyta	Magnoliopsida	Cornales	Cornaceae	Cornus		Cornus amomum			
208494			Viridiplantae	Streptophyta	Magnoliopsida	Saxifragales	Grossulariaceae	Ribes		Ribes cynosbati			
21017			Viridiplantae	Streptophyta	Magnoliopsida	Fagales	Betulaceae	Betula		Betula alleghaniensis			
97174			Viridiplantae	Streptophyta	Pinopsida	Pinales	Pinaceae	Abies		Abies amabilis			
3359			Viridiplantae	Streptophyta	Pinopsida	Pinales	Pinaceae	Tsuga		Tsuga heterophylla			
66207			Viridiplantae	Streptophyta	Magnoliopsida	Sapindales	Sapindaceae	Acer		Acer circinatum			
46220			Viridiplantae	Streptophyta	Pinopsida	Cupressales	Taxaceae	Taxus		Taxus brevifolia			
73103			Viridiplantae	Streptophyta	Magnoliopsida	Ericales	Ericaceae	Rhododendron		Rhododendron macrophyllum			
3316			Viridiplantae	Streptophyta	Pinopsida	Cupressales	Cupressaceae	Thuja		Thuja plicata			
187150			Viridiplantae	Streptophyta	Magnoliopsida	Ericales	Ericaceae	Rhododendron		Rhododendron menziesii			
60120			Viridiplantae	Streptophyta	Magnoliopsida	Cornales	Cornaceae	Cornus		Cornus nuttallii			
13452			Viridiplantae	Streptophyta	Magnoliopsida	Fagales	Betulaceae	Corylus		Corylus cornuta			
32230			Viridiplantae	Streptophyta	Magnoliopsida	Rosales	Rosaceae	Holodiscus		Holodiscus discolor			
180766			Viridiplantae	Streptophyta	Magnoliopsida	Ericales	Ericaceae	Vaccinium		Vaccinium parvifolium			
73102			Viridiplantae	Streptophyta	Magnoliopsida	Ericales	Ericaceae	Gaultheria		Gaultheria shallon			
46611			Viridiplantae	Streptophyta	Pinopsida	Pinales	Pinaceae	Abies		Abies grandis			
198914			Viridiplantae	Streptophyta	Magnoliopsida	Fabales	Fabaceae	Indigofera		Indigofera tinctoria			
43891			Viridiplantae	Streptophyta	Magnoliopsida	Sapindales	Meliaceae	Swietenia		Swietenia macrophylla			
2598623			Viridiplantae	Streptophyta	Magnoliopsida	Solanales	Solanaceae	Solanum		Solanum cladotrichum			
2072293			Viridiplantae	Streptophyta	Magnoliopsida	Solanales	Solanaceae	Solanum		Solanum argenteum			
205536			Viridiplantae	Streptophyta	Magnoliopsida	Solanales	Solanaceae	Solanum		Solanum capsicoides			
2072295			Viridiplantae	Streptophyta	Magnoliopsida	Solanales	Solanaceae	Solanum		Solanum swartzianum			
2072294			Viridiplantae	Streptophyta	Magnoliopsida	Solanales	Solanaceae	Solanum		Solanum pseudoquina			
2598621			Viridiplantae	Streptophyta	Magnoliopsida	Solanales	Solanaceae	Solanum		Solanum caavurana			
681489			Viridiplantae	Streptophyta	Magnoliopsida	Solanales	Solanaceae	Solanum		Solanum asperum			
463880			Viridiplantae	Streptophyta	Magnoliopsida	Rosales	Moraceae	Ficus		Ficus tikoua			
33118			Viridiplantae	Streptophyta	Magnoliopsida	Solanales	Solanaceae	Nicandra		Nicandra physalodes			
1571642			Viridiplantae	Streptophyta	Magnoliopsida	Fabales	Polygalaceae	Polygala		Polygala fallax			
1196212			Viridiplantae	Streptophyta	Magnoliopsida	Fabales	Fabaceae	Sophora		Sophora viciifolia			
436500			Viridiplantae	Streptophyta	Magnoliopsida	Dipsacales	Adoxaceae	Viburnum		Viburnum foetidum			
296042			Viridiplantae	Streptophyta	Magnoliopsida	Malpighiales	Phyllanthaceae	Breynia		Breynia fruticosa			
2044324			Viridiplantae	Streptophyta	Magnoliopsida	Fabales	Fabaceae	Codariocalyx		Codariocalyx gyroides			
798267	Andropogonodae		Viridiplantae	Streptophyta	Magnoliopsida	Poales	Poaceae	Polytrias		Polytrias indica			
193312			Viridiplantae	Streptophyta	Magnoliopsida	Rosales	Rosaceae	Stranvaesia		Stranvaesia davidiana			
191885			Viridiplantae	Streptophyta	Magnoliopsida	Fabales	Fabaceae	Biancaea		Biancaea decapetala			
1892693			Viridiplantae	Streptophyta	Magnoliopsida	Gentianales	Gentianaceae	Gentiana		Gentiana pubigera			
1898882			Viridiplantae	Streptophyta	Magnoliopsida	Myrtales	Melastomataceae	Oxyspora		Oxyspora paniculata			
467334			Viridiplantae	Streptophyta	Magnoliopsida	Caryophyllales	Polygonaceae	Persicaria		Persicaria orientalis			
1277777			Viridiplantae	Streptophyta	Magnoliopsida	Ranunculales	Ranunculaceae	Thalictrum		Thalictrum foliolosum			
451700			Viridiplantae	Streptophyta	Magnoliopsida	Saxifragales	Hamamelidaceae	Corylopsis		Corylopsis multiflora			
425828			Viridiplantae	Streptophyta	Magnoliopsida	Fagales	Fagaceae	Lithocarpus		Lithocarpus litseifolius			
1705973			Viridiplantae	Streptophyta	Magnoliopsida	Proteales	Sabiaceae	Sabia		Sabia schumanniana			
201513			Viridiplantae	Streptophyta	Magnoliopsida	Lamiales	Lamiaceae	Clerodendrum		Clerodendrum yunnanense			
321607			Viridiplantae	Streptophyta	Magnoliopsida	Rosales	Rosaceae	Geum		Geum japonicum			
1348735			Viridiplantae	Streptophyta	Magnoliopsida	Lamiales	Orobanchaceae	Pedicularis		Pedicularis henryi			
190240			Viridiplantae	Streptophyta	Magnoliopsida	Malvales	Malvaceae	Byttneria		Byttneria aspera			
648858			Viridiplantae	Streptophyta	Magnoliopsida	Asterales	Asteraceae	Dichrocephala		Dichrocephala benthamii			
212239			Viridiplantae	Streptophyta	Magnoliopsida	Malpighiales	Hypericaceae	Hypericum		Hypericum patulum			
1049785			Viridiplantae	Streptophyta	Magnoliopsida	Asterales	Campanulaceae	Peracarpa		Peracarpa carnosa			
174652			Viridiplantae	Streptophyta	Magnoliopsida	Caryophyllales	Polygonaceae	Rumex		Rumex nepalensis			
1056460			Viridiplantae	Streptophyta	Magnoliopsida	Sapindales	Rutaceae	Zanthoxylum		Zanthoxylum acanthopodium			
1092581	Andropogonodae		Viridiplantae	Streptophyta	Magnoliopsida	Poales	Poaceae	Hemarthria		Hemarthria compressa			
435764	Panicodae		Viridiplantae	Streptophyta	Magnoliopsida	Poales	Poaceae	Ottochloa		Ottochloa nodosa			
228813			Viridiplantae	Streptophyta	Magnoliopsida	Alismatales	Araceae	Arisaema		Arisaema franchetianum			
244311			Viridiplantae	Streptophyta	Magnoliopsida	Asterales	Asteraceae	Erigeron		Erigeron breviscapus			
344832			Viridiplantae	Streptophyta	Magnoliopsida	Rosales	Urticaceae	Pilea		Pilea plataniflora			
230597			Viridiplantae	Streptophyta	Magnoliopsida	Apiales	Araliaceae	Heptapleurum		Heptapleurum delavayi			
50810			Viridiplantae	Streptophyta	Magnoliopsida	Gentianales	Gentianaceae	Tripterospermum		Tripterospermum cordatum			
912968			Viridiplantae	Streptophyta	Magnoliopsida	Fabales	Fabaceae	Calliandra		Calliandra haematocephala			
4477			Viridiplantae	Streptophyta	Magnoliopsida	Alismatales	Araceae	Pistia		Pistia stratiotes			
49036			Viridiplantae	Streptophyta	Magnoliopsida	Lamiales	Gesneriaceae	Paraboea		Paraboea rufescens			
354524			Viridiplantae	Streptophyta	Magnoliopsida	Sapindales	Rutaceae	Tetradium		Tetradium trichotomum			
1701078			Viridiplantae	Streptophyta	Magnoliopsida	Caryophyllales	Caryophyllaceae	Eremogone		Eremogone saxatilis			
180758			Viridiplantae	Streptophyta	Magnoliopsida	Ericales	Ericaceae	Vaccinium		Vaccinium fragile			
91508	Andropogonodae		Viridiplantae	Streptophyta	Magnoliopsida	Poales	Poaceae	Apluda		Apluda mutica			
1718245	Andropogonodae		Viridiplantae	Streptophyta	Magnoliopsida	Poales	Poaceae	Hildaea		Hildaea pallens			
1205775			Viridiplantae	Streptophyta	Magnoliopsida	Lamiales	Acanthaceae	Rungia		Rungia pectinata			
496686			Viridiplantae	Streptophyta	Magnoliopsida	Apiales	Apiaceae	Pimpinella		Pimpinella candolleana			
57009			Viridiplantae	Streptophyta	Magnoliopsida	Dipsacales	Adoxaceae	Sambucus		Sambucus javanica			
225833			Viridiplantae	Streptophyta	Magnoliopsida	Magnoliales	Annonaceae	Artabotrys		Artabotrys hexapetalus			
461634			Viridiplantae	Streptophyta	Magnoliopsida	Ranunculales	Menispermaceae	Stephania		Stephania rotunda			
272673			Viridiplantae	Streptophyta	Polypodiopsida	Polypodiales	Polypodiaceae	Aglaomorpha		Aglaomorpha bonii			
109171			Viridiplantae	Streptophyta	Magnoliopsida	Fabales	Fabaceae	Pachyrhizus		Pachyrhizus erosus			
459060			Viridiplantae	Streptophyta	Magnoliopsida	Rosales	Moraceae	Ficus		Ficus exasperata			
162718			Viridiplantae	Streptophyta	Magnoliopsida	Fabales	Fabaceae	Copaifera		Copaifera salikounda			
1353961			Viridiplantae	Streptophyta	Lycopodiopsida	Selaginellales	Selaginellaceae	Selaginella		Selaginella delicatula			
403110			Viridiplantae	Streptophyta	Magnoliopsida	Gentianales	Apocynaceae	Melodinus		Melodinus cochinchinensis			
29615			Viridiplantae	Streptophyta	Polypodiopsida	Polypodiales	Athyriaceae	Diplazium		Diplazium esculentum			
50346	Andropogoneae incertae sedis		Viridiplantae	Streptophyta	Magnoliopsida	Poales	Poaceae	Tripidium		Tripidium arundinaceum			
2100126			Viridiplantae	Streptophyta	Magnoliopsida	Caryophyllales	Polygonaceae	Persicaria		Persicaria tenella			
1960964			Viridiplantae	Streptophyta	Magnoliopsida	Ranunculales	Menispermaceae	Tinospora		Tinospora baenzigeri			
587578			Viridiplantae	Streptophyta	Magnoliopsida	Sapindales	Meliaceae	Entandrophragma		Entandrophragma utile			
1195022			Viridiplantae	Streptophyta	Magnoliopsida	Sapindales	Sapindaceae	Zanha		Zanha golungensis			
171939			Viridiplantae	Streptophyta	Magnoliopsida	Sapindales	Anacardiaceae	Mangifera		Mangifera pentandra			
1898706			Viridiplantae	Streptophyta	Magnoliopsida	Myrtales	Combretaceae	Getonia		Getonia floribunda			
162772			Viridiplantae	Streptophyta	Magnoliopsida	Fabales	Fabaceae	Erythrophleum		Erythrophleum suaveolens			
170033			Viridiplantae	Streptophyta	Magnoliopsida	Gentianales	Rubiaceae	Fleroya		Fleroya stipulosa			
1006144	rosids incertae sedis		Viridiplantae	Streptophyta	Magnoliopsida	Vitales	Vitaceae	Tetrastigma		Tetrastigma strumarum			
1052008			Viridiplantae	Streptophyta	Magnoliopsida	Poales	Cyperaceae	Cyperus		Cyperus diffusus			
38208			Viridiplantae	Streptophyta	Magnoliopsida	Asparagales	Orchidaceae	Bulbophyllum					
159058			Viridiplantae	Streptophyta	Magnoliopsida	Sapindales	Rutaceae	Micromelum		Micromelum hirsutum			
170031			Viridiplantae	Streptophyta	Magnoliopsida	Gentianales	Rubiaceae	Corynanthe		Corynanthe pachyceras			
236733			Viridiplantae	Streptophyta	Magnoliopsida	Rosales	Cannabaceae	Celtis		Celtis australis			
88036			Viridiplantae	Streptophyta	Lycopodiopsida	Selaginellales	Selaginellaceae	Selaginella		Selaginella moellendorffii			
1224204			Viridiplantae	Streptophyta	Magnoliopsida	Asterales	Asteraceae	Vernonia		Vernonia elaeagnifolia			
210340			Viridiplantae	Streptophyta	Magnoliopsida	Malpighiales	Phyllanthaceae	Bischofia		Bischofia javanica			
570480			Viridiplantae	Streptophyta	Magnoliopsida	Ericales	Ebenaceae	Diospyros		Diospyros crassiflora			
224908			Viridiplantae	Streptophyta	Magnoliopsida	Magnoliales	Myristicaceae	Staudtia		Staudtia kamerunensis			
32079			Viridiplantae	Streptophyta	Polypodiopsida	Polypodiales	Blechnaceae	Stenochlaena		Stenochlaena palustris			
1804071			Viridiplantae	Streptophyta	Magnoliopsida	Alismatales	Araceae	Homalomena		Homalomena aromatica			
3735			Viridiplantae	Streptophyta	Magnoliopsida	Brassicales	Moringaceae	Moringa		Moringa oleifera			
3668			Viridiplantae	Streptophyta	Magnoliopsida	Cucurbitales	Cucurbitaceae	Lagenaria		Lagenaria siceraria			
2109291			Viridiplantae	Streptophyta	Magnoliopsida	Magnoliales	Annonaceae	Anonidium		Anonidium mannii			
372763			Viridiplantae	Streptophyta	Magnoliopsida	Ericales	Lecythidaceae	Petersianthus		Petersianthus macrocarpus			
397404			Viridiplantae	Streptophyta	Magnoliopsida	Santalales	Strombosiaceae	Strombosia		Strombosia grandifolia			
396489			Viridiplantae	Streptophyta	Magnoliopsida	Malpighiales	Euphorbiaceae	Mallotus		Mallotus oppositifolius			
1940509			Viridiplantae	Streptophyta	Magnoliopsida	Fabales	Fabaceae	Aubrevillea		Aubrevillea kerstingii			
1521447			Viridiplantae	Streptophyta	Magnoliopsida	Malvales	Malvaceae	Triplochiton		Triplochiton scleroxylon			
1487832			Viridiplantae	Streptophyta	Magnoliopsida	Malpighiales	Euphorbiaceae	Pycnocoma		Pycnocoma chevalieri			
61310			Viridiplantae	Streptophyta	Polypodiopsida	Polypodiales	Polypodiaceae	Platycerium		Platycerium angolense			
99072			Viridiplantae	Streptophyta	Magnoliopsida	Asterales	Asteraceae	Leucanthemum		Leucanthemum vulgare			
105906			Viridiplantae	Streptophyta	Magnoliopsida	Dipsacales	Caprifoliaceae	Succisa		Succisa pratensis			
1317686			Viridiplantae	Streptophyta	Magnoliopsida	Rosales	Urticaceae	Musanga		Musanga cecropioides			
172216			Viridiplantae	Streptophyta	Magnoliopsida	Gentianales	Rubiaceae	Craterispermum		Craterispermum laurinum			
233668			Viridiplantae	Streptophyta	Magnoliopsida	Ericales	Sapotaceae	Autranella		Autranella congolensis			
53862			Viridiplantae	Streptophyta	Magnoliopsida	Fabales	Fabaceae	Dalbergia					
126559			Viridiplantae	Streptophyta	Magnoliopsida	Lamiales	Oleaceae	Phillyrea		Phillyrea media			
403115			Viridiplantae	Streptophyta	Magnoliopsida	Gentianales	Apocynaceae	Rauvolfia		Rauvolfia vomitoria			
2708920			Viridiplantae	Streptophyta	Magnoliopsida	Malpighiales	Achariaceae	Caloncoba		Caloncoba welwitschii			
162643			Viridiplantae	Streptophyta	Magnoliopsida	Fabales	Fabaceae	Afzelia		Afzelia bipindensis			
103768			Viridiplantae	Streptophyta	Magnoliopsida	Lamiales	Acanthaceae	Whitfieldia		Whitfieldia elongata			
587580			Viridiplantae	Streptophyta	Magnoliopsida	Sapindales	Meliaceae	Lovoa		Lovoa trichilioides			
81982			Viridiplantae	Streptophyta	Magnoliopsida	Brassicales	Brassicaceae	Pseudoturritis		Pseudoturritis turrita			
75960			Viridiplantae	Streptophyta	Magnoliopsida	Asterales	Asteraceae	Cicerbita		Cicerbita muralis			
761062			Viridiplantae	Streptophyta	Magnoliopsida	Gentianales	Apocynaceae	Tabernaemontana		Tabernaemontana crassa			
148720			Viridiplantae	Streptophyta	Magnoliopsida	Fabales	Fabaceae	Piptadeniastrum		Piptadeniastrum africanum			
316698			Viridiplantae	Streptophyta	Magnoliopsida	Malpighiales	Euphorbiaceae	Alchornea		Alchornea laxiflora			
91097			Viridiplantae	Streptophyta	Magnoliopsida	Saxifragales	Crassulaceae	Hylotelephium		Hylotelephium telephium			
268080			Viridiplantae	Streptophyta	Magnoliopsida	Asterales	Asteraceae	Lapsana		Lapsana communis			
155017			Viridiplantae	Streptophyta	Magnoliopsida	Myrtales	Combretaceae	Terminalia					
430989			Viridiplantae	Streptophyta	Magnoliopsida	Sapindales	Meliaceae	Trichilia		Trichilia prieureana			
201509			Viridiplantae	Streptophyta	Magnoliopsida	Lamiales	Lamiaceae	Gmelina		Gmelina arborea			
134913			Viridiplantae	Streptophyta	Magnoliopsida	Saxifragales	Grossulariaceae	Ribes		Ribes alpinum			
47082			Viridiplantae	Streptophyta	Magnoliopsida	Fabales	Fabaceae	Melilotus		Melilotus albus			
1007327			Viridiplantae	Streptophyta	Magnoliopsida	Malvales	Malvaceae	Desplatsia		Desplatsia dewevrei			
106677			Viridiplantae	Streptophyta	Magnoliopsida	Rosales	Rhamnaceae	Frangula		Frangula alnus			
1930810			Viridiplantae	Streptophyta	Magnoliopsida	Sapindales	Meliaceae	Entandrophragma		Entandrophragma candollei			
2851915			Viridiplantae	Streptophyta	Magnoliopsida	Ericales	Sapotaceae	Gambeya		Gambeya subnuda			
59788	Panicodae		Viridiplantae	Streptophyta	Magnoliopsida	Poales	Poaceae	Megathyrsus		Megathyrsus maximus			
379951			Viridiplantae	Streptophyta	Magnoliopsida	Geraniales	Geraniaceae	Geranium		Geranium nodosum			
20997			Viridiplantae	Streptophyta	Magnoliopsida	Fabales	Fabaceae	Wisteria		Wisteria sinensis			
1280209			Viridiplantae	Streptophyta	Magnoliopsida	Asparagales	Asparagaceae	Dracaena		Dracaena arborea			
324797			Viridiplantae	Streptophyta	Magnoliopsida	Lamiales	Thomandersiaceae	Thomandersia		Thomandersia laurifolia			
389499			Viridiplantae	Streptophyta	Polypodiopsida	Polypodiales	Nephrolepidaceae	Nephrolepis		Nephrolepis biserrata			
244001			Viridiplantae	Streptophyta	Polypodiopsida	Polypodiales	Aspleniaceae	Asplenium		Asplenium onopteris			
1195013			Viridiplantae	Streptophyta	Magnoliopsida	Sapindales	Sapindaceae	Pancovia		Pancovia laurentii			
714492			Viridiplantae	Streptophyta	Magnoliopsida	Fabales	Fabaceae	Toxicopueraria		Toxicopueraria peduncularis			
676073			Viridiplantae	Streptophyta	Magnoliopsida	Cucurbitales	Cucurbitaceae	Trichosanthes		Trichosanthes rosthornii			
340443			Viridiplantae	Streptophyta	Magnoliopsida	Malvales	Dipterocarpaceae	Dipterocarpus		Dipterocarpus tuberculatus			
2516486			Viridiplantae	Streptophyta	Magnoliopsida	Malvales	Thymelaeaceae	Enkleia		Enkleia malaccensis			
338494	Bambusodae		Viridiplantae	Streptophyta	Magnoliopsida	Poales	Poaceae	Gigantochloa		Gigantochloa albociliata			
1651117			Viridiplantae	Streptophyta	Gnetopsida	Gnetales	Gnetaceae	Gnetum		Gnetum edule			
63066			Viridiplantae	Streptophyta	Magnoliopsida	Rosales	Ulmaceae	Holoptelea		Holoptelea integrifolia			
429496			Viridiplantae	Streptophyta	Magnoliopsida	Gentianales	Apocynaceae	Ichnocarpus		Ichnocarpus frutescens			
1633950			Viridiplantae	Streptophyta	Magnoliopsida	Ericales	Ericaceae	Vaccinium		Vaccinium urceolatum			
54804			Viridiplantae	Streptophyta	Magnoliopsida	Caryophyllales	Polygonaceae	Persicaria		Persicaria chinensis			
138141			Viridiplantae	Streptophyta	Magnoliopsida	Zingiberales	Zingiberaceae	Globba		Globba campsophylla			
61141			Viridiplantae	Streptophyta	Magnoliopsida	Malpighiales	Rhizophoraceae	Carallia		Carallia brachiata			
65979			Viridiplantae	Streptophyta	Magnoliopsida	Poales	Poaceae	Leersia		Leersia hexandra			
292001			Viridiplantae	Streptophyta	Magnoliopsida	Malvales	Dipterocarpaceae	Hopea		Hopea helferi			
2282342	Bambusodae		Viridiplantae	Streptophyta	Magnoliopsida	Poales	Poaceae	Gigantochloa		Gigantochloa parvifolia			
340444			Viridiplantae	Streptophyta	Magnoliopsida	Malvales	Dipterocarpaceae	Dipterocarpus		Dipterocarpus turbinatus			
76444			Viridiplantae	Streptophyta	Magnoliopsida	Poales	Cyperaceae	Fimbristylis		Fimbristylis dichotoma			
764175			Viridiplantae	Streptophyta	Magnoliopsida	Caryophyllales	Molluginaceae	Glinus		Glinus oppositifolius			
294377			Viridiplantae	Streptophyta	Magnoliopsida	Rosales	Rosaceae	Photinia		Photinia glabra			
432674			Viridiplantae	Streptophyta	Magnoliopsida	Dipsacales	Adoxaceae	Viburnum		Viburnum brachybotryum			
241844			Viridiplantae	Streptophyta	Magnoliopsida	Lamiales	Bignoniaceae	Dolichandrone		Dolichandrone spathacea			
2545981			Viridiplantae	Streptophyta	Magnoliopsida	Cardiopteridales	Cardiopteridaceae	Gonocaryum		Gonocaryum lobbianum			
131256			Viridiplantae	Streptophyta	Magnoliopsida	Arecales	Arecaceae	Arenga		Arenga caudata			
152390			Viridiplantae	Streptophyta	Magnoliopsida	Malvales	Dipterocarpaceae	Dipterocarpus		Dipterocarpus retusus			
138163			Viridiplantae	Streptophyta	Magnoliopsida	Zingiberales	Zingiberaceae	Globba		Globba schomburgkii			
1489667			Viridiplantae	Streptophyta	Magnoliopsida	Malpighiales	Phyllanthaceae	Hymenocardia		Hymenocardia punctata			
549705			Viridiplantae	Streptophyta	Magnoliopsida	Lamiales	Lamiaceae	Hymenopyramis		Hymenopyramis brachiata			
450288			Viridiplantae	Streptophyta	Magnoliopsida	Piperales	Piperaceae	Piper		Piper wallichii			
69381			Viridiplantae	Streptophyta	Magnoliopsida	Gentianales	Apocynaceae	Holarrhena		Holarrhena pubescens			
85215			Viridiplantae	Streptophyta	Magnoliopsida	Malpighiales	Irvingiaceae	Irvingia		Irvingia malayana			
680190			Viridiplantae	Streptophyta	Magnoliopsida	Lamiales	Lamiaceae	Clerodendrum		Clerodendrum indicum			
173849	Andropogonodae		Viridiplantae	Streptophyta	Magnoliopsida	Poales	Poaceae	Paspalum		Paspalum scrobiculatum			
1905569			Viridiplantae	Streptophyta	Magnoliopsida	Gentianales	Apocynaceae	Amalocalyx		Amalocalyx yunnanensis			
238825			Viridiplantae	Streptophyta	Polypodiopsida	Polypodiales	Pteridaceae	Cheilanthes		Cheilanthes argentea			
748691			Viridiplantae	Streptophyta	Magnoliopsida	Ranunculales	Ranunculaceae	Clematis		Clematis brevicaudata			
1158923			Viridiplantae	Streptophyta	Magnoliopsida	Lamiales	Lamiaceae	Rotheca		Rotheca serrata			
1531353			Viridiplantae	Streptophyta	Magnoliopsida	Gentianales	Rubiaceae	Galium		Galium asperifolium			
198854			Viridiplantae	Streptophyta	Magnoliopsida	Fabales	Fabaceae	Indigofera		Indigofera amblyantha			
1506269			Viridiplantae	Streptophyta	Magnoliopsida	Malvales	Dipterocarpaceae	Hopea		Hopea chinensis			
1237824			Viridiplantae	Streptophyta	Magnoliopsida	Malpighiales	Euphorbiaceae	Suregada		Suregada procera			
131138			Viridiplantae	Streptophyta	Magnoliopsida	Chloranthales	Chloranthaceae	Chloranthus		Chloranthus holostegius			
748694			Viridiplantae	Streptophyta	Magnoliopsida	Ranunculales	Ranunculaceae	Clematis		Clematis chrysocoma			
261451			Viridiplantae	Streptophyta	Magnoliopsida	Ranunculales	Ranunculaceae	Coptis		Coptis omeiensis			
41622			Viridiplantae	Streptophyta	Magnoliopsida	Asterales	Asteraceae	Gerbera		Gerbera piloselloides			
55483			Viridiplantae	Streptophyta	Magnoliopsida	Alismatales	Hydrocharitaceae	Ottelia		Ottelia alismoides			
557013			Viridiplantae	Streptophyta	Magnoliopsida	Sapindales	Sapindaceae	Mischocarpus		Mischocarpus pentapetalus			
928046			Viridiplantae	Streptophyta	Magnoliopsida	Asparagales	Asparagaceae	Chlorophytum		Chlorophytum minor			
126643			Viridiplantae	Streptophyta	Magnoliopsida	Piperales	Saururaceae	Gymnotheca		Gymnotheca chinensis			
204136			Viridiplantae	Streptophyta	Magnoliopsida	Lamiales	Lamiaceae	Isodon		Isodon ternifolius			
418274			Viridiplantae	Streptophyta	Magnoliopsida	Asterales	Asteraceae	Ainsliaea		Ainsliaea pertyoides			
168006			Viridiplantae	Streptophyta	Magnoliopsida	Ranunculales	Ranunculaceae	Anemone		Anemone rivularis			
38789			Viridiplantae	Streptophyta	Magnoliopsida	Ranunculales	Ranunculaceae	Clematis		Clematis apiifolia			
748704			Viridiplantae	Streptophyta	Magnoliopsida	Ranunculales	Ranunculaceae	Clematis		Clematis meyeniana			
2126358			Viridiplantae	Streptophyta	Magnoliopsida	Austrobaileyales	Schisandraceae	Kadsura		Kadsura interior			
227899			Viridiplantae	Streptophyta	Magnoliopsida	Santalales	Loranthaceae	Macrosolen		Macrosolen cochinchinensis			
238930			Viridiplantae	Streptophyta	Magnoliopsida	Asterales	Asteraceae	Saussurea		Saussurea amara			
2021390			Viridiplantae	Streptophyta	Magnoliopsida	Aquifoliales	Helwingiaceae	Helwingia		Helwingia omeiensis			
43526			Viridiplantae	Streptophyta	Magnoliopsida	Gentianales	Rubiaceae	Nauclea		Nauclea orientalis			
417315			Viridiplantae	Streptophyta	Lycopodiopsida	Selaginellales	Selaginellaceae	Selaginella		Selaginella davidii			
1532000			Viridiplantae	Streptophyta	Magnoliopsida	Malpighiales	Euphorbiaceae	Acalypha		Acalypha siamensis			
1421726			Viridiplantae	Streptophyta	Magnoliopsida	Boraginales	Boraginaceae	Cynoglossum		Cynoglossum lanceolatum			
189247			Viridiplantae	Streptophyta	Magnoliopsida	Asterales	Asteraceae	Senecio		Senecio scandens			
418279			Viridiplantae	Streptophyta	Magnoliopsida	Asterales	Asteraceae	Ainsliaea		Ainsliaea yunnanensis			
1475013			Viridiplantae	Streptophyta	Magnoliopsida	Gentianales	Rubiaceae	Spermacoce		Spermacoce alata			
1573921			Viridiplantae	Streptophyta	Magnoliopsida	Asterales	Asteraceae	Dichrocephala		Dichrocephala integrifolia			
23110			Viridiplantae	Streptophyta	Magnoliopsida	Cornales	Hydrangeaceae	Hydrangea		Hydrangea macrophylla			
69848			Viridiplantae	Streptophyta	Magnoliopsida	Poales	Cyperaceae	Carex	Carex subgen. Carex	Carex baccans			
1089395			Viridiplantae	Streptophyta	Magnoliopsida	Celastrales	Celastraceae	Euonymus		Euonymus grandiflorus			
313968			Viridiplantae	Streptophyta	Magnoliopsida	Asterales	Asteraceae	Laggera		Laggera pterodonta			
539895	Potentilleae incertae sedis		Viridiplantae	Streptophyta	Magnoliopsida	Rosales	Rosaceae	Potentilla		Potentilla lineata			
132459			Viridiplantae	Streptophyta	Magnoliopsida	Fabales	Fabaceae	Pueraria		Pueraria montana			
642903			Viridiplantae	Streptophyta	Magnoliopsida	Apiales	Apiaceae	Sanicula		Sanicula astrantiifolia			
1084667			Viridiplantae	Streptophyta	Magnoliopsida	Ranunculales	Ranunculaceae	Thalictrum		Thalictrum delavayi			
1056462			Viridiplantae	Streptophyta	Magnoliopsida	Sapindales	Rutaceae	Zanthoxylum		Zanthoxylum austrosinense			
1441986			Viridiplantae	Streptophyta	Magnoliopsida	Magnoliales	Annonaceae	Goniothalamus		Goniothalamus gabriacianus			
870738			Viridiplantae	Streptophyta	Magnoliopsida	Fabales	Fabaceae	Senna		Senna timoriensis			
42196			Viridiplantae	Streptophyta	Magnoliopsida	Alismatales	Araceae	Dieffenbachia		Dieffenbachia seguine			
1068520			Viridiplantae	Streptophyta	Magnoliopsida	Asterales	Campanulaceae	Lobelia		Lobelia seguinii			
148897			Viridiplantae	Streptophyta	Magnoliopsida	Rosales	Rosaceae	Geum		Geum rivale			
692141			Viridiplantae	Streptophyta	Polypodiopsida	Polypodiales	Polypodiaceae	Pyrrosia		Pyrrosia gralla			
62858			Viridiplantae	Streptophyta	Magnoliopsida	Asparagales	Orchidaceae	Satyrium					
1054458			Viridiplantae	Streptophyta	Magnoliopsida	Cucurbitales	Cucurbitaceae	Trichosanthes		Trichosanthes dunniana			
1633398			Viridiplantae	Streptophyta	Magnoliopsida	Malpighiales	Euphorbiaceae	Croton		Croton thorelii			
170020			Viridiplantae	Streptophyta	Magnoliopsida	Gentianales	Rubiaceae	Hymenodictyon		Hymenodictyon flaccidum			
138164			Viridiplantae	Streptophyta	Magnoliopsida	Zingiberales	Zingiberaceae	Globba		Globba winitii			
1399737			Viridiplantae	Streptophyta	Magnoliopsida	Rosales	Urticaceae	Pouzolzia		Pouzolzia sanguinea			
57203			Viridiplantae	Streptophyta	Magnoliopsida	Dipsacales	Adoxaceae	Sambucus		Sambucus adnata			
62865			Viridiplantae	Streptophyta	Magnoliopsida	Asparagales	Orchidaceae	Satyrium		Satyrium nepalense			
59040			Viridiplantae	Streptophyta	Magnoliopsida	Asparagales	Amaryllidaceae	Hymenocallis		Hymenocallis littoralis			
909202			Viridiplantae	Streptophyta	Magnoliopsida	Malpighiales	Violaceae	Viola	Viola subgen. Viola	Viola yunnanfuensis			
112819			Viridiplantae	Streptophyta	Magnoliopsida	Malpighiales	Salicaceae	Flacourtia		Flacourtia jangomas			
137220			Viridiplantae	Streptophyta	Magnoliopsida	Caryophyllales	Polygonaceae	Rheum		Rheum officinale			
942061			Viridiplantae	Streptophyta	Magnoliopsida	Asterales	Campanulaceae	Wahlenbergia		Wahlenbergia marginata			
159053			Viridiplantae	Streptophyta	Magnoliopsida	Sapindales	Rutaceae	Limonia		Limonia acidissima			
200947			Viridiplantae	Streptophyta	Magnoliopsida	Fabales	Fabaceae	Parochetus		Parochetus communis			
45463			Viridiplantae	Streptophyta	Magnoliopsida	Dipsacales	Adoxaceae	Sambucus		Sambucus sieboldiana			
185975			Viridiplantae	Streptophyta	Magnoliopsida	Fabales	Fabaceae	Wisteria		Wisteria brachybotrys			
653096			Viridiplantae	Streptophyta	Magnoliopsida	Fabales	Fabaceae	Phanera		Phanera ornata			
374723	Orobanchaceae incertae sedis		Viridiplantae	Streptophyta	Magnoliopsida	Lamiales	Orobanchaceae	Phtheirospermum		Phtheirospermum japonicum			
1224764			Viridiplantae	Streptophyta	Magnoliopsida	Sapindales	Rutaceae	Glycosmis		Glycosmis cochinchinensis			
155136			Viridiplantae	Streptophyta	Magnoliopsida	Ranunculales	Lardizabalaceae	Stauntonia		Stauntonia brunoniana			
183220			Viridiplantae	Streptophyta	Magnoliopsida	Malvales	Malvaceae	Abelmoschus		Abelmoschus manihot			
62097			Viridiplantae	Streptophyta	Magnoliopsida	Gentianales	Apocynaceae	Plumeria		Plumeria rubra			
86093	Orobanchaceae incertae sedis		Viridiplantae	Streptophyta	Magnoliopsida	Lamiales	Orobanchaceae	Lindenbergia		Lindenbergia philippensis			
390501			Viridiplantae	Streptophyta	Magnoliopsida	Fabales	Fabaceae	Caragana		Caragana rosea			
698833			Viridiplantae	Streptophyta	Magnoliopsida	Lamiales	Lamiaceae	Elsholtzia		Elsholtzia fruticosa			
684742			Viridiplantae	Streptophyta	Magnoliopsida	Laurales	Lauraceae	Neocinnamomum		Neocinnamomum delavayi			
59626			Viridiplantae	Streptophyta	Magnoliopsida	Fabales	Fabaceae	Vigna		Vigna vexillata			
103966			Viridiplantae	Streptophyta	Pinopsida	Cupressales	Cupressaceae	Cupressus		Cupressus duclouxiana			
861395			Viridiplantae	Streptophyta	Magnoliopsida	Ericales	Ericaceae	Gaultheria		Gaultheria cuneata			
1346085			Viridiplantae	Streptophyta	Magnoliopsida	Fabales	Fabaceae	Millettia		Millettia congestiflora			
429266			Viridiplantae	Streptophyta	Magnoliopsida	Gentianales	Apocynaceae	Holarrhena		Holarrhena curtisii			
357845			Viridiplantae	Streptophyta	Magnoliopsida	Apiales	Apiaceae	Angelica		Angelica anomala			
85855			Viridiplantae	Streptophyta	Magnoliopsida	Magnoliales	Magnoliaceae	Magnolia		Magnolia delavayi			
204402			Viridiplantae	Streptophyta	Magnoliopsida	Ericales	Actinidiaceae	Actinidia		Actinidia rubricaulis			
185530			Viridiplantae	Streptophyta	Magnoliopsida	Aquifoliales	Aquifoliaceae	Ilex		Ilex macrocarpa			
221766			Viridiplantae	Streptophyta	Magnoliopsida	Caryophyllales	Amaranthaceae	Cyathula		Cyathula prostrata			
751800			Viridiplantae	Streptophyta	Magnoliopsida	Lamiales	Lamiaceae	Clinopodium		Clinopodium megalanthum			
198816			Viridiplantae	Streptophyta	Magnoliopsida	Asparagales	Iridaceae	Iris		Iris lactea			
518704			Viridiplantae	Streptophyta	Magnoliopsida	Zingiberales	Zingiberaceae	Alpinia		Alpinia chinensis			
638625			Viridiplantae	Streptophyta	Magnoliopsida	Ericales	Ericaceae	Enkianthus		Enkianthus quinqueflorus			
170989			Viridiplantae	Streptophyta	Magnoliopsida	Sapindales	Rutaceae	Citrus		Citrus hystrix			
99386			Viridiplantae	Streptophyta	Magnoliopsida	Cucurbitales	Begoniaceae	Begonia		Begonia palmata			
99019			Viridiplantae	Streptophyta	Magnoliopsida	Myrtales	Myrtaceae	Eucalyptus		Eucalyptus saligna			
1872703			Viridiplantae	Streptophyta	Magnoliopsida	Aquifoliales	Aquifoliaceae	Ilex		Ilex szechwanensis			
258178			Viridiplantae	Streptophyta	Magnoliopsida	Ranunculales	Berberidaceae	Berberis		Berberis julianae			
318058			Viridiplantae	Streptophyta	Magnoliopsida	Asterales	Asteraceae	Ixeris		Ixeris chinensis			
55185			Viridiplantae	Streptophyta	Magnoliopsida	Liliales	Melanthiaceae	Paris		Paris verticillata			
124790			Viridiplantae	Streptophyta	Magnoliopsida	Austrobaileyales	Schisandraceae	Schisandra		Schisandra propinqua			
173671			Viridiplantae	Streptophyta	Magnoliopsida	Garryales	Garryaceae	Aucuba		Aucuba himalaica			
43366			Viridiplantae	Streptophyta	Magnoliopsida	Fabales	Fabaceae	Clitoria		Clitoria ternatea			
4378			Viridiplantae	Streptophyta	Magnoliopsida	Dilleniales	Dilleniaceae	Dillenia		Dillenia indica			
85216			Viridiplantae	Streptophyta	Magnoliopsida	Lamiales	Oleaceae	Jasminum		Jasminum polyanthum			
195526			Viridiplantae	Streptophyta	Magnoliopsida	Asparagales	Asparagaceae	Polygonatum		Polygonatum cyrtonema			
2709			Viridiplantae	Streptophyta	Magnoliopsida	Sapindales	Rutaceae	Citrus		Citrus cavaleriei			
124780			Viridiplantae	Streptophyta	Magnoliopsida	Austrobaileyales	Schisandraceae	Kadsura		Kadsura coccinea			
14366			Viridiplantae	Streptophyta	Magnoliopsida	Asparagales	Orchidaceae	Cymbidium					
467335			Viridiplantae	Streptophyta	Magnoliopsida	Caryophyllales	Polygonaceae	Polygonum		Polygonum plebeium			
1419728			Viridiplantae	Streptophyta	Magnoliopsida	Alismatales	Araceae	Colocasia		Colocasia esculenta	Colocasia esculenta var. antiquorum		
148569			Viridiplantae	Streptophyta	Polypodiopsida	Schizaeales	Lygodiaceae	Lygodium		Lygodium salicifolium			
264924			Viridiplantae	Streptophyta	Magnoliopsida	Nymphaeales	Nymphaeaceae	Nymphaea		Nymphaea lotus			
15000			Viridiplantae	Streptophyta	Magnoliopsida	Alismatales	Alismataceae	Alisma		Alisma plantago-aquatica			
1489463			Viridiplantae	Streptophyta	Magnoliopsida	Malvales	Malvaceae	Bombax		Bombax anceps			
1592062			Viridiplantae	Streptophyta	Magnoliopsida	Sapindales	Anacardiaceae	Spondias		Spondias pinnata			
260718			Viridiplantae	Streptophyta	Magnoliopsida	Malpighiales	Phyllanthaceae	Phyllanthus		Phyllanthus acidus			
290996			Viridiplantae	Streptophyta	Magnoliopsida	Sapindales	Sapindaceae	Schleichera		Schleichera oleosa			
210034			Viridiplantae	Streptophyta	Magnoliopsida	Zingiberales	Marantaceae	Donax		Donax grandis			
477864			Viridiplantae	Streptophyta	Magnoliopsida	Apiales	Apiaceae	Eryngium		Eryngium foetidum			
324555			Viridiplantae	Streptophyta	Magnoliopsida	Zingiberales	Marantaceae	Halopegia		Halopegia blumei			
43493			Viridiplantae	Streptophyta	Magnoliopsida	Gentianales	Rubiaceae	Haldina		Haldina cordifolia			
227722			Viridiplantae	Streptophyta	Magnoliopsida	Solanales	Solanaceae	Solanum		Solanum lasiocarpum			
1382013			Viridiplantae	Streptophyta	Magnoliopsida	Malvales	Malvaceae	Helicteres		Helicteres isora			
43864			Viridiplantae	Streptophyta	Magnoliopsida	Sapindales	Anacardiaceae	Buchanania		Buchanania latifolia			
56196			Viridiplantae	Streptophyta	Magnoliopsida	Caryophyllales	Amaranthaceae	Amaranthus		Amaranthus viridis			
174187			Viridiplantae	Streptophyta	Magnoliopsida	Alismatales	Araceae	Amorphophallus		Amorphophallus paeoniifolius			
489313			Viridiplantae	Streptophyta	Magnoliopsida	Fabales	Fabaceae	Entada		Entada gigas			
404691			Viridiplantae	Streptophyta	Magnoliopsida	Fabales	Fabaceae	Pithecellobium		Pithecellobium dulce			
1489754			Viridiplantae	Streptophyta	Magnoliopsida	Malvales	Malvaceae	Microcos		Microcos tomentosa			
338571			Viridiplantae	Streptophyta	Magnoliopsida	Caryophyllales	Amaranthaceae	Amaranthus		Amaranthus blitum			
175518			Viridiplantae	Streptophyta	Magnoliopsida	Asterales	Asteraceae	Pluchea		Pluchea indica			
258281			Viridiplantae	Streptophyta	Magnoliopsida	Alismatales	Araceae	Rhaphidophora		Rhaphidophora decursiva			
54464			Viridiplantae	Streptophyta	Magnoliopsida	Lamiales	Lamiaceae	Clerodendrum		Clerodendrum chinense			
319607			Viridiplantae	Streptophyta	Magnoliopsida	Malpighiales	Phyllanthaceae	Phyllanthus		Phyllanthus pulcher			
1712202			Viridiplantae	Streptophyta	Magnoliopsida	Fabales	Fabaceae	Moullava		Moullava digyna			
54223			Viridiplantae	Streptophyta	Magnoliopsida	Lamiales	Lamiaceae	Clerodendrum		Clerodendrum paniculatum			
68527			Viridiplantae	Streptophyta	Magnoliopsida	Sapindales	Rutaceae	Aegle		Aegle marmelos			
485725			Viridiplantae	Streptophyta	Magnoliopsida	Fabales	Fabaceae	Sesbania		Sesbania bispinosa			
1592029			Viridiplantae	Streptophyta	Magnoliopsida	Sapindales	Anacardiaceae	Allospondias		Allospondias lakonensis			
204149			Viridiplantae	Streptophyta	Magnoliopsida	Lamiales	Lamiaceae	Ocimum		Ocimum tenuiflorum			
260201			Viridiplantae	Streptophyta	Magnoliopsida	Pandanales	Pandanaceae	Pandanus		Pandanus amaryllifolius			
190802			Viridiplantae	Streptophyta	Magnoliopsida	Brassicales	Cleomaceae	Gynandropsis		Gynandropsis gynandra			
1529617			Viridiplantae	Streptophyta	Magnoliopsida	Fabales	Fabaceae	Acacia		Acacia megaladena			
34274			Viridiplantae	Streptophyta	Magnoliopsida	Malvales	Malvaceae	Gossypium		Gossypium herbaceum			
142860			Viridiplantae	Streptophyta	Magnoliopsida	Malpighiales	Euphorbiaceae	Euphorbia	Euphorbia subgen. Euphorbia	Euphorbia tirucalli			
167391			Viridiplantae	Streptophyta	Magnoliopsida	Fagales	Fagaceae	Castanopsis		Castanopsis indica			
240453			Viridiplantae	Streptophyta	Magnoliopsida	Pandanales	Pandanaceae	Pandanus		Pandanus odoratissimus			
1442760			Viridiplantae	Streptophyta	Magnoliopsida	Gentianales	Rubiaceae	Uncaria		Uncaria homomalla			
103745			Viridiplantae	Streptophyta	Magnoliopsida	Asterales	Asteraceae	Chromolaena		Chromolaena odorata			
593754			Viridiplantae	Streptophyta	Magnoliopsida	Asparagales	Asparagaceae	Dracaena		Dracaena cochinchinensis			
1008962			Viridiplantae	Streptophyta	Magnoliopsida	Gentianales	Rubiaceae	Pavetta		Pavetta indica			
122308			Viridiplantae	Streptophyta	Magnoliopsida	Caryophyllales	Plumbaginaceae	Plumbago		Plumbago indica			
4456			Viridiplantae	Streptophyta	Magnoliopsida	Alismatales	Araceae	Alocasia		Alocasia macrorrhizos			
1962698			Viridiplantae	Streptophyta	Magnoliopsida	Malpighiales	Euphorbiaceae	Baliospermum		Baliospermum solanifolium			
201010			Viridiplantae	Streptophyta	Magnoliopsida	Sapindales	Meliaceae	Aphanamixis		Aphanamixis polystachya			
2777731			Viridiplantae	Streptophyta	Magnoliopsida	Myrtales	Combretaceae	Terminalia		Terminalia phillyreifolia			
1472648			Viridiplantae	Streptophyta	Magnoliopsida	Malvales	Thymelaeaceae	Aquilaria		Aquilaria agallochum			
1489448			Viridiplantae	Streptophyta	Magnoliopsida	Malpighiales	Phyllanthaceae	Aporosa		Aporosa planchoniana			
100532			Viridiplantae	Streptophyta	Magnoliopsida	Asparagales	Asparagaceae	Dracaena		Dracaena draco			
1750993			Viridiplantae	Streptophyta	Magnoliopsida	Gentianales	Apocynaceae	Catharanthus		Catharanthus lanceus			
83431			Viridiplantae	Streptophyta	Magnoliopsida	Caryophyllales	Cactaceae	Selenicereus					
306515			Viridiplantae	Streptophyta	Magnoliopsida	Sapindales	Meliaceae	Aglaia		Aglaia simplicifolia			
1167200			Viridiplantae	Streptophyta	Magnoliopsida	Gentianales	Apocynaceae	Catharanthus		Catharanthus ovalis			
300977			Viridiplantae	Streptophyta	Magnoliopsida	Malpighiales	Euphorbiaceae	Mallotus		Mallotus nudiflorus			
2100677			Viridiplantae	Streptophyta	Magnoliopsida	Gentianales	Rubiaceae	Mussaenda		Mussaenda rehderiana			
227257			Viridiplantae	Streptophyta	Magnoliopsida	Alismatales	Araceae	Typhonium		Typhonium trilobatum			
72402			Viridiplantae	Streptophyta	Magnoliopsida	Fabales	Fabaceae	Senna		Senna alexandrina			
316758			Viridiplantae	Streptophyta	Magnoliopsida	Malpighiales	Euphorbiaceae	Baliospermum		Baliospermum montanum			
571920			Viridiplantae	Streptophyta	Magnoliopsida	Fabales	Fabaceae	Lespedeza		Lespedeza capitata			
459110			Viridiplantae	Streptophyta	Magnoliopsida	Sapindales	Simaroubaceae	Ailanthus		Ailanthus triphysus			
462879			Viridiplantae	Streptophyta	Magnoliopsida	Asterales	Asteraceae	Solidago		Solidago virgaurea			
260142			Viridiplantae	Streptophyta	Magnoliopsida	Myrtales	Myrtaceae	Syzygium		Syzygium cumini			
1442727			Viridiplantae	Streptophyta	Magnoliopsida	Celastrales	Celastraceae	Euonymus		Euonymus sanguineus			
69116			Viridiplantae	Streptophyta	Magnoliopsida	Malvales	Malvaceae	Adansonia		Adansonia za			
194251			Viridiplantae	Streptophyta	Magnoliopsida	Rosales	Moraceae	Artocarpus		Artocarpus altilis			
168508			Viridiplantae	Streptophyta	Magnoliopsida	Lamiales	Scrophulariaceae	Buddleja		Buddleja madagascariensis			
655924			Viridiplantae	Streptophyta	Magnoliopsida	Fabales	Fabaceae	Senna		Senna meridionalis			
143051			Viridiplantae	Streptophyta	Magnoliopsida	Fabales	Fabaceae	Chadsia		Chadsia grevei			
318970			Viridiplantae	Streptophyta	Magnoliopsida	Sapindales	Burseraceae	Commiphora		Commiphora brevicalyx			
80335			Viridiplantae	Streptophyta	Magnoliopsida	Sapindales	Burseraceae	Commiphora		Commiphora monstruosa			
69114			Viridiplantae	Streptophyta	Magnoliopsida	Malvales	Malvaceae	Adansonia		Adansonia rubrostipa			
387526			Viridiplantae	Streptophyta	Magnoliopsida	Malpighiales	Passifloraceae	Adenia		Adenia monadelpha			
204110			Viridiplantae	Streptophyta	Magnoliopsida	Lamiales	Lamiaceae	Capitanopsis		Capitanopsis angustifolia			
141545			Viridiplantae	Streptophyta	Magnoliopsida	Gentianales	Apocynaceae	Cerbera		Cerbera manghas			
578536			Viridiplantae	Streptophyta	Magnoliopsida	Myrtales	Combretaceae	Combretum		Combretum coccineum			
80336			Viridiplantae	Streptophyta	Magnoliopsida	Sapindales	Burseraceae	Commiphora		Commiphora simplicifolia			
56632			Viridiplantae	Streptophyta	Magnoliopsida	Malpighiales	Passifloraceae	Adenia					
3489			Viridiplantae	Streptophyta	Magnoliopsida	Rosales	Moraceae	Artocarpus		Artocarpus heterophyllus			
2807183			Viridiplantae	Streptophyta	Magnoliopsida	Myrtales	Combretaceae	Combretum		Combretum grandidieri			
1173008			Viridiplantae	Streptophyta	Magnoliopsida	Sapindales	Burseraceae	Commiphora		Commiphora lamii			
387527			Viridiplantae	Streptophyta	Magnoliopsida	Malpighiales	Passifloraceae	Adenia		Adenia olaboensis			
2485361			Viridiplantae	Streptophyta	Magnoliopsida	Lamiales	Lamiaceae	Capitanopsis		Capitanopsis cloiselii			
573716			Viridiplantae	Streptophyta	Magnoliopsida	Asparagales	Amaryllidaceae	Crinum		Crinum firmifolium			
202626			Viridiplantae	Streptophyta	Magnoliopsida	Brassicales	Capparaceae	Cadaba		Cadaba virgata			
864332			Viridiplantae	Streptophyta	Magnoliopsida	Sapindales	Rutaceae	Cedrelopsis		Cedrelopsis grevei			
184278			Viridiplantae	Streptophyta	Magnoliopsida	Gentianales	Apocynaceae	Cerbera		Cerbera venenifera			
318969			Viridiplantae	Streptophyta	Magnoliopsida	Sapindales	Burseraceae	Commiphora		Commiphora aprevalii			
1132602			Viridiplantae	Streptophyta	Magnoliopsida	Fabales	Fabaceae	Crotalaria		Crotalaria fiherenensis			
54796			Viridiplantae	Streptophyta	Magnoliopsida	Ranunculales	Papaveraceae	Argemone		Argemone mexicana			
3821			Viridiplantae	Streptophyta	Magnoliopsida	Fabales	Fabaceae	Cajanus		Cajanus cajan			
84861			Viridiplantae	Streptophyta	Magnoliopsida	Gentianales	Apocynaceae	Carissa		Carissa bispinosa			
1132605			Viridiplantae	Streptophyta	Magnoliopsida	Fabales	Fabaceae	Crotalaria		Crotalaria grevei			
511494			Viridiplantae	Streptophyta	Magnoliopsida	Brassicales	Capparaceae	Boscia		Boscia longifolia			
1035550			Viridiplantae	Streptophyta	Magnoliopsida	Solanales	Solanaceae	Brunfelsia		Brunfelsia grandiflora			
1127383			Viridiplantae	Streptophyta	Magnoliopsida	Fabales	Fabaceae	Crotalaria		Crotalaria laevigata			
413276			Viridiplantae	Streptophyta	Magnoliopsida	Gentianales	Apocynaceae	Cryptostegia		Cryptostegia madagascariensis			
217774			Metazoa	Mollusca	Gastropoda	Littorinimorpha	Ovulidae	Cyphoma					
151065			Viridiplantae	Streptophyta	Magnoliopsida	Sapindales	Sapindaceae	Dodonaea		Dodonaea viscosa			
857597			Viridiplantae	Streptophyta	Magnoliopsida	Malvales	Malvaceae	Dombeya		Dombeya lucida			
627158			Viridiplantae	Streptophyta	Magnoliopsida	Myrtales	Myrtaceae	Eucalyptus		Eucalyptus robusta			
210376			Viridiplantae	Streptophyta	Magnoliopsida	Malpighiales	Salicaceae	Flacourtia		Flacourtia indica			
1007786			Viridiplantae	Streptophyta	Magnoliopsida	Asparagales	Iridaceae	Gladiolus		Gladiolus italicus			
2028265			Viridiplantae	Streptophyta	Magnoliopsida	Malpighiales	Euphorbiaceae	Croton		Croton mavoravina			
3990			Viridiplantae	Streptophyta	Magnoliopsida	Malpighiales	Euphorbiaceae	Euphorbia					
165774			Viridiplantae	Streptophyta	Magnoliopsida	Fabales	Fabaceae	Crotalaria		Crotalaria retusa			
4076			Viridiplantae	Streptophyta	Magnoliopsida	Solanales	Solanaceae	Datura		Datura stramonium			
48523			Viridiplantae	Streptophyta	Magnoliopsida	Boraginales	Ehretiaceae	Ehretia		Ehretia cymosa			
209324			Viridiplantae	Streptophyta	Magnoliopsida	Malpighiales	Euphorbiaceae	Euphorbia	Euphorbia subgen. Euphorbia	Euphorbia cedrorum			
105748			Viridiplantae	Streptophyta	Magnoliopsida	Proteales	Proteaceae	Grevillea		Grevillea robusta			
2047853			Viridiplantae	Streptophyta	Magnoliopsida	Boraginales	Ehretiaceae	Ehretia		Ehretia microcalyx			
303142			Viridiplantae	Streptophyta	Magnoliopsida	Lamiales	Stilbaceae	Halleria		Halleria tetragona			
2028267			Viridiplantae	Streptophyta	Magnoliopsida	Malpighiales	Euphorbiaceae	Croton		Croton meridionalis			
212953			Viridiplantae	Streptophyta	Magnoliopsida	Malpighiales	Euphorbiaceae	Euphorbia	Euphorbia subgen. Euphorbia	Euphorbia pervilleana			
185054			Viridiplantae	Streptophyta	Magnoliopsida	Gentianales	Apocynaceae	Cynanchum		Cynanchum mahafalense			
316917			Viridiplantae	Streptophyta	Magnoliopsida	Malpighiales	Euphorbiaceae	Givotia		Givotia madagascariensis			
198768			Viridiplantae	Streptophyta	Magnoliopsida	Malpighiales	Hypericaceae	Harungana		Harungana madagascariensis			
1171751			Viridiplantae	Streptophyta	Magnoliopsida	Malvales	Malvaceae	Dombeya		Dombeya greveana			
761058			Viridiplantae	Streptophyta	Magnoliopsida	Gentianales	Apocynaceae	Tabernaemontana		Tabernaemontana coffeoides			
34329			Viridiplantae	Streptophyta	Magnoliopsida	Myrtales	Myrtaceae	Corymbia		Corymbia citriodora			
117962			Viridiplantae	Streptophyta	Magnoliopsida	Saxifragales	Crassulaceae	Kalanchoe		Kalanchoe arborescens			
439928			Viridiplantae	Streptophyta	Magnoliopsida	Malvales	Malvaceae	Megistostegium		Megistostegium microphyllum			
58040			Viridiplantae	Streptophyta	Magnoliopsida	Nymphaeales	Nymphaeaceae	Nymphaea		Nymphaea nouchali			
319571			Viridiplantae	Streptophyta	Magnoliopsida	Malpighiales	Phyllanthaceae	Kirganelia		Kirganelia castica			
141600			Viridiplantae	Streptophyta	Magnoliopsida	Gentianales	Apocynaceae	Plectaneia		Plectaneia stenophylla			
658448			Viridiplantae	Streptophyta	Magnoliopsida	Malvales	Malvaceae	Megistostegium		Megistostegium nodulosum			
289730			Viridiplantae	Streptophyta	Magnoliopsida	Sapindales	Anacardiaceae	Operculicarya					
1548629			Viridiplantae	Streptophyta	Magnoliopsida	Asterales	Asteraceae	Pluchea		Pluchea grevei			
80903			Viridiplantae	Streptophyta	Magnoliopsida	Saxifragales	Crassulaceae	Kalanchoe		Kalanchoe linearifolia			
439929			Viridiplantae	Streptophyta	Magnoliopsida	Malvales	Malvaceae	Megistostegium		Megistostegium perrieri			
1592051			Viridiplantae	Streptophyta	Magnoliopsida	Sapindales	Anacardiaceae	Operculicarya		Operculicarya pachypus			
296034			Viridiplantae	Streptophyta	Magnoliopsida	Malpighiales	Phyllanthaceae	Phyllanthus		Phyllanthus niruri			
84209			Viridiplantae	Streptophyta	Magnoliopsida	Saxifragales	Crassulaceae	Kalanchoe		Kalanchoe delagoensis			
587581			Viridiplantae	Streptophyta	Magnoliopsida	Sapindales	Meliaceae	Neobeguea		Neobeguea mahafalensis			
439908			Viridiplantae	Streptophyta	Magnoliopsida	Malvales	Malvaceae	Hibiscus		Hibiscus ferrugineus			
3996			Viridiplantae	Streptophyta	Magnoliopsida	Malpighiales	Euphorbiaceae	Jatropha		Jatropha multifida			
187506			Viridiplantae	Streptophyta	Magnoliopsida	Gentianales	Apocynaceae	Marsdenia		Marsdenia verrucosa			
289731			Viridiplantae	Streptophyta	Magnoliopsida	Sapindales	Anacardiaceae	Operculicarya		Operculicarya decaryi			
159421			Viridiplantae	Streptophyta	Magnoliopsida	Malpighiales	Passifloraceae	Passiflora		Passiflora foetida			
371859			Viridiplantae	Streptophyta	Magnoliopsida	Caryophyllales	Cactaceae	Opuntia		Opuntia ficus-indica			
1169444			Viridiplantae	Streptophyta	Pinopsida	Araucariales	Podocarpaceae	Podocarpus		Podocarpus madagascariensis			
69118			Viridiplantae	Streptophyta	Magnoliopsida	Malvales	Malvaceae	Pachira		Pachira aquatica			
1009579			Viridiplantae	Streptophyta	Magnoliopsida	Celastrales	Celastraceae	Loeseneriella		Loeseneriella urceolus			
454933			Viridiplantae	Streptophyta	Magnoliopsida	Malpighiales	Euphorbiaceae	Jatropha		Jatropha podagrica			
1225816			Viridiplantae	Streptophyta	Magnoliopsida	Asterales	Asteraceae	Psiadia		Psiadia altissima			
1225832			Viridiplantae	Streptophyta	Magnoliopsida	Asterales	Asteraceae	Psiadia		Psiadia glutinosa			
46415			Viridiplantae	Streptophyta	Magnoliopsida	Apiales	Araliaceae	Heptapleurum		Heptapleurum arboricola			
1097630			Viridiplantae	Streptophyta	Magnoliopsida	Solanales	Solanaceae	Solanum		Solanum erythracanthum			
115666			Viridiplantae	Streptophyta	Magnoliopsida	Solanales	Solanaceae	Solanum		Solanum macrocarpon			
494576			Viridiplantae	Streptophyta	Magnoliopsida	Gentianales	Loganiaceae	Strychnos		Strychnos madagascariensis			
201021			Viridiplantae	Streptophyta	Magnoliopsida	Sapindales	Meliaceae	Turraea		Turraea sericea			
4184			Viridiplantae	Streptophyta	Magnoliopsida	Lamiales	Pedaliaceae	Uncarina		Uncarina grandidieri			
462690			Viridiplantae	Streptophyta	Magnoliopsida	Gentianales	Rubiaceae	Scleromitrion		Scleromitrion verticillatum			
166048			Viridiplantae	Streptophyta	Magnoliopsida	Lamiales	Pedaliaceae	Uncarina					
1225819			Viridiplantae	Streptophyta	Magnoliopsida	Asterales	Asteraceae	Psiadia		Psiadia angustifolia			
947889			Viridiplantae	Streptophyta	Magnoliopsida	Gentianales	Apocynaceae	Rauvolfia		Rauvolfia media			
312836			Viridiplantae	Streptophyta	Magnoliopsida	Gentianales	Apocynaceae	Secamone		Secamone ligustrifolia			
1879238			Viridiplantae	Streptophyta	Magnoliopsida	Solanales	Solanaceae	Solanum		Solanum heteracanthum			
227487			Viridiplantae	Streptophyta	Magnoliopsida	Alismatales	Araceae	Typhonodorum		Typhonodorum lindleyanum			
43543			Viridiplantae	Streptophyta	Magnoliopsida	Brassicales	Salvadoraceae	Salvadora		Salvadora angustifolia			
379297			Viridiplantae	Streptophyta	Magnoliopsida	Gentianales	Loganiaceae	Strychnos		Strychnos decussata			
74960			Viridiplantae	Streptophyta	Magnoliopsida	Laurales	Monimiaceae	Tambourissa		Tambourissa amplifolia			
318066			Viridiplantae	Streptophyta	Magnoliopsida	Asterales	Asteraceae	Tridax		Tridax procumbens			
191659			Viridiplantae	Streptophyta	Magnoliopsida	Asparagales	Asparagaceae	Sansevieria		Sansevieria metallica			
108377			Viridiplantae	Streptophyta	Magnoliopsida	Malvales	Malvaceae	Sida		Sida rhombifolia			
1095265			Viridiplantae	Streptophyta	Magnoliopsida	Malpighiales	Phyllanthaceae	Antidesma		Antidesma ghaesembilla			
1134458			Viridiplantae	Streptophyta	Magnoliopsida	Lamiales	Acanthaceae	Avicennia		Avicennia officinalis			
930814			Viridiplantae	Streptophyta	Magnoliopsida	Caryophyllales	Nyctaginaceae	Boerhavia		Boerhavia diffusa			
1489464			Viridiplantae	Streptophyta	Magnoliopsida	Sapindales	Anacardiaceae	Buchanania		Buchanania reticulata			
941537			Viridiplantae	Streptophyta	Magnoliopsida	Magnoliales	Annonaceae	Cananga		Cananga brandisiana			
328098			Viridiplantae	Streptophyta	Magnoliopsida	Lamiales	Acanthaceae	Acanthus		Acanthus ilicifolius			
45325			Viridiplantae	Streptophyta	Magnoliopsida	Malvales	Malvaceae	Bombax		Bombax ceiba			
56060			Viridiplantae	Streptophyta	Magnoliopsida	Fabales	Fabaceae	Butea		Butea monosperma			
756587			Viridiplantae	Streptophyta	Magnoliopsida	Fabales	Fabaceae	Senna		Senna garrettiana			
647088			Viridiplantae	Streptophyta	Magnoliopsida	Fabales	Fabaceae	Albizia		Albizia myriophylla			
158573			Viridiplantae	Streptophyta	Magnoliopsida	Piperales	Aristolochiaceae	Aristolochia		Aristolochia tagala			
145675			Viridiplantae	Streptophyta	Magnoliopsida	Arecales	Arecaceae	Borassus		Borassus flabellifer			
480422			Viridiplantae	Streptophyta	Magnoliopsida	Fabales	Fabaceae	Butea		Butea superba			
300208			Viridiplantae	Streptophyta	Magnoliopsida	Sapindales	Burseraceae	Canarium		Canarium album			
345108	rosids incertae sedis		Viridiplantae	Streptophyta	Magnoliopsida	Vitales	Vitaceae	Cissus		Cissus repanda			
1051490			Viridiplantae	Streptophyta	Magnoliopsida	Pandanales	Velloziaceae	Xerophyta		Xerophyta dasylirioides			
201005			Viridiplantae	Streptophyta	Magnoliopsida	Sapindales	Sapindaceae	Allophylus		Allophylus cobbe			
709053			Viridiplantae	Streptophyta	Magnoliopsida	Rosales	Moraceae	Artocarpus		Artocarpus nitidus			
566045			Viridiplantae	Streptophyta	Magnoliopsida	Malpighiales	Phyllanthaceae	Baccaurea		Baccaurea ramiflora			
319561			Viridiplantae	Streptophyta	Magnoliopsida	Malpighiales	Phyllanthaceae	Breynia		Breynia vitis-idaea			
162709			Viridiplantae	Streptophyta	Magnoliopsida	Fabales	Fabaceae	Cassia		Cassia grandis			
1229245			Viridiplantae	Streptophyta	Magnoliopsida	Fabales	Fabaceae	Bauhinia		Bauhinia bracteata			
53846			Viridiplantae	Streptophyta	Magnoliopsida	Fabales	Fabaceae	Caesalpinia		Caesalpinia pulcherrima			
577036			Viridiplantae	Streptophyta	Magnoliopsida	Malpighiales	Phyllanthaceae	Cleistanthus		Cleistanthus tomentosus			
85297			Viridiplantae	Streptophyta	Magnoliopsida	Cucurbitales	Cucurbitaceae	Xerosicyos		Xerosicyos danguyi			
311405			Viridiplantae	Streptophyta	Magnoliopsida	Zingiberales	Zingiberaceae	Zingiber		Zingiber zerumbet			
1755451	rosids incertae sedis		Viridiplantae	Streptophyta	Magnoliopsida	Vitales	Vitaceae	Ampelocissus		Ampelocissus arachnoidea			
416185			Viridiplantae	Streptophyta	Magnoliopsida	Sapindales	Rutaceae	Atalantia		Atalantia citroides			
106616			Viridiplantae	Streptophyta	Magnoliopsida	Malpighiales	Rhizophoraceae	Bruguiera		Bruguiera cylindrica			
79559			Viridiplantae	Streptophyta	Magnoliopsida	Ericales	Lecythidaceae	Careya		Careya arborea			
508996			Viridiplantae	Streptophyta	Magnoliopsida	Fabales	Fabaceae	Cassia		Cassia javanica			
515877			Viridiplantae	Streptophyta	Magnoliopsida	Cucurbitales	Cucurbitaceae	Xerosicyos		Xerosicyos perrieri			
556509			Viridiplantae	Streptophyta	Magnoliopsida	Fabales	Fabaceae	Erythrina		Erythrina fusca			
1489466			Viridiplantae	Streptophyta	Magnoliopsida	Arecales	Arecaceae	Calamus		Calamus salicifolius			
149356	rosids incertae sedis		Viridiplantae	Streptophyta	Magnoliopsida	Vitales	Vitaceae	Causonis		Causonis trifolia			
388302			Viridiplantae	Streptophyta	Magnoliopsida	Cucurbitales	Cucurbitaceae	Xerosicyos		Xerosicyos pubescens			
558542			Viridiplantae	Streptophyta	Magnoliopsida	Sapindales	Rutaceae	Feroniella		Feroniella lucida			
251764			Viridiplantae	Streptophyta	Magnoliopsida	Zingiberales	Zingiberaceae	Curcuma		Curcuma alismatifolia			
1489482			Viridiplantae	Streptophyta	Magnoliopsida	Malvales	Malvaceae	Colona		Colona auriculata			
483232			Viridiplantae	Streptophyta	Magnoliopsida	Ranunculales	Menispermaceae	Coscinium		Coscinium fenestratum			
171014			Viridiplantae	Streptophyta	Cycadopsida	Cycadales	Cycadaceae	Cycas		Cycas siamensis			
1747696			Viridiplantae	Streptophyta	Magnoliopsida	Dilleniales	Dilleniaceae	Dillenia		Dillenia obovata			
2594747			Viridiplantae	Streptophyta	Magnoliopsida	Poales	Eriocaulaceae	Eriocaulon		Eriocaulon sexangulare			
458531			Viridiplantae	Streptophyta	Magnoliopsida	Sapindales	Simaroubaceae	Eurycoma		Eurycoma longifolia			
100569			Viridiplantae	Streptophyta	Magnoliopsida	Rosales	Moraceae	Ficus		Ficus racemosa			
191702			Viridiplantae	Streptophyta	Pinopsida	Araucariales	Podocarpaceae	Dacrydium		Dacrydium elatum			
1225699			Viridiplantae	Streptophyta	Magnoliopsida	Fabales	Fabaceae	Brachypterum		Brachypterum scandens			
1747698			Viridiplantae	Streptophyta	Magnoliopsida	Dilleniales	Dilleniaceae	Dillenia		Dillenia pentagyna			
1381998			Viridiplantae	Streptophyta	Magnoliopsida	Gentianales	Apocynaceae	Dischidia		Dischidia nummularia			
1784723			Viridiplantae	Streptophyta	Magnoliopsida	Fabales	Fabaceae	Grona		Grona heterophylla			
1818588			Viridiplantae	Streptophyta	Magnoliopsida	Lamiales	Bignoniaceae	Dolichandrone		Dolichandrone columnaris			
231912			Viridiplantae	Streptophyta	Magnoliopsida	Malpighiales	Clusiaceae	Garcinia		Garcinia vilersiana			
2306765			Viridiplantae	Streptophyta	Magnoliopsida	Oxalidales	Connaraceae	Connarus		Connarus semidecandrus			
167587			Viridiplantae	Streptophyta	Magnoliopsida	Dioscoreales	Dioscoreaceae	Dioscorea		Dioscorea hispida			
682665			Viridiplantae	Streptophyta	Magnoliopsida	Sapindales	Rutaceae	Euodia		Euodia simplicifolia			
309270			Viridiplantae	Streptophyta	Magnoliopsida	Rosales	Moraceae	Ficus		Ficus altissima			
13529			Viridiplantae	Streptophyta	Magnoliopsida	Poales	Flagellariaceae	Flagellaria		Flagellaria indica			
298683			Viridiplantae	Streptophyta	Magnoliopsida	Fabales	Fabaceae	Dalbergia		Dalbergia nigrescens			
1367315			Viridiplantae	Streptophyta	Magnoliopsida	Ericales	Ebenaceae	Diospyros		Diospyros pilosanthera			
231906			Viridiplantae	Streptophyta	Magnoliopsida	Malpighiales	Clusiaceae	Garcinia		Garcinia hanburyi			
1233749			Viridiplantae	Streptophyta	Magnoliopsida	Gentianales	Rubiaceae	Gardenia		Gardenia obtusifolia			
210143			Viridiplantae	Streptophyta	Magnoliopsida	Malvales	Malvaceae	Corchorus		Corchorus capsularis			
185705			Viridiplantae	Streptophyta	Magnoliopsida	Fabales	Fabaceae	Dendrolobium		Dendrolobium lanceolatum			
580341			Viridiplantae	Streptophyta	Magnoliopsida	Asparagales	Asparagaceae	Dracaena		Dracaena cambodiana			
309429			Viridiplantae	Streptophyta	Magnoliopsida	Rosales	Moraceae	Ficus		Ficus hirta			
3395			Viridiplantae	Streptophyta	Cycadopsida	Cycadales	Cycadaceae	Cycas					
640652			Viridiplantae	Streptophyta	Magnoliopsida	Dilleniales	Dilleniaceae	Dillenia		Dillenia hookeri			
1489652			Viridiplantae	Streptophyta	Magnoliopsida	Malpighiales	Clusiaceae	Garcinia		Garcinia lanessanii			
4365			Viridiplantae	Streptophyta	Magnoliopsida	Caryophyllales	Droseraceae	Drosera		Drosera burmannii			
1489665			Viridiplantae	Streptophyta	Magnoliopsida	Malvales	Malvaceae	Helicteres		Helicteres hirsuta			
183260			Viridiplantae	Streptophyta	Magnoliopsida	Malvales	Malvaceae	Hibiscus		Hibiscus sabdariffa			
1489748			Viridiplantae	Streptophyta	Magnoliopsida	Sapindales	Anacardiaceae	Mangifera		Mangifera duperreana			
1085467			Viridiplantae	Streptophyta	Magnoliopsida	Malvales	Malvaceae	Melochia		Melochia umbellata			
1009495			Viridiplantae	Streptophyta	Magnoliopsida	Gentianales	Rubiaceae	Nauclea		Nauclea officinalis			
543392			Viridiplantae	Streptophyta	Magnoliopsida	Fabales	Fabaceae	Afzelia		Afzelia xylocarpa			
1489672			Viridiplantae	Streptophyta	Magnoliopsida	Magnoliales	Myristicaceae	Knema		Knema globularia			
3741			Viridiplantae	Streptophyta	Magnoliopsida	Ericales	Sapotaceae	Manilkara		Manilkara zapota			
210381			Viridiplantae	Streptophyta	Magnoliopsida	Malpighiales	Ochnaceae	Ochna		Ochna integerrima			
110690			Viridiplantae	Streptophyta	Magnoliopsida	Gentianales	Rubiaceae	Prismatomeris		Prismatomeris tetrandra			
1879252			Viridiplantae	Streptophyta	Magnoliopsida	Solanales	Solanaceae	Solanum		Solanum sakhanii			
183267			Viridiplantae	Streptophyta	Magnoliopsida	Malvales	Malvaceae	Talipariti		Talipariti tiliaceum			
429500			Viridiplantae	Streptophyta	Magnoliopsida	Gentianales	Apocynaceae	Parameria		Parameria laevigata			
429529			Viridiplantae	Streptophyta	Magnoliopsida	Gentianales	Apocynaceae	Spirolobium		Spirolobium cambodianum			
151069			Viridiplantae	Streptophyta	Magnoliopsida	Sapindales	Sapindaceae	Litchi		Litchi chinensis			
1489749			Viridiplantae	Streptophyta	Magnoliopsida	Lamiales	Bignoniaceae	Markhamia		Markhamia stipulata			
3866			Viridiplantae	Streptophyta	Magnoliopsida	Fabales	Fabaceae	Leucaena		Leucaena leucocephala			
218181			Viridiplantae	Streptophyta	Magnoliopsida	Fagales	Fagaceae	Lithocarpus		Lithocarpus elegans			
43522			Viridiplantae	Streptophyta	Magnoliopsida	Gentianales	Rubiaceae	Morinda		Morinda citrifolia			
1248968			Viridiplantae	Streptophyta	Magnoliopsida	Santalales	Olacaceae	Olax		Olax imbricata			
108278			Viridiplantae	Streptophyta	Magnoliopsida	Fabales	Fabaceae	Pterocarpus		Pterocarpus macrocarpus			
2498814			Viridiplantae	Streptophyta	Magnoliopsida	Fabales	Fabaceae	Sesbania		Sesbania javanica			
527508			Viridiplantae	Streptophyta	Magnoliopsida	Ranunculales	Menispermaceae	Stephania		Stephania venosa			
1489751			Viridiplantae	Streptophyta	Magnoliopsida	Myrtales	Melastomataceae	Melastoma		Melastoma saigonense			
296036			Viridiplantae	Streptophyta	Magnoliopsida	Malpighiales	Phyllanthaceae	Emblica		Emblica officinalis			
29797			Viridiplantae	Streptophyta	Magnoliopsida	Gentianales	Rubiaceae	Hydnophytum		Hydnophytum formicarum			
1241825			Viridiplantae	Streptophyta	Magnoliopsida	Myrtales	Onagraceae	Ludwigia		Ludwigia adscendens			
2100654			Viridiplantae	Streptophyta	Magnoliopsida	Gentianales	Rubiaceae	Mussaenda		Mussaenda cambodiana			
106626			Viridiplantae	Streptophyta	Magnoliopsida	Malpighiales	Rhizophoraceae	Rhizophora		Rhizophora apiculata			
152432			Viridiplantae	Streptophyta	Magnoliopsida	Malvales	Dipterocarpaceae	Anthoshorea		Anthoshorea roxburghii			
413302			Viridiplantae	Streptophyta	Magnoliopsida	Gentianales	Apocynaceae	Streptocaulon		Streptocaulon juventas			
1489826			Viridiplantae	Streptophyta	Magnoliopsida	Dilleniales	Dilleniaceae	Tetracera		Tetracera indica			
1444324			Viridiplantae	Streptophyta	Magnoliopsida	Dipsacales	Adoxaceae	Viburnum		Viburnum sambucinum			
1489963			Viridiplantae	Streptophyta	Magnoliopsida	Fabales	Fabaceae	Xylia		Xylia xylocarpa			
577683			Viridiplantae	Streptophyta	Magnoliopsida	Malpighiales	Malpighiaceae	Banisteriopsis		Banisteriopsis caapi			
1227989			Viridiplantae	Streptophyta	Magnoliopsida	Fabales	Fabaceae	Bauhinia		Bauhinia viridescens			
310425			Viridiplantae	Streptophyta	Magnoliopsida	Lamiales	Oleaceae	Jasminum		Jasminum nervosum			
1006109	rosids incertae sedis		Viridiplantae	Streptophyta	Magnoliopsida	Vitales	Vitaceae	Tetrastigma		Tetrastigma cruciatum			
1640437			Viridiplantae	Streptophyta	Magnoliopsida	Sapindales	Rutaceae	Zanthoxylum		Zanthoxylum rhetsum			
344080			Viridiplantae	Streptophyta	Magnoliopsida	Laurales	Lauraceae	Litsea		Litsea monopetala			
1040939			Viridiplantae	Streptophyta	Magnoliopsida	Gentianales	Loganiaceae	Strychnos		Strychnos umbellata			
316746			Viridiplantae	Streptophyta	Magnoliopsida	Malpighiales	Euphorbiaceae	Thyrsanthera		Thyrsanthera suborbicularis			
548852			Viridiplantae	Streptophyta	Magnoliopsida	Lamiales	Lamiaceae	Vitex		Vitex pinnata			
41994			Viridiplantae	Streptophyta	Cycadopsida	Cycadales	Zamiaceae	Ceratozamia		Ceratozamia mexicana			
159038			Viridiplantae	Streptophyta	Magnoliopsida	Sapindales	Rutaceae	Clausena		Clausena wallichii			
1489450			Viridiplantae	Streptophyta	Magnoliopsida	Malpighiales	Phyllanthaceae	Aporosa		Aporosa villosa			
190244			Viridiplantae	Streptophyta	Magnoliopsida	Malvales	Malvaceae	Helicteres		Helicteres angustifolia			
2021211			Viridiplantae	Streptophyta	Magnoliopsida	Asterales	Asteraceae	Indocypraea		Indocypraea montana			
1489967			Viridiplantae	Streptophyta	Magnoliopsida	Rosales	Rhamnaceae	Ziziphus		Ziziphus cambodianus			
148567			Viridiplantae	Streptophyta	Polypodiopsida	Schizaeales	Lygodiaceae	Lygodium		Lygodium palmatum			
34175			Viridiplantae	Streptophyta	Magnoliopsida	Commelinales	Commelinaceae	Tradescantia		Tradescantia zebrina			
58032			Viridiplantae	Streptophyta	Cycadopsida	Cycadales	Zamiaceae	Dioon					
2082994			Viridiplantae	Streptophyta	Magnoliopsida	Ericales	Primulaceae	Embelia		Embelia basaal			
109864			Viridiplantae	Streptophyta	Magnoliopsida	Malpighiales	Euphorbiaceae	Mallotus		Mallotus paniculatus			
1489822			Viridiplantae	Streptophyta	Magnoliopsida	Myrtales	Combretaceae	Terminalia		Terminalia calamansanay			
1071044			Viridiplantae	Streptophyta	Magnoliopsida	Fabales	Fabaceae	Uraria		Uraria crinita			
41993			Viridiplantae	Streptophyta	Cycadopsida	Cycadales	Zamiaceae	Ceratozamia					
71641			Viridiplantae	Streptophyta	Pinopsida	Pinales	Pinaceae	Pinus	Pinus subgen. Pinus	Pinus merkusii			
69391			Viridiplantae	Streptophyta	Magnoliopsida	Gentianales	Apocynaceae	Wrightia		Wrightia arborea			
80299			Viridiplantae	Streptophyta	Magnoliopsida	Sapindales	Burseraceae	Bursera		Bursera fagaroides			
1117039			Viridiplantae	Streptophyta	Magnoliopsida	Asterales	Asteraceae	Sphagneticola		Sphagneticola calendulacea			
113250			Viridiplantae	Streptophyta	Magnoliopsida	Arecales	Arecaceae	Phoenix		Phoenix canariensis			
43725			Viridiplantae	Streptophyta	Magnoliopsida	Sapindales	Simaroubaceae	Quassia		Quassia amara			
72341			Viridiplantae	Streptophyta	Magnoliopsida	Asterales	Asteraceae	Artemisia		Artemisia dracunculus			
539024			Viridiplantae	Streptophyta	Magnoliopsida	Fabales	Fabaceae	Indigofera		Indigofera atriceps			
45372			Viridiplantae	Streptophyta	Pinopsida	Pinales	Pinaceae	Abies		Abies alba			
459167			Viridiplantae	Streptophyta	Magnoliopsida	Sapindales	Simaroubaceae	Quassia		Quassia africana			
292647			Viridiplantae	Streptophyta	Magnoliopsida	Arecales	Arecaceae	Bismarckia		Bismarckia nobilis			
153742			Viridiplantae	Streptophyta	Magnoliopsida	Gentianales	Rubiaceae	Cinchona		Cinchona calisaya			
33113			Viridiplantae	Streptophyta	Magnoliopsida	Solanales	Solanaceae	Atropa		Atropa belladonna			
1937584			Viridiplantae	Streptophyta	Magnoliopsida	Malpighiales	Salicaceae	Casearia		Casearia pitumba			
28930			Viridiplantae	Streptophyta	Magnoliopsida	Fagales	Fagaceae	Fagus		Fagus sylvatica			
2184935			Viridiplantae	Streptophyta	Magnoliopsida	Cucurbitales	Cucurbitaceae	Hodgsonia		Hodgsonia macrocarpa			
469936			Viridiplantae	Streptophyta	Magnoliopsida	Malpighiales	Clusiaceae	Garcinia		Garcinia pauciflora			
42337			Viridiplantae	Streptophyta	Magnoliopsida	Asterales	Asteraceae	Bidens		Bidens pilosa			
49992			Viridiplantae	Streptophyta	Magnoliopsida	Lamiales	Lamiaceae	Thymus		Thymus vulgaris			
158927			Viridiplantae	Streptophyta	Magnoliopsida	Malpighiales	Calophyllaceae	Calophyllum		Calophyllum inophyllum			
149425			Viridiplantae	Streptophyta	Magnoliopsida	Asterales	Asteraceae	Eriophyllum		Eriophyllum lanatum			
190249			Viridiplantae	Streptophyta	Magnoliopsida	Malvales	Malvaceae	Sterculia		Sterculia lanceolata			
469944			Viridiplantae	Streptophyta	Magnoliopsida	Malpighiales	Clusiaceae	Garcinia		Garcinia verrucosa			
447676			Viridiplantae	Streptophyta	Magnoliopsida	Dipsacales	Caprifoliaceae	Lonicera		Lonicera tatarica			
1053340	C4 Cyperus incertae sedis		Viridiplantae	Streptophyta	Magnoliopsida	Poales	Cyperaceae	Cyperus	Cyperus subgen. Cyperus	Cyperus esculentus			
34316			Viridiplantae	Streptophyta	Magnoliopsida	Myrtales	Myrtaceae	Eucalyptus		Eucalyptus camaldulensis			
164936			Viridiplantae	Streptophyta	Magnoliopsida	Myrtales	Myrtaceae	Melaleuca		Melaleuca leucadendra			
469924			Viridiplantae	Streptophyta	Magnoliopsida	Malpighiales	Clusiaceae	Garcinia		Garcinia chapelieri			
4020			Viridiplantae	Streptophyta	Magnoliopsida	Brassicales	Tropaeolaceae	Tropaeolum		Tropaeolum majus			
170183			Viridiplantae	Streptophyta	Magnoliopsida	Gentianales	Rubiaceae	Uncaria		Uncaria guianensis			
1489631			Viridiplantae	Streptophyta	Magnoliopsida	Oxalidales	Connaraceae	Connarus		Connarus cochinchinensis			
3999			Viridiplantae	Streptophyta	Magnoliopsida	Caryophyllales	Simmondsiaceae	Simmondsia		Simmondsia chinensis			
78511			Viridiplantae	Streptophyta	Magnoliopsida	Saxifragales	Grossulariaceae	Ribes		Ribes nigrum			
355589			Viridiplantae	Streptophyta	Lycopodiopsida	Lycopodiales	Lycopodiaceae	Huperzia		Huperzia serrata			
161027			Viridiplantae	Streptophyta	Magnoliopsida	Brassicales	Moringaceae	Moringa		Moringa drouhardii			
15747	Arundinarodae		Viridiplantae	Streptophyta	Magnoliopsida	Poales	Poaceae	Phyllostachys					
1473222			Viridiplantae	Streptophyta	Magnoliopsida	Asterales	Asteraceae	Artemisia		Artemisia cina			
1842781			Viridiplantae	Streptophyta	Magnoliopsida	Fabales	Fabaceae	Senna		Senna gaudichaudii			
1341707			Viridiplantae	Streptophyta	Magnoliopsida	Fabales	Fabaceae	Dalbergia		Dalbergia stipulacea			
39501			Viridiplantae	Streptophyta	Magnoliopsida	Asparagales	Asparagaceae	Cordyline		Cordyline fruticosa			
62340			Viridiplantae	Streptophyta	Magnoliopsida	Alismatales	Hydrocharitaceae	Hydrocharis		Hydrocharis dubia			
538304			Viridiplantae	Streptophyta	Magnoliopsida	Piperales	Piperaceae	Piper		Piper massiei			
714502			Viridiplantae	Streptophyta	Magnoliopsida	Cucurbitales	Cucurbitaceae	Solena		Solena amplexicaulis			
3136878			Viridiplantae	Streptophyta	Magnoliopsida	Rosales	Moraceae	Taxotrophis		Taxotrophis ilicifolia			
2595095			Viridiplantae	Streptophyta	Magnoliopsida	Fabales	Fabaceae	Flemingia		Flemingia wallichii			
162769			Viridiplantae	Streptophyta	Magnoliopsida	Fabales	Fabaceae	Eperua		Eperua falcata			
1489957			Viridiplantae	Streptophyta	Magnoliopsida	Lamiales	Lamiaceae	Vitex		Vitex peduncularis			
241862			Viridiplantae	Streptophyta	Magnoliopsida	Rosales	Moraceae	Bagassa		Bagassa guianensis			
141565			Viridiplantae	Streptophyta	Magnoliopsida	Gentianales	Apocynaceae	Geissospermum		Geissospermum laeve			
1009474			Viridiplantae	Streptophyta	Magnoliopsida	Malpighiales	Clusiaceae	Garcinia		Garcinia multiflora			
2595081			Viridiplantae	Streptophyta	Magnoliopsida	Fabales	Fabaceae	Flemingia		Flemingia grahamiana			
1218914			Viridiplantae	Streptophyta	Magnoliopsida	Lamiales	Bignoniaceae	Stereospermum		Stereospermum neuranthum			
1353447			Viridiplantae	Streptophyta	Magnoliopsida	Fabales	Fabaceae	Dalbergia		Dalbergia dongnaiensis			
34165			Viridiplantae	Streptophyta	Polypodiopsida	Polypodiales	Nephrolepidaceae	Nephrolepis		Nephrolepis exaltata			
231911			Viridiplantae	Streptophyta	Magnoliopsida	Malpighiales	Clusiaceae	Garcinia		Garcinia tinctoria			
316640			Viridiplantae	Streptophyta	Magnoliopsida	Malpighiales	Euphorbiaceae	Homonoia		Homonoia riparia			
1679265			Viridiplantae	Streptophyta	Magnoliopsida	Malpighiales	Euphorbiaceae	Sapium		Sapium baccatum			
1981914			Viridiplantae	Streptophyta	Magnoliopsida	Laurales	Lauraceae	Phoebe		Phoebe tavoyana			
128318			Viridiplantae	Streptophyta	Magnoliopsida	Gentianales	Rubiaceae	Isertia		Isertia coccinea			
174209			Viridiplantae	Streptophyta	Magnoliopsida	Alismatales	Araceae	Dracontium		Dracontium polyphyllum			
425151			Viridiplantae	Streptophyta	Magnoliopsida	Piperales	Piperaceae	Piper		Piper fimbriulatum			
139014			Viridiplantae	Streptophyta	Magnoliopsida	Fabales	Fabaceae	Acacia		Acacia paradoxa			
76277			Viridiplantae	Streptophyta	Magnoliopsida	Lamiales	Acanthaceae	Acanthus		Acanthus mollis			
64040			Viridiplantae	Streptophyta	Magnoliopsida	Ranunculales	Ranunculaceae	Actaea		Actaea racemosa			
69111			Viridiplantae	Streptophyta	Magnoliopsida	Malvales	Malvaceae	Adansonia		Adansonia grandidieri			
69375			Viridiplantae	Streptophyta	Magnoliopsida	Gentianales	Apocynaceae	Adenium		Adenium obesum			
54778	Rhamnaceae incertae sedis		Viridiplantae	Streptophyta	Magnoliopsida	Rosales	Rhamnaceae	Ceanothus		Ceanothus americanus			
294000			Viridiplantae	Streptophyta	Magnoliopsida	Poales	Bromeliaceae	Aechmea		Aechmea nudicaulis			
22994			Viridiplantae	Streptophyta	Magnoliopsida	Saxifragales	Crassulaceae	Aeonium					
1475368			Viridiplantae	Streptophyta	Magnoliopsida	Fabales	Fabaceae	Ctenodon		Ctenodon viscidulus			
386106			Viridiplantae	Streptophyta	Magnoliopsida	Asparagales	Asparagaceae	Agave		Agave tequilana			
1210880			Viridiplantae	Streptophyta	Magnoliopsida	Alismatales	Araceae	Aglaonema		Aglaonema commutatum			
82047			Viridiplantae	Streptophyta	Magnoliopsida	Asparagales	Hyacinthaceae	Albuca		Albuca bracteata			
34199			Viridiplantae	Streptophyta	Magnoliopsida	Asparagales	Asphodelaceae	Aloe		Aloe vera			
1593063			Viridiplantae	Streptophyta	Magnoliopsida	Asparagales	Asphodelaceae	Aloe		Aloe camperi			
117795			Viridiplantae	Streptophyta	Magnoliopsida	Asparagales	Asphodelaceae	Aloiampelos		Aloiampelos ciliaris			
145745			Viridiplantae	Streptophyta	Magnoliopsida	Malvales	Malvaceae	Althaea		Althaea officinalis			
52521			Viridiplantae	Streptophyta	Magnoliopsida	Rosales	Rosaceae	Amelanchier		Amelanchier arborea			
48131			Viridiplantae	Streptophyta	Magnoliopsida	Fabales	Fabaceae	Amorpha		Amorpha fruticosa			
45679			Viridiplantae	Streptophyta	Magnoliopsida	Fabales	Fabaceae	Amphicarpaea		Amphicarpaea bracteata			
1713640			Viridiplantae	Streptophyta	Magnoliopsida	Saxifragales	Crassulaceae	Adromischus		Adromischus cristatus			
1484106			Viridiplantae	Streptophyta	Magnoliopsida	Ranunculales	Ranunculaceae	Anemone		Anemone tomentosa			
3137121			Viridiplantae	Streptophyta	Magnoliopsida	Ranunculales	Ranunculaceae	Anemone					
226677			Viridiplantae	Streptophyta	Magnoliopsida	Alismatales	Araceae	Anthurium		Anthurium andraeanum			
118891			Viridiplantae	Streptophyta	Magnoliopsida	Fabales	Fabaceae	Anthyllis		Anthyllis vulneraria			
185702			Viridiplantae	Streptophyta	Magnoliopsida	Fabales	Fabaceae	Apios		Apios americana			
107607			Viridiplantae	Streptophyta	Magnoliopsida	Caryophyllales	Aizoaceae	Mesembryanthemum	Mesembryanthemum subgen. Phyllobolus	Mesembryanthemum cordifolium			
45207			Viridiplantae	Streptophyta	Magnoliopsida	Apiales	Araliaceae	Aralia		Aralia nudicaulis			
84009			Viridiplantae	Streptophyta	Magnoliopsida	Ericales	Ericaceae	Arctostaphylos		Arctostaphylos uva-ursi			
78371			Viridiplantae	Streptophyta	Magnoliopsida	Alismatales	Araceae	Arisaema		Arisaema triphyllum			
462386			Viridiplantae	Streptophyta	Magnoliopsida	Asterales	Asteraceae	Arnoglossum		Arnoglossum plantagineum			
1776954			Viridiplantae	Streptophyta	Polypodiopsida	Polypodiales	Aspleniaceae	Asplenium		Asplenium musifolium			
20408			Viridiplantae	Streptophyta	Magnoliopsida	Fabales	Fabaceae	Astragalus		Astragalus canadensis			
35922			Viridiplantae	Streptophyta	Magnoliopsida	Caryophyllales	Chenopodiaceae	Atriplex		Atriplex canescens			
16901			Viridiplantae	Streptophyta	Magnoliopsida	Garryales	Garryaceae	Aucuba		Aucuba japonica			
49796			Viridiplantae	Streptophyta	Magnoliopsida	Fabales	Fabaceae	Baptisia					
49797			Viridiplantae	Streptophyta	Magnoliopsida	Fabales	Fabaceae	Baptisia		Baptisia tinctoria			
39519			Viridiplantae	Streptophyta	Magnoliopsida	Asparagales	Asparagaceae	Beaucarnea		Beaucarnea recurvata			
3681			Viridiplantae	Streptophyta	Magnoliopsida	Cucurbitales	Begoniaceae	Begonia					
3507			Viridiplantae	Streptophyta	Magnoliopsida	Fagales	Betulaceae	Betula		Betula papyrifera			
216989			Viridiplantae	Streptophyta	Magnoliopsida	Fagales	Betulaceae	Betula		Betula populifolia			
32072			Viridiplantae	Streptophyta	Polypodiopsida	Polypodiales	Blechnaceae	Neoblechnum		Neoblechnum brasiliense			
44987			Viridiplantae	Streptophyta	Magnoliopsida	Asparagales	Hyacinthaceae	Bowiea		Bowiea volubilis			
3707			Viridiplantae	Streptophyta	Magnoliopsida	Brassicales	Brassicaceae	Brassica		Brassica juncea			
53845			Viridiplantae	Streptophyta	Magnoliopsida	Fabales	Fabaceae	Caesalpinia					
4622			Viridiplantae	Streptophyta	Magnoliopsida	Zingiberales	Marantaceae	Calathea					
999456			Viridiplantae	Streptophyta	Magnoliopsida	Zingiberales	Marantaceae	Goeppertia		Goeppertia ornata			
94345			Viridiplantae	Streptophyta	Magnoliopsida	Zingiberales	Marantaceae	Goeppertia		Goeppertia zebrina			
476944			Viridiplantae	Streptophyta	Magnoliopsida	Myrtales	Melastomataceae	Miconia		Miconia hispidula			
4443			Viridiplantae	Streptophyta	Magnoliopsida	Ericales	Theaceae	Camellia		Camellia japonica			
2708174			Viridiplantae	Streptophyta	Magnoliopsida	Poales	Bromeliaceae	Canistrum		Canistrum seidelianum			
65558			Viridiplantae	Streptophyta	Magnoliopsida	Brassicales	Capparaceae	Capparis		Capparis spinosa			
12990			Viridiplantae	Streptophyta	Magnoliopsida	Fagales	Betulaceae	Carpinus		Carpinus betulus			
561305			Viridiplantae	Streptophyta	Magnoliopsida	Arecales	Arecaceae	Caryota		Caryota urens			
4057			Viridiplantae	Streptophyta	Magnoliopsida	Gentianales	Apocynaceae	Catharanthus					
1003630			Viridiplantae	Streptophyta	Magnoliopsida	Caryophyllales	Cactaceae	Cereus		Cereus peruvianus			
348477			Viridiplantae	Streptophyta	Magnoliopsida	Arecales	Arecaceae	Chamaedorea		Chamaedorea metallica			
99037			Viridiplantae	Streptophyta	Magnoliopsida	Asterales	Asteraceae	Chamaemelum		Chamaemelum nobile			
13422			Viridiplantae	Streptophyta	Magnoliopsida	Asterales	Asteraceae	Chrysanthemum					
196734			Viridiplantae	Streptophyta	Magnoliopsida	Asterales	Asteraceae	Cirsium		Cirsium pitcheri			
416102	rosids incertae sedis		Viridiplantae	Streptophyta	Magnoliopsida	Vitales	Vitaceae	Cissus		Cissus rotundifolia			
171249			Viridiplantae	Streptophyta	Magnoliopsida	Sapindales	Rutaceae	Citrus		Citrus limonia			
38412			Viridiplantae	Streptophyta	Magnoliopsida	Fabales	Fabaceae	Cladrastis		Cladrastis kentukea			
16049			Viridiplantae	Streptophyta	Magnoliopsida	Asparagales	Amaryllidaceae	Clivia		Clivia miniata			
156476			Viridiplantae	Streptophyta	Magnoliopsida	Malpighiales	Clusiaceae	Clusia		Clusia rosea			
168063			Viridiplantae	Streptophyta	Magnoliopsida	Commelinales	Commelinaceae	Cochliostema		Cochliostema odoratissimum			
82457			Viridiplantae	Streptophyta	Magnoliopsida	Malvales	Malvaceae	Cola		Cola nitida			
41228			Viridiplantae	Streptophyta	Magnoliopsida	Lamiales	Lamiaceae	Plectranthus		Plectranthus barbatus			
159666			Viridiplantae	Streptophyta	Magnoliopsida	Asterales	Asteraceae	Coreopsis		Coreopsis lanceolata			
91082			Viridiplantae	Streptophyta	Magnoliopsida	Saxifragales	Crassulaceae	Crassula		Crassula rupestris			
1977604			Viridiplantae	Streptophyta	Magnoliopsida	Fabales	Fabaceae	Crotalaria		Crotalaria sagittalis			
140419			Viridiplantae	Streptophyta	Magnoliopsida	Oxalidales	Cunoniaceae	Cunonia		Cunonia capensis			
53051			Viridiplantae	Streptophyta	Magnoliopsida	Asparagales	Orchidaceae	Cypripedium		Cypripedium reginae			
3835			Viridiplantae	Streptophyta	Magnoliopsida	Fabales	Fabaceae	Cytisus		Cytisus scoparius			
450024			Viridiplantae	Streptophyta	Magnoliopsida	Fabales	Fabaceae	Dalbergia		Dalbergia ecastaphyllum			
248507			Viridiplantae	Streptophyta	Magnoliopsida	Fabales	Fabaceae	Dalea		Dalea mollis			
339321			Viridiplantae	Streptophyta	Magnoliopsida	Gentianales	Rubiaceae	Rubia		Rubia cordifolia			
932098			Viridiplantae	Streptophyta	Magnoliopsida	Fabales	Fabaceae	Desmodium		Desmodium canadense			
3271			Viridiplantae	Streptophyta	Polypodiopsida	Cyatheales	Dicksoniaceae	Dicksonia		Dicksonia antarctica			
58033			Viridiplantae	Streptophyta	Cycadopsida	Cycadales	Zamiaceae	Dioon		Dioon edule			
85195			Viridiplantae	Streptophyta	Magnoliopsida	Gentianales	Apocynaceae	Dischidia					
2684640			Viridiplantae	Streptophyta	Magnoliopsida	Gentianales	Apocynaceae	Dischidia		Dischidia major			
65772			Viridiplantae	Streptophyta	Magnoliopsida	Asparagales	Hyacinthaceae	Drimia					
3287			Viridiplantae	Streptophyta	Polypodiopsida	Polypodiales	Dryopteridaceae	Dryopteris					
2283001			Viridiplantae	Streptophyta	Magnoliopsida	Saxifragales	Crassulaceae	Echeveria		Echeveria pulvinata	Echeveria pulvinata var. leucotricha		
3300			Viridiplantae	Streptophyta	Cycadopsida	Cycadales	Zamiaceae	Encephalartos		Encephalartos altensteinii			
4639			Viridiplantae	Streptophyta	Magnoliopsida	Zingiberales	Musaceae	Ensete		Ensete ventricosum			
66172			Viridiplantae	Streptophyta	Gnetopsida	Ephedrales	Ephedraceae	Ephedra		Ephedra viridis			
1195123			Viridiplantae	Streptophyta	Magnoliopsida	Caryophyllales	Cactaceae	Epiphyllum		Epiphyllum oxypetalum			
90460			Viridiplantae	Streptophyta	Magnoliopsida	Apiales	Apiaceae	Eryngium		Eryngium yuccifolium			
1620053			Viridiplantae	Streptophyta	Magnoliopsida	Fabales	Fabaceae	Erythrina		Erythrina herbacea			
482937			Viridiplantae	Streptophyta	Magnoliopsida	Celastrales	Celastraceae	Euonymus		Euonymus atropurpureus			
65560			Viridiplantae	Streptophyta	Magnoliopsida	Malpighiales	Euphorbiaceae	Euphorbia	Euphorbia subgen. Euphorbia	Euphorbia milii	Euphorbia milii var. splendens		
72935			Viridiplantae	Streptophyta	Magnoliopsida	Asterales	Asteraceae	Euthamia		Euthamia graminifolia			
309271			Viridiplantae	Streptophyta	Magnoliopsida	Rosales	Moraceae	Ficus		Ficus benghalensis			
3494			Viridiplantae	Streptophyta	Magnoliopsida	Rosales	Moraceae	Ficus		Ficus carica			
1634506			Viridiplantae	Streptophyta	Magnoliopsida	Rosales	Moraceae	Ficus		Ficus mexicana			
55182			Viridiplantae	Streptophyta	Magnoliopsida	Lamiales	Oleaceae	Forsythia					
85206			Viridiplantae	Streptophyta	Magnoliopsida	Myrtales	Onagraceae	Fuchsia		Fuchsia procumbens			
47101			Viridiplantae	Streptophyta	Magnoliopsida	Fabales	Fabaceae	Galega		Galega officinalis			
157519			Viridiplantae	Streptophyta	Magnoliopsida	Ericales	Ericaceae	Gaultheria		Gaultheria procumbens			
49825			Viridiplantae	Streptophyta	Magnoliopsida	Fabales	Fabaceae	Genista		Genista tinctoria			
1663611			Viridiplantae	Streptophyta	Magnoliopsida	Geraniales	Geraniaceae	Geranium		Geranium maculatum			
47080			Viridiplantae	Streptophyta	Magnoliopsida	Fabales	Fabaceae	Glycyrrhiza		Glycyrrhiza lepidota			
53883			Viridiplantae	Streptophyta	Magnoliopsida	Fabales	Fabaceae	Gymnocladus		Gymnocladus dioicus			
63357			Viridiplantae	Streptophyta	Magnoliopsida	Saxifragales	Hamamelidaceae	Hamamelis		Hamamelis vernalis			
222879			Viridiplantae	Streptophyta	Magnoliopsida	Lamiales	Pedaliaceae	Harpagophytum		Harpagophytum procumbens			
247089			Viridiplantae	Streptophyta	Magnoliopsida	Asparagales	Asphodelaceae	Haworthia		Haworthia cooperi			
247113			Viridiplantae	Streptophyta	Magnoliopsida	Asparagales	Asphodelaceae	Haworthiopsis		Haworthiopsis reinwardtii			
244030			Viridiplantae	Streptophyta	Magnoliopsida	Poales	Bromeliaceae	Hechtia		Hechtia texensis			
85351			Viridiplantae	Streptophyta	Magnoliopsida	Apiales	Araliaceae	Hedera		Hedera canariensis			
16107			Viridiplantae	Streptophyta	Magnoliopsida	Asparagales	Asphodelaceae	Hemerocallis					
34268			Viridiplantae	Streptophyta	Magnoliopsida	Lamiales	Acanthaceae	Hemigraphis					
191925			Viridiplantae	Streptophyta	Magnoliopsida	Fabales	Fabaceae	Hoffmannseggia		Hoffmannseggia drepanocarpa			
41390			Viridiplantae	Streptophyta	Magnoliopsida	Lamiales	Lamiaceae	Holmskioldia		Holmskioldia sanguinea			
1501554			Viridiplantae	Streptophyta	Magnoliopsida	Gentianales	Apocynaceae	Huernia		Huernia zebrina			
1827075			Viridiplantae	Streptophyta	Magnoliopsida	Gentianales	Rubiaceae	Hydnophytum		Hydnophytum simplex			
556505			Viridiplantae	Streptophyta	Magnoliopsida	Fabales	Fabaceae	Hylodesmum		Hylodesmum glutinosum			
473045			Viridiplantae	Streptophyta	Magnoliopsida	Malpighiales	Hypericaceae	Hypericum		Hypericum kalmianum			
65561			Viridiplantae	Streptophyta	Magnoliopsida	Malpighiales	Hypericaceae	Hypericum		Hypericum perforatum			
100149			Viridiplantae	Streptophyta	Magnoliopsida	Fabales	Fabaceae	Indigofera		Indigofera suffruticosa			
198826			Viridiplantae	Streptophyta	Magnoliopsida	Asparagales	Iridaceae	Iris		Iris sibirica			
34205			Viridiplantae	Streptophyta	Magnoliopsida	Asparagales	Iridaceae	Iris		Iris germanica			
46961			Viridiplantae	Streptophyta	Magnoliopsida	Ranunculales	Berberidaceae	Jeffersonia		Jeffersonia diphylla			
669713			Viridiplantae	Streptophyta	Pinopsida	Cupressales	Cupressaceae	Juniperus		Juniperus horizontalis			
466223			Viridiplantae	Streptophyta	Magnoliopsida	Fabales	Fabaceae	Kummerowia		Kummerowia striata			
154494			Viridiplantae	Streptophyta	Magnoliopsida	Fabales	Fabaceae	Lathyrus		Lathyrus latifolius			
466224			Viridiplantae	Streptophyta	Magnoliopsida	Fabales	Fabaceae	Lespedeza		Lespedeza hirta			
99071			Viridiplantae	Streptophyta	Magnoliopsida	Asterales	Asteraceae	Leucanthemum					
48042			Viridiplantae	Streptophyta	Magnoliopsida	Apiales	Apiaceae	Levisticum		Levisticum officinale			
886939			Viridiplantae	Streptophyta	Magnoliopsida	Asterales	Asteraceae	Liatris		Liatris spicata			
145694			Viridiplantae	Streptophyta	Magnoliopsida	Arecales	Arecaceae	Licuala		Licuala grandis			
650306			Viridiplantae	Streptophyta	Magnoliopsida	Boraginales	Boraginaceae	Lithospermum		Lithospermum caroliniense			
76578			Viridiplantae	Streptophyta	Magnoliopsida	Asterales	Campanulaceae	Lobelia		Lobelia cardinalis			
4521	Poodae		Viridiplantae	Streptophyta	Magnoliopsida	Poales	Poaceae	Lolium		Lolium multiflorum			
64118			Viridiplantae	Streptophyta	Magnoliopsida	Saxifragales	Hamamelidaceae	Loropetalum		Loropetalum chinense			
1159231			Viridiplantae	Streptophyta	Magnoliopsida	Fabales	Fabaceae	Acmispon		Acmispon argophyllus			
203270			Viridiplantae	Streptophyta	Magnoliopsida	Ranunculales	Berberidaceae	Berberis		Berberis aquifolium			
93788			Viridiplantae	Streptophyta	Magnoliopsida	Malvales	Malvaceae	Malvaviscus		Malvaviscus arboreus			
3983			Viridiplantae	Streptophyta	Magnoliopsida	Malpighiales	Euphorbiaceae	Manihot		Manihot esculenta			
34203			Viridiplantae	Streptophyta	Magnoliopsida	Zingiberales	Marantaceae	Maranta		Maranta leuconeura			
127986			Viridiplantae	Streptophyta	Magnoliopsida	Asterales	Asteraceae	Matricaria		Matricaria chamomilla	Matricaria chamomilla var. recutita		
47085			Viridiplantae	Streptophyta	Magnoliopsida	Fabales	Fabaceae	Medicago		Medicago lupulina			
1799599			Viridiplantae	Streptophyta	Magnoliopsida	Myrtales	Melastomataceae	Medinilla		Medinilla magnifica			
164405			Viridiplantae	Streptophyta	Magnoliopsida	Myrtales	Myrtaceae	Melaleuca		Melaleuca alternifolia			
47083			Viridiplantae	Streptophyta	Magnoliopsida	Fabales	Fabaceae	Melilotus		Melilotus officinalis			
39338			Viridiplantae	Streptophyta	Magnoliopsida	Lamiales	Lamiaceae	Melissa		Melissa officinalis			
34256			Viridiplantae	Streptophyta	Magnoliopsida	Lamiales	Lamiaceae	Mentha		Mentha x piperita			
253756			Viridiplantae	Streptophyta	Polypodiopsida	Polypodiales	Polypodiaceae	Microgramma		Microgramma lycopodioides			
187368			Viridiplantae	Streptophyta	Polypodiopsida	Polypodiales	Polypodiaceae	Microsorum		Microsorum musifolium			
21013			Viridiplantae	Streptophyta	Magnoliopsida	Fabales	Fabaceae	Mimosa					
182387			Viridiplantae	Streptophyta	Magnoliopsida	Lamiales	Lamiaceae	Monarda		Monarda punctata			
119823			Viridiplantae	Streptophyta	Magnoliopsida	Myrtales	Melastomataceae	Monolena					
174217			Viridiplantae	Streptophyta	Magnoliopsida	Alismatales	Araceae	Monstera		Monstera deliciosa			
983931			Viridiplantae	Streptophyta	Magnoliopsida	Caryophyllales	Cactaceae	Praecereus		Praecereus saxicola			
157652			Viridiplantae	Streptophyta	Magnoliopsida	Fabales	Fabaceae	Mucuna		Mucuna pruriens			
1155552			Viridiplantae	Streptophyta	Magnoliopsida	Fagales	Myricaceae	Morella		Morella pensylvanica			
119949	ungrouped Myrteae 1		Viridiplantae	Streptophyta	Magnoliopsida	Myrtales	Myrtaceae	Myrtus		Myrtus communis			
41776			Viridiplantae	Streptophyta	Magnoliopsida	Ranunculales	Berberidaceae	Nandina		Nandina domestica			
13169			Viridiplantae	Streptophyta	Magnoliopsida	Lamiales	Gesneriaceae	Nematanthus					
128655			Viridiplantae	Streptophyta	Magnoliopsida	Laurales	Lauraceae	Neolitsea		Neolitsea sericea			
939152			Viridiplantae	Streptophyta	Magnoliopsida	Poales	Bromeliaceae	Neoregelia		Neoregelia carolinae			
39348			Viridiplantae	Streptophyta	Magnoliopsida	Lamiales	Lamiaceae	Nepeta		Nepeta x faassenii			
196673			Viridiplantae	Streptophyta	Magnoliopsida	Fabales	Fabaceae	Neptunia		Neptunia lutea			
4097			Viridiplantae	Streptophyta	Magnoliopsida	Solanales	Solanaceae	Nicotiana		Nicotiana tabacum			
1001077			Viridiplantae	Streptophyta	Magnoliopsida	Caryophyllales	Cactaceae	Parodia					
113248			Viridiplantae	Streptophyta	Magnoliopsida	Malpighiales	Ochnaceae	Ochna		Ochna multiflora			
141591			Viridiplantae	Streptophyta	Magnoliopsida	Gentianales	Apocynaceae	Ochrosia		Ochrosia elliptica			
3942			Viridiplantae	Streptophyta	Magnoliopsida	Myrtales	Onagraceae	Oenothera		Oenothera biennis			
393608			Viridiplantae	Streptophyta	Magnoliopsida	Caryophyllales	Cactaceae	Opuntia		Opuntia streptacantha			
93977			Viridiplantae	Streptophyta	Magnoliopsida	Lamiales	Oleaceae	Osmanthus		Osmanthus fragrans			
519208			Viridiplantae	Streptophyta	Magnoliopsida	Oxalidales	Oxalidaceae	Oxalis		Oxalis triangularis			
1055845			Viridiplantae	Streptophyta	Magnoliopsida	Gentianales	Apocynaceae	Pachypodium		Pachypodium horombense			
1055859			Viridiplantae	Streptophyta	Magnoliopsida	Gentianales	Apocynaceae	Pachypodium		Pachypodium succulentum			
76374			Viridiplantae	Streptophyta	Magnoliopsida	Lamiales	Acanthaceae	Pachystachys		Pachystachys lutea			
13625			Viridiplantae	Streptophyta	Magnoliopsida	Saxifragales	Paeoniaceae	Paeonia					
248525			Viridiplantae	Streptophyta	Magnoliopsida	Fabales	Fabaceae	Parryella		Parryella filifolia			
159425			Viridiplantae	Streptophyta	Magnoliopsida	Malpighiales	Passifloraceae	Passiflora		Passiflora incarnata			
4030			Viridiplantae	Streptophyta	Magnoliopsida	Geraniales	Geraniaceae	Pelargonium					
265143			Viridiplantae	Streptophyta	Magnoliopsida	Lamiales	Plantaginaceae	Penstemon		Penstemon hirsutus			
25384			Viridiplantae	Streptophyta	Magnoliopsida	Gentianales	Rubiaceae	Pentas					
69414			Viridiplantae	Streptophyta	Magnoliopsida	Piperales	Piperaceae	Peperomia		Peperomia obtusifolia			
307724			Viridiplantae	Streptophyta	Magnoliopsida	Caryophyllales	Cactaceae	Pereskia		Pereskia grandifolia			
278673			Viridiplantae	Streptophyta	Magnoliopsida	Asterales	Asteraceae	Petasites		Petasites hybridus			
103537			Viridiplantae	Streptophyta	Magnoliopsida	Ericales	Polemoniaceae	Phlox		Phlox paniculata			
42345			Viridiplantae	Streptophyta	Magnoliopsida	Arecales	Arecaceae	Phoenix		Phoenix dactylifera			
51475			Viridiplantae	Streptophyta	Magnoliopsida	Asparagales	Asphodelaceae	Phormium		Phormium tenax			
3015646			Viridiplantae	Streptophyta	Magnoliopsida	Lamiales	Verbenaceae	Phyla		Phyla scaberrima			
519515			Viridiplantae	Streptophyta	Magnoliopsida	Fabales	Fabaceae	Pithecellobium		Pithecellobium unguis-cati			
2485371			Viridiplantae	Streptophyta	Magnoliopsida	Lamiales	Lamiaceae	Plectranthus		Plectranthus bipinnatus			
58043			Viridiplantae	Streptophyta	Pinopsida	Araucariales	Podocarpaceae	Podocarpus		Podocarpus macrophyllus			
35933			Viridiplantae	Streptophyta	Magnoliopsida	Ranunculales	Berberidaceae	Podophyllum		Podophyllum peltatum			
424520			Viridiplantae	Streptophyta	Polypodiopsida	Polypodiales	Polypodiaceae	Campyloneurum		Campyloneurum phyllitidis			
57926	Potentilleae incertae sedis		Viridiplantae	Streptophyta	Magnoliopsida	Rosales	Rosaceae	Argentina		Argentina anserina			
379279			Viridiplantae	Streptophyta	Magnoliopsida	Rosales	Rosaceae	Prunus		Prunus africana			
3240			Viridiplantae	Streptophyta	Polypodiopsida	Psilotales	Psilotaceae	Psilotum		Psilotum nudum			
248539			Viridiplantae	Streptophyta	Magnoliopsida	Fabales	Fabaceae	Psorothamnus		Psorothamnus spinosus			
210336			Viridiplantae	Streptophyta	Magnoliopsida	Sapindales	Rutaceae	Ptelea		Ptelea trifoliata			
751853			Viridiplantae	Streptophyta	Magnoliopsida	Lamiales	Lamiaceae	Pycnanthemum		Pycnanthemum tenuifolium			
392642			Viridiplantae	Streptophyta	Magnoliopsida	Lamiales	Lamiaceae	Pycnanthemum		Pycnanthemum virginianum			
58331			Viridiplantae	Streptophyta	Magnoliopsida	Fagales	Fagaceae	Quercus		Quercus suber			
398295			Viridiplantae	Streptophyta	Magnoliopsida	Rosales	Rosaceae	Rhaphiolepis		Rhaphiolepis umbellata			
52294			Viridiplantae	Streptophyta	Magnoliopsida	Asterales	Asteraceae	Ratibida		Ratibida pinnata			
428268			Viridiplantae	Streptophyta	Magnoliopsida	Commelinales	Commelinaceae	Tradescantia		Tradescantia spathacea			
289751			Viridiplantae	Streptophyta	Magnoliopsida	Sapindales	Anacardiaceae	Rhus		Rhus aromatica			
32258			Viridiplantae	Streptophyta	Magnoliopsida	Sapindales	Anacardiaceae	Rhus		Rhus copallinum			
2602419			Viridiplantae	Streptophyta	Magnoliopsida	Asparagales	Orchidaceae	x Rhyncholaeliocattleya					
3988			Viridiplantae	Streptophyta	Magnoliopsida	Malpighiales	Euphorbiaceae	Ricinus		Ricinus communis			
98745			Viridiplantae	Streptophyta	Magnoliopsida	Fabales	Fabaceae	Robinia		Robinia hispida			
168547			Viridiplantae	Streptophyta	Magnoliopsida	Fabales	Fabaceae	Robinia		Robinia viscosa			
100496			Viridiplantae	Streptophyta	Magnoliopsida	Asparagales	Asparagaceae	Rohdea		Rohdea japonica			
74638	Rosoideae incertae sedis		Viridiplantae	Streptophyta	Magnoliopsida	Rosales	Rosaceae	Rosa		Rosa carolina			
54240			Viridiplantae	Streptophyta	Magnoliopsida	Lamiales	Lamiaceae	Rotheca		Rotheca myricoides			
242528			Viridiplantae	Streptophyta	Magnoliopsida	Caryophyllales	Polygonaceae	Rumex	Rumex subgen. Acetosa	Rumex scutatus			
392646	Salvia incertae sedis		Viridiplantae	Streptophyta	Magnoliopsida	Lamiales	Lamiaceae	Salvia		Salvia apiana			
49215	Salvia incertae sedis		Viridiplantae	Streptophyta	Magnoliopsida	Lamiales	Lamiaceae	Salvia		Salvia nemorosa			
49220	Salvia incertae sedis		Viridiplantae	Streptophyta	Magnoliopsida	Lamiales	Lamiaceae	Salvia		Salvia verticillata			
137456			Viridiplantae	Streptophyta	Magnoliopsida	Rosales	Rosaceae	Sanguisorba		Sanguisorba minor			
13668			Viridiplantae	Streptophyta	Magnoliopsida	Asparagales	Asparagaceae	Sansevieria		Sansevieria cylindrica			
3572			Viridiplantae	Streptophyta	Magnoliopsida	Caryophyllales	Caryophyllaceae	Saponaria		Saponaria officinalis			
153581			Viridiplantae	Streptophyta	Magnoliopsida	Buxales	Buxaceae	Sarcococca		Sarcococca ruscifolia			
49988			Viridiplantae	Streptophyta	Magnoliopsida	Lamiales	Lamiaceae	Satureja		Satureja montana			
182070			Viridiplantae	Streptophyta	Magnoliopsida	Saxifragales	Saxifragaceae	Saxifraga		Saxifraga stolonifera			
79855	Andropogonodae		Viridiplantae	Streptophyta	Magnoliopsida	Poales	Poaceae	Schizachyrium		Schizachyrium scoparium			
238833			Viridiplantae	Streptophyta	Magnoliopsida	Poales	Cyperaceae	Schoenoplectus		Schoenoplectus pungens			
81964			Viridiplantae	Streptophyta	Lycopodiopsida	Selaginellales	Selaginellaceae	Selaginella		Selaginella kraussiana			
18794			Viridiplantae	Streptophyta	Magnoliopsida	Asterales	Asteraceae	Senecio					
199151			Viridiplantae	Streptophyta	Magnoliopsida	Fabales	Fabaceae	Senegalia		Senegalia roemeriana			
1582321			Viridiplantae	Streptophyta	Magnoliopsida	Fabales	Fabaceae	Senna		Senna hebecarpa			
99814			Viridiplantae	Streptophyta	Pinopsida	Cupressales	Cupressaceae	Sequoiadendron		Sequoiadendron giganteum			
54755			Viridiplantae	Streptophyta	Magnoliopsida	Fabales	Fabaceae	Sesbania		Sesbania emerus			
168083			Viridiplantae	Streptophyta	Magnoliopsida	Commelinales	Commelinaceae	Siderasis		Siderasis fuscata			
121900			Viridiplantae	Streptophyta	Magnoliopsida	Asterales	Asteraceae	Silphium		Silphium terebinthinaceum			
92921			Viridiplantae	Streptophyta	Magnoliopsida	Asterales	Asteraceae	Silybum		Silybum marianum			
3897			Viridiplantae	Streptophyta	Magnoliopsida	Fabales	Fabaceae	Styphnolobium		Styphnolobium japonicum			
1826628			Viridiplantae	Streptophyta	Magnoliopsida	Gentianales	Rubiaceae	Squamellaria		Squamellaria kajewskii			
1128766			Viridiplantae	Streptophyta	Magnoliopsida	Gentianales	Apocynaceae	Stapelia		Stapelia gigantea			
52854			Viridiplantae	Streptophyta	Magnoliopsida	Gentianales	Apocynaceae	Stapelia					
2163920			Viridiplantae	Streptophyta	Magnoliopsida	Gentianales	Apocynaceae	Marsdenia		Marsdenia floribunda			
13695			Viridiplantae	Streptophyta	Magnoliopsida	Asterales	Asteraceae	Stokesia					
4665			Viridiplantae	Streptophyta	Magnoliopsida	Zingiberales	Strelitziaceae	Strelitzia					
90593			Viridiplantae	Streptophyta	Magnoliopsida	Fabales	Fabaceae	Strophostyles		Strophostyles helvola			
167711			Viridiplantae	Streptophyta	Magnoliopsida	Fabales	Fabaceae	Stylosanthes		Stylosanthes biflora			
556906			Viridiplantae	Streptophyta	Magnoliopsida	Asterales	Asteraceae	Symphyotrichum		Symphyotrichum dumosum			
278672			Viridiplantae	Streptophyta	Magnoliopsida	Boraginales	Boraginaceae	Symphytum		Symphytum officinale			
3743			Viridiplantae	Streptophyta	Magnoliopsida	Ericales	Sapotaceae	Synsepalum		Synsepalum dulcificum			
127999			Viridiplantae	Streptophyta	Magnoliopsida	Asterales	Asteraceae	Tanacetum		Tanacetum parthenium			
1089629			Viridiplantae	Streptophyta	Magnoliopsida	Fabales	Fabaceae	Tephrosia		Tephrosia virginiana			
992795			Viridiplantae	Streptophyta	Magnoliopsida	Lamiales	Lamiaceae	Tetradenia		Tetradenia riparia			
2065961			Viridiplantae	Streptophyta	Magnoliopsida	Asterales	Asteraceae	Tetraneuris		Tetraneuris herbacea			
53178			Viridiplantae	Streptophyta	Magnoliopsida	Lamiales	Lamiaceae	Teucrium		Teucrium scorodonia			
46970			Viridiplantae	Streptophyta	Magnoliopsida	Ranunculales	Ranunculaceae	Thalictrum		Thalictrum dioicum			
183296			Viridiplantae	Streptophyta	Magnoliopsida	Fabales	Fabaceae	Thermopsis		Thermopsis montana			
3317			Viridiplantae	Streptophyta	Pinopsida	Cupressales	Cupressaceae	Thuja		Thuja occidentalis			
504044			Viridiplantae	Streptophyta	Magnoliopsida	Lamiales	Acanthaceae	Thunbergia		Thunbergia battiscombei			
139222			Viridiplantae	Streptophyta	Magnoliopsida	Lamiales	Acanthaceae	Thunbergia		Thunbergia mysorensis			
347388			Viridiplantae	Streptophyta	Magnoliopsida	Lamiales	Lamiaceae	Thymus		Thymus praecox			
14027			Viridiplantae	Streptophyta	Magnoliopsida	Arecales	Arecaceae	Trachycarpus		Trachycarpus fortunei			
4741			Viridiplantae	Streptophyta	Magnoliopsida	Commelinales	Commelinaceae	Tradescantia					
59015			Viridiplantae	Streptophyta	Magnoliopsida	Commelinales	Commelinaceae	Tradescantia		Tradescantia pallida			
3899			Viridiplantae	Streptophyta	Magnoliopsida	Fabales	Fabaceae	Trifolium		Trifolium repens			
472369			Viridiplantae	Streptophyta	Magnoliopsida	Ericales	Ericaceae	Vaccinium		Vaccinium angustifolium			
13750			Viridiplantae	Streptophyta	Magnoliopsida	Ericales	Ericaceae	Vaccinium		Vaccinium macrocarpon			
19953			Viridiplantae	Streptophyta	Magnoliopsida	Dipsacales	Caprifoliaceae	Valeriana		Valeriana officinalis			
51239			Viridiplantae	Streptophyta	Magnoliopsida	Asparagales	Orchidaceae	Vanilla		Vanilla planifolia			
28516			Viridiplantae	Streptophyta	Magnoliopsida	Lamiales	Verbenaceae	Verbena		Verbena bonariensis			
39388			Viridiplantae	Streptophyta	Magnoliopsida	Lamiales	Scrophulariaceae	Verbascum		Verbascum thapsus			
165346			Viridiplantae	Streptophyta	Magnoliopsida	Lamiales	Plantaginaceae	Veronicastrum		Veronicastrum virginicum			
54477			Viridiplantae	Streptophyta	Magnoliopsida	Lamiales	Lamiaceae	Vitex		Vitex agnus-castus			
3377			Viridiplantae	Streptophyta	Gnetopsida	Welwitschiales	Welwitschiaceae	Welwitschia		Welwitschia mirabilis			
2704054			Viridiplantae	Streptophyta	Magnoliopsida	Caryophyllales	Cactaceae	Cleistocactus		Cleistocactus winteri			
47096			Viridiplantae	Streptophyta	Magnoliopsida	Fabales	Fabaceae	Wisteria		Wisteria frutescens			
56998			Viridiplantae	Streptophyta	Pinopsida	Araucariales	Araucariaceae	Wollemia		Wollemia nobilis			
3304			Viridiplantae	Streptophyta	Cycadopsida	Cycadales	Zamiaceae	Zamia		Zamia pumila			
78374			Viridiplantae	Streptophyta	Magnoliopsida	Alismatales	Araceae	Zamioculcas		Zamioculcas zamiifolia			
174649			Viridiplantae	Streptophyta	Magnoliopsida	Caryophyllales	Polygonaceae	Rumex		Rumex crispus			
4100			Viridiplantae	Streptophyta	Magnoliopsida	Solanales	Solanaceae	Nicotiana		Nicotiana benthamiana			
282743	Achillea millefolium complex		Viridiplantae	Streptophyta	Magnoliopsida	Asterales	Asteraceae	Achillea		Achillea millefolium	Achillea millefolium var. alpicola	Achillea millefolium subsp. millefolium	
994668			Viridiplantae	Streptophyta	Magnoliopsida	Celastrales	Celastraceae	Celastrus		Celastrus paniculatus			
2984678			Viridiplantae	Streptophyta	Magnoliopsida	Celastrales	Celastraceae	Elaeodendron		Elaeodendron schweinfurthianum			
1312050			Viridiplantae	Streptophyta	Magnoliopsida	Celastrales	Celastraceae	Evonymopsis					
1442714			Viridiplantae	Streptophyta	Magnoliopsida	Celastrales	Celastraceae	Euonymus		Euonymus bockii			
4309			Viridiplantae	Streptophyta	Magnoliopsida	Celastrales	Celastraceae	Euonymus		Euonymus maackii			
1489648			Viridiplantae	Streptophyta	Magnoliopsida	Celastrales	Celastraceae	Euonymus		Euonymus cochinchinensis			
1442717			Viridiplantae	Streptophyta	Magnoliopsida	Celastrales	Celastraceae	Euonymus		Euonymus dielsianus			
255352			Viridiplantae	Streptophyta	Magnoliopsida	Celastrales	Celastraceae	Euonymus		Euonymus fortunei			
106672			Viridiplantae	Streptophyta	Magnoliopsida	Rosales	Rhamnaceae	Doerpfeldia					
1442720			Viridiplantae	Streptophyta	Magnoliopsida	Celastrales	Celastraceae	Euonymus		Euonymus frigidus			
1008910			Viridiplantae	Streptophyta	Magnoliopsida	Celastrales	Celastraceae	Euonymus		Euonymus myrianthus			
1603813			Viridiplantae	Streptophyta	Magnoliopsida	Celastrales	Celastraceae	Loeseneriella		Loeseneriella concinna			
123423			Viridiplantae	Streptophyta	Magnoliopsida	Celastrales	Celastraceae	Gymnosporia					
379240			Viridiplantae	Streptophyta	Magnoliopsida	Celastrales	Celastraceae	Gymnosporia		Gymnosporia buxifolia			
123430			Viridiplantae	Streptophyta	Magnoliopsida	Celastrales	Celastraceae	Maytenus					
2859579			Viridiplantae	Streptophyta	Magnoliopsida	Celastrales	Celastraceae	Gymnosporia		Gymnosporia graciliramula			
123432			Viridiplantae	Streptophyta	Magnoliopsida	Celastrales	Celastraceae	Maytenus		Maytenus undata			
1045126			Viridiplantae	Streptophyta	Magnoliopsida	Asterales	Asteraceae	Sinosenecio		Sinosenecio villiferus			
55956			Viridiplantae	Streptophyta	Magnoliopsida	Santalales	Santalaceae	Lepidoceras		Lepidoceras chilense			
1906730			Viridiplantae	Streptophyta	Magnoliopsida	Celastrales	Celastraceae	Pleurostylia		Pleurostylia africana			
1906731			Viridiplantae	Streptophyta	Magnoliopsida	Celastrales	Celastraceae	Pleurostylia		Pleurostylia pachyphloea			
1009589			Viridiplantae	Streptophyta	Magnoliopsida	Celastrales	Celastraceae	Salacia		Salacia chinensis			
4319			Viridiplantae	Streptophyta	Magnoliopsida	Celastrales	Celastraceae	Salacia					
670378			Viridiplantae	Streptophyta	Magnoliopsida	Celastrales	Celastraceae	Salacighia		Salacighia letestuana			
205465			Viridiplantae	Streptophyta	Magnoliopsida	Celastrales	Celastraceae	Tripterygium		Tripterygium hypoglaucum			
458696			Viridiplantae	Streptophyta	Magnoliopsida	Celastrales	Celastraceae	Tripterygium		Tripterygium wilfordii			
123465			Viridiplantae	Streptophyta	Magnoliopsida	Celastrales	Celastraceae	Pristimera		Pristimera indica			
67937			Viridiplantae	Streptophyta	Magnoliopsida	Sapindales	Rutaceae	Zanthoxylum					
1289414			Viridiplantae	Streptophyta	Magnoliopsida	Pandanales	Velloziaceae	Xerophyta		Xerophyta schlechteri			
714451			Viridiplantae	Streptophyta	Magnoliopsida	Asterales	Asteraceae	Aster		Aster ageratoides			
983245			Viridiplantae	Streptophyta	Magnoliopsida	Asterales	Asteraceae	Aster		Aster altaicus			
303144			Viridiplantae	Streptophyta	Magnoliopsida	Asterales	Asteraceae	Aster		Aster glehnii			
616994			Viridiplantae	Streptophyta	Magnoliopsida	Asterales	Asteraceae	Aster		Aster hispidus			
1196483			Viridiplantae	Streptophyta	Magnoliopsida	Asterales	Asteraceae	Aster		Aster incisus			
212788			Viridiplantae	Streptophyta	Magnoliopsida	Asterales	Asteraceae	Aster		Aster yomena			
126910			Viridiplantae	Streptophyta	Magnoliopsida	Solanales	Solanaceae	Withania		Withania somnifera			
53751			Viridiplantae	Streptophyta	Magnoliopsida	Asterales	Asteraceae	Echinacea		Echinacea purpurea			
48732			Viridiplantae	Streptophyta	Magnoliopsida	Poales	Poaceae	Bouteloua		Bouteloua gracilis			
671526			Viridiplantae	Streptophyta	Magnoliopsida	Malvales	Malvaceae	Waltheria		Waltheria indica			
397652			Viridiplantae	Streptophyta	Magnoliopsida	Fabales	Fabaceae	Stryphnodendron		Stryphnodendron pulcherrimum			
204123			Viridiplantae	Streptophyta	Magnoliopsida	Lamiales	Lamiaceae	Hyptis		Hyptis brevipes			
1125939			Viridiplantae	Streptophyta	Magnoliopsida	Lamiales	Lamiaceae	Hyptis		Hyptis brachiata			
204124			Viridiplantae	Streptophyta	Magnoliopsida	Lamiales	Lamiaceae	Hyptis		Hyptis capitata			
986250			Viridiplantae	Streptophyta	Magnoliopsida	Lamiales	Lamiaceae	Condea		Condea verticillata			
259893			Viridiplantae	Streptophyta	Magnoliopsida	Asterales	Asteraceae	Artemisia		Artemisia argyi			
72332			Viridiplantae	Streptophyta	Magnoliopsida	Asterales	Asteraceae	Artemisia		Artemisia absinthium			
72351			Viridiplantae	Streptophyta	Magnoliopsida	Asterales	Asteraceae	Artemisia		Artemisia scoparia			
4220			Viridiplantae	Streptophyta	Magnoliopsida	Asterales	Asteraceae	Artemisia		Artemisia vulgaris			
492004			Viridiplantae	Streptophyta	Magnoliopsida	Gentianales	Apocynaceae	Leptadenia		Leptadenia reticulata			
354501			Viridiplantae	Streptophyta	Magnoliopsida	Sapindales	Rutaceae	Melicope		Melicope pteleifolia			
169244			Viridiplantae	Streptophyta	Magnoliopsida	Dilleniales	Dilleniaceae	Dillenia		Dillenia philippinensis			
39993			Viridiplantae	Streptophyta	Magnoliopsida	Myrtales	Combretaceae	Terminalia		Terminalia catappa			
219892			Viridiplantae	Streptophyta	Magnoliopsida	Myrtales	Myrtaceae	Syzygium		Syzygium malaccense			
260143			Viridiplantae	Streptophyta	Magnoliopsida	Myrtales	Myrtaceae	Syzygium		Syzygium samarangense			
106642			Viridiplantae	Streptophyta	Magnoliopsida	Myrtales	Myrtaceae	Eucalyptus		Eucalyptus deglupta			
268838			Viridiplantae	Streptophyta	Magnoliopsida	Ericales	Ebenaceae	Diospyros		Diospyros discolor			
585483			Viridiplantae	Streptophyta	Magnoliopsida	Canellales	Winteraceae	Tasmannia		Tasmannia piperita			
15368	Stipodae		Viridiplantae	Streptophyta	Magnoliopsida	Poales	Poaceae	Brachypodium		Brachypodium distachyon			
592599			Viridiplantae	Streptophyta	Magnoliopsida	Fabales	Fabaceae	Chamaecrista		Chamaecrista diphylla			
484171			Viridiplantae	Streptophyta	Magnoliopsida	Asparagales	Hyacinthaceae	Ornithogalum		Ornithogalum saundersiae			
82454			Viridiplantae	Streptophyta	Magnoliopsida	Malvales	Malvaceae	Abroma		Abroma augustum			
424428			Viridiplantae	Streptophyta	Magnoliopsida	Malvales	Malvaceae	Abutilon		Abutilon grandifolium			
49314			Viridiplantae	Streptophyta	Magnoliopsida	Magnoliales	Annonaceae	Annona		Annona cherimola			
28974			Viridiplantae	Streptophyta	Magnoliopsida	Oxalidales	Oxalidaceae	Averrhoa		Averrhoa carambola			
66672			Viridiplantae	Streptophyta	Magnoliopsida	Malvales	Bixaceae	Bixa		Bixa orellana			
259381			Viridiplantae	Streptophyta	Magnoliopsida	Sapindales	Sapindaceae	Blighia		Blighia sapida			
2021205	Livistoneae incertae sedis		Viridiplantae	Streptophyta	Magnoliopsida	Arecales	Arecaceae	Brahea		Brahea edulis			
191904			Viridiplantae	Streptophyta	Magnoliopsida	Fabales	Fabaceae	Tara		Tara spinosa			
4628			Viridiplantae	Streptophyta	Magnoliopsida	Zingiberales	Cannaceae	Canna		Canna indica			
4073			Viridiplantae	Streptophyta	Magnoliopsida	Solanales	Solanaceae	Capsicum		Capsicum frutescens			
3649			Viridiplantae	Streptophyta	Magnoliopsida	Brassicales	Caricaceae	Carica		Carica papaya			
123405			Viridiplantae	Streptophyta	Magnoliopsida	Celastrales	Celastraceae	Catha		Catha edulis			
328752			Viridiplantae	Streptophyta	Magnoliopsida	Zingiberales	Costaceae	Costus		Costus afer			
1125401			Viridiplantae	Streptophyta	Magnoliopsida	Lamiales	Bignoniaceae	Crescentia		Crescentia cujete			
3397			Viridiplantae	Streptophyta	Cycadopsida	Cycadales	Cycadaceae	Cycas		Cycas circinalis			
76434	C4 Cyperus incertae sedis		Viridiplantae	Streptophyta	Magnoliopsida	Poales	Cyperaceae	Cyperus	Cyperus subgen. Cyperus	Cyperus papyrus			
56063			Viridiplantae	Streptophyta	Magnoliopsida	Fabales	Fabaceae	Derris		Derris elliptica			
289672			Viridiplantae	Streptophyta	Magnoliopsida	Malpighiales	Erythroxylaceae	Erythroxylum		Erythroxylum coca			
44989			Viridiplantae	Streptophyta	Magnoliopsida	Asparagales	Amaryllidaceae	Eucharis		Eucharis x grandiflora			
119951			Viridiplantae	Streptophyta	Magnoliopsida	Myrtales	Myrtaceae	Eugenia		Eugenia uniflora			
182112			Viridiplantae	Streptophyta	Magnoliopsida	Rosales	Moraceae	Ficus		Ficus elastica			
1824555			Viridiplantae	Streptophyta	Magnoliopsida	Asparagales	Asparagaceae	Furcraea		Furcraea foetida			
374122			Viridiplantae	Streptophyta	Magnoliopsida	Zygophyllales	Zygophyllaceae	Guaiacum		Guaiacum officinale			
182084			Viridiplantae	Streptophyta	Magnoliopsida	Cucurbitales	Cucurbitaceae	Gynostemma		Gynostemma pentaphyllum			
660624			Viridiplantae	Streptophyta	Magnoliopsida	Lamiales	Oleaceae	Jasminum		Jasminum sambac			
587579			Viridiplantae	Streptophyta	Magnoliopsida	Sapindales	Meliaceae	Khaya		Khaya senegalensis			
3865			Viridiplantae	Streptophyta	Magnoliopsida	Fabales	Fabaceae	Leucaena					
542674			Viridiplantae	Streptophyta	Magnoliopsida	Lamiales	Verbenaceae	Phyla		Phyla dulcis			
180562			Viridiplantae	Streptophyta	Magnoliopsida	Dipsacales	Caprifoliaceae	Morina		Morina longifolia			
159030			Viridiplantae	Streptophyta	Magnoliopsida	Sapindales	Rutaceae	Murraya		Murraya koenigii			
145848	Poodae		Viridiplantae	Streptophyta	Magnoliopsida	Poales	Poaceae	Festuca		Festuca paniculata			
4641			Viridiplantae	Streptophyta	Magnoliopsida	Zingiberales	Musaceae	Musa		Musa acuminata			
133197			Viridiplantae	Streptophyta	Magnoliopsida	Zingiberales	Musaceae	Musa		Musa basjoo			
3685			Viridiplantae	Streptophyta	Magnoliopsida	Malpighiales	Passifloraceae	Passiflora		Passiflora quadrangularis			
392747			Viridiplantae	Streptophyta	Magnoliopsida	Sapindales	Sapindaceae	Paullinia		Paullinia cupana			
1524318			Viridiplantae	Streptophyta	Magnoliopsida	Ericales	Sapotaceae	Payena		Payena leerii			
130414			Viridiplantae	Streptophyta	Magnoliopsida	Piperales	Piperaceae	Piper		Piper retrofractum			
204180			Viridiplantae	Streptophyta	Magnoliopsida	Lamiales	Lamiaceae	Coleus		Coleus amboinicus			
3533			Viridiplantae	Streptophyta	Magnoliopsida	Caryophyllales	Petiveriaceae	Rivina		Rivina humilis			
141331			Viridiplantae	Streptophyta	Magnoliopsida	Lamiales	Acanthaceae	Rungia		Rungia klossii			
28513			Viridiplantae	Streptophyta	Magnoliopsida	Lamiales	Lamiaceae	Salvia	Salvia subgen. Calosphace	Salvia divinorum			
13667			Viridiplantae	Streptophyta	Magnoliopsida	Asparagales	Asparagaceae	Sansevieria					
346999			Viridiplantae	Streptophyta	Magnoliopsida	Fabales	Fabaceae	Senna		Senna siamea			
4722	Livistoneae incertae sedis		Viridiplantae	Streptophyta	Magnoliopsida	Arecales	Arecaceae	Serenoa		Serenoa repens			
45843			Viridiplantae	Streptophyta	Magnoliopsida	Solanales	Solanaceae	Solanum		Solanum betaceum			
227725			Viridiplantae	Streptophyta	Magnoliopsida	Solanales	Solanaceae	Solanum		Solanum quitoense			
55670			Viridiplantae	Streptophyta	Magnoliopsida	Asterales	Asteraceae	Stevia		Stevia rebaudiana			
141614			Viridiplantae	Streptophyta	Magnoliopsida	Gentianales	Apocynaceae	Strophanthus		Strophanthus gratus			
2605637			Viridiplantae	Streptophyta	Magnoliopsida	Gentianales	Apocynaceae	Strophanthus		Strophanthus hispidus			
334483			Viridiplantae	Streptophyta	Magnoliopsida	Myrtales	Myrtaceae	Syzygium		Syzygium jambos			
167337	Andropogonodae		Viridiplantae	Streptophyta	Magnoliopsida	Poales	Poaceae	Chrysopogon		Chrysopogon zizanioides			
239293			Viridiplantae	Streptophyta	Magnoliopsida	Caryophyllales	Phytolaccaceae	Trichostigma		Trichostigma peruvianum			
202991			Viridiplantae	Streptophyta	Magnoliopsida	Saxifragales	Crassulaceae	Phedimus		Phedimus spurius			
29800			Viridiplantae	Streptophyta	Magnoliopsida	Gentianales	Rubiaceae	Psychotria		Psychotria bacteriophila			
52862			Viridiplantae	Streptophyta	Magnoliopsida	Gentianales	Apocynaceae	Thevetia		Thevetia peruviana			
38868			Viridiplantae	Streptophyta	Magnoliopsida	Lamiales	Lamiaceae	Salvia	Salvia subgen. Salvia	Salvia officinalis			
289652			Viridiplantae	Streptophyta	Magnoliopsida	Malpighiales	Phyllanthaceae	Croizatia					
74952			Viridiplantae	Streptophyta	Magnoliopsida	Laurales	Monimiaceae	Mollinedia		Mollinedia ovata			
597388			Viridiplantae	Streptophyta	Magnoliopsida	Rosales	Urticaceae	Pourouma		Pourouma bicolor			
72384			Viridiplantae	Streptophyta	Magnoliopsida	Malpighiales	Caryocaraceae	Caryocar					
1129501			Viridiplantae	Streptophyta	Magnoliopsida	Rosales	Urticaceae	Pourouma		Pourouma minor			
2072215			Viridiplantae	Streptophyta	Magnoliopsida	Malpighiales	Euphorbiaceae	Alchornea		Alchornea glandulosa			
316701			Viridiplantae	Streptophyta	Magnoliopsida	Malpighiales	Euphorbiaceae	Aparisthmium		Aparisthmium cordatum			
283101			Viridiplantae	Streptophyta	Magnoliopsida	Malpighiales	Euphorbiaceae	Chaetocarpus					
59595			Viridiplantae	Streptophyta	Magnoliopsida	Gentianales	Rubiaceae	Palicourea					
4295			Viridiplantae	Streptophyta	Magnoliopsida	Aquifoliales	Aquifoliaceae	Ilex					
300995			Viridiplantae	Streptophyta	Magnoliopsida	Malpighiales	Phyllanthaceae	Hieronyma					
1472300			Viridiplantae	Streptophyta	Magnoliopsida	Malpighiales	Euphorbiaceae	Alchornea		Alchornea triplinervia			
173697			Viridiplantae	Streptophyta	Magnoliopsida	Sapindales	Burseraceae	Protium					
198794			Viridiplantae	Streptophyta	Magnoliopsida	Malpighiales	Hypericaceae	Vismia					
2546097			Viridiplantae	Streptophyta	Magnoliopsida	Gentianales	Rubiaceae	Schizocalyx					
241905			Viridiplantae	Streptophyta	Magnoliopsida	Rosales	Moraceae	Perebea		Perebea guianensis			
1635308			Viridiplantae	Streptophyta	Magnoliopsida	Rosales	Moraceae	Helicostylis		Helicostylis tovarensis			
241886			Viridiplantae	Streptophyta	Magnoliopsida	Rosales	Moraceae	Helicostylis		Helicostylis tomentosa			
295183			Viridiplantae	Streptophyta	Magnoliopsida	Magnoliales	Annonaceae	Guatteria		Guatteria punctata			
1277828			Viridiplantae	Streptophyta	Magnoliopsida	Myrtales	Melastomataceae	Blakea		Blakea multiflora			
872014			Viridiplantae	Streptophyta	Magnoliopsida	Ericales	Sapotaceae	Pouteria		Pouteria caimito			
1186182			Viridiplantae	Streptophyta	Magnoliopsida	Ericales	Sapotaceae	Pouteria		Pouteria cuspidata			
375252	Myrcia group		Viridiplantae	Streptophyta	Magnoliopsida	Myrtales	Myrtaceae	Myrcia		Myrcia fallax			
316845			Viridiplantae	Streptophyta	Magnoliopsida	Malpighiales	Euphorbiaceae	Mabea					
46394			Viridiplantae	Streptophyta	Magnoliopsida	Apiales	Araliaceae	Dendropanax					
2915486			Viridiplantae	Streptophyta	Magnoliopsida	Apiales	Araliaceae	Didymopanax					
1186097			Viridiplantae	Streptophyta	Magnoliopsida	Caryophyllales	Polygonaceae	Coccoloba		Coccoloba mollis			
162809			Viridiplantae	Streptophyta	Magnoliopsida	Fabales	Fabaceae	Inga					
247909			Viridiplantae	Streptophyta	Magnoliopsida	Fabales	Fabaceae	Diplotropis					
717058			Viridiplantae	Streptophyta	Magnoliopsida	Gentianales	Rubiaceae	Bathysa		Bathysa australis			
693335			Viridiplantae	Streptophyta	Magnoliopsida	Gentianales	Rubiaceae	Elaeagia		Elaeagia mariae			
13336			Viridiplantae	Streptophyta	Magnoliopsida	Magnoliales	Annonaceae	Annona					
1906254			Viridiplantae	Streptophyta	Magnoliopsida	Malpighiales	Ochnaceae	Quiina		Quiina florida			
477101			Viridiplantae	Streptophyta	Magnoliopsida	Myrtales	Melastomataceae	Miconia		Miconia multispicata			
375278	Plinia group		Viridiplantae	Streptophyta	Magnoliopsida	Myrtales	Myrtaceae	Siphoneugena					
1420089			Viridiplantae	Streptophyta	Magnoliopsida	Myrtales	Melastomataceae	Miconia		Miconia splendens			
992860			Viridiplantae	Streptophyta	Magnoliopsida	Boraginales	Cordiaceae	Cordia		Cordia ucayaliensis			
2576631			Viridiplantae	Streptophyta	Magnoliopsida	Malpighiales	Euphorbiaceae	Croton		Croton rusbyi			
2072290			Viridiplantae	Streptophyta	Magnoliopsida	Apiales	Araliaceae	Didymopanax		Didymopanax vinosus			
597391			Viridiplantae	Streptophyta	Magnoliopsida	Ericales	Sapotaceae	Pouteria		Pouteria bilocularis			
119892			Viridiplantae	Streptophyta	Magnoliopsida	Myrtales	Melastomataceae	Meriania					
375249	Myrcia group		Viridiplantae	Streptophyta	Magnoliopsida	Myrtales	Myrtaceae	Myrcia					
477113			Viridiplantae	Streptophyta	Magnoliopsida	Myrtales	Melastomataceae	Miconia		Miconia punctata			
2736927			Viridiplantae	Streptophyta	Magnoliopsida	Fabales	Fabaceae	Jupunba		Jupunba trapezifolia			
128591			Viridiplantae	Streptophyta	Magnoliopsida	Laurales	Lauraceae	Aniba					
224865			Viridiplantae	Streptophyta	Magnoliopsida	Magnoliales	Myristicaceae	Virola					
182312			Viridiplantae	Streptophyta	Magnoliopsida	Ericales	Theaceae	Gordonia		Gordonia fruticosa			
375220			Viridiplantae	Streptophyta	Magnoliopsida	Myrtales	Myrtaceae	Eugenia		Eugenia florida			
128619			Viridiplantae	Streptophyta	Magnoliopsida	Laurales	Lauraceae	Endlicheria					
486085			Viridiplantae	Streptophyta	Magnoliopsida	Fabales	Fabaceae	Inga		Inga striata			
590031			Viridiplantae	Streptophyta	Magnoliopsida	Laurales	Lauraceae	Persea		Persea sphaerocarpa			
178120	Myrcia group		Viridiplantae	Streptophyta	Magnoliopsida	Myrtales	Myrtaceae	Calyptranthes					
1937619			Viridiplantae	Streptophyta	Magnoliopsida	Oxalidales	Elaeocarpaceae	Sloanea		Sloanea grandiflora			
668907			Viridiplantae	Streptophyta	Magnoliopsida	Fabales	Fabaceae	Inga		Inga alba			
273784			Viridiplantae	Streptophyta	Magnoliopsida	Gentianales	Rubiaceae	Ladenbergia		Ladenbergia oblongifolia			
22986			Viridiplantae	Streptophyta	Magnoliopsida	Malpighiales	Chrysobalanaceae	Licania					
45190			Viridiplantae	Streptophyta	Magnoliopsida	Oxalidales	Elaeocarpaceae	Sloanea					
199163			Viridiplantae	Streptophyta	Magnoliopsida	Fabales	Fabaceae	Inga		Inga edulis			
2217940			Viridiplantae	Streptophyta	Magnoliopsida	Myrtales	Myrtaceae	Eugenia		Eugenia lambertiana			
397188			Viridiplantae	Streptophyta	Magnoliopsida	Laurales	Lauraceae	Ocotea		Ocotea aciphylla			
2592314			Viridiplantae	Streptophyta	Magnoliopsida	Laurales	Lauraceae	Pleurothyrium		Pleurothyrium trianae			
128688			Viridiplantae	Streptophyta	Magnoliopsida	Laurales	Lauraceae	Pleurothyrium					
681416			Viridiplantae	Streptophyta	Magnoliopsida	Laurales	Lauraceae	Beilschmiedia		Beilschmiedia tovarensis			
668910			Viridiplantae	Streptophyta	Magnoliopsida	Fabales	Fabaceae	Inga		Inga heterophylla			
590021			Viridiplantae	Streptophyta	Magnoliopsida	Laurales	Lauraceae	Persea		Persea areolatocostae			
59981			Viridiplantae	Streptophyta	Magnoliopsida	Ericales	Primulaceae	Myrsine					
427808			Viridiplantae	Streptophyta	Magnoliopsida	Caryophyllales	Nyctaginaceae	Neea					
158524			Viridiplantae	Streptophyta	Magnoliopsida	Laurales	Lauraceae	Rhodostemonodaphne		Rhodostemonodaphne kunthiana			
63800			Viridiplantae	Streptophyta	Magnoliopsida	Laurales	Lauraceae	Nectandra					
13434			Viridiplantae	Streptophyta	Magnoliopsida	Ericales	Clethraceae	Clethra					
348168			Viridiplantae	Streptophyta	Magnoliopsida	Solanales	Solanaceae	Solanum		Solanum clandestinum			
2801115			Viridiplantae	Streptophyta	Magnoliopsida	Solanales	Solanaceae	Solanum		Solanum maturecalvans			
928660			Viridiplantae	Streptophyta	Magnoliopsida	Rosales	Rosaceae	Prunus		Prunus integrifolia			
1412886			Viridiplantae	Streptophyta	Magnoliopsida	Myrtales	Melastomataceae	Tibouchina		Tibouchina calycina			
502759			Viridiplantae	Streptophyta	Magnoliopsida	Chloranthales	Chloranthaceae	Hedyosmum		Hedyosmum scabrum			
2136685			Viridiplantae	Streptophyta	Magnoliopsida	Myrtales	Melastomataceae	Tessmannianthus					
72403			Viridiplantae	Streptophyta	Magnoliopsida	Malpighiales	Clusiaceae	Clusia					
1419977			Viridiplantae	Streptophyta	Magnoliopsida	Myrtales	Melastomataceae	Miconia		Miconia boliviensis			
263213			Viridiplantae	Streptophyta	Magnoliopsida	Myrtales	Melastomataceae	Axinaea					
205569			Viridiplantae	Streptophyta	Magnoliopsida	Solanales	Solanaceae	Solanum		Solanum ochrophyllum			
1807087			Viridiplantae	Streptophyta	Magnoliopsida	Sapindales	Meliaceae	Ruagea		Ruagea glabra			
434641			Viridiplantae	Streptophyta	Magnoliopsida	Asterales	Asteraceae	Critoniopsis					
2945238			Viridiplantae	Streptophyta	Magnoliopsida	Ericales	Clethraceae	Clethra		Clethra cardenasii			
108420			Viridiplantae	Streptophyta	Magnoliopsida	Proteales	Sabiaceae	Meliosma					
55372			Viridiplantae	Streptophyta	Magnoliopsida	Ericales	Symplocaceae	Symplocos					
74951			Viridiplantae	Streptophyta	Magnoliopsida	Laurales	Monimiaceae	Mollinedia					
52502			Viridiplantae	Streptophyta	Magnoliopsida	Apiales	Araliaceae	Oreopanax					
298535			Viridiplantae	Streptophyta	Magnoliopsida	Ericales	Symplocaceae	Symplocos		Symplocos quitensis			
3779			Viridiplantae	Streptophyta	Magnoliopsida	Oxalidales	Cunoniaceae	Weinmannia					
858905			Viridiplantae	Streptophyta	Magnoliopsida	Oxalidales	Cunoniaceae	Weinmannia		Weinmannia pinnata			
2793474			Viridiplantae	Streptophyta	Magnoliopsida	Fabales	Fabaceae	Inga		Inga multinervis			
289800			Viridiplantae	Streptophyta	Magnoliopsida	Sapindales	Sapindaceae	Cupania					
3402			Viridiplantae	Streptophyta	Magnoliopsida	Magnoliales	Magnoliaceae	Magnolia					
263292			Viridiplantae	Streptophyta	Magnoliopsida	Myrtales	Melastomataceae	Miconia		Miconia centrodesma			
1972872			Viridiplantae	Streptophyta	Magnoliopsida	Myrtales	Melastomataceae	Chalybea					
502752			Viridiplantae	Streptophyta	Magnoliopsida	Chloranthales	Chloranthaceae	Hedyosmum		Hedyosmum cuatrecazanum			
502757			Viridiplantae	Streptophyta	Magnoliopsida	Chloranthales	Chloranthaceae	Hedyosmum		Hedyosmum racemosum			
477017			Viridiplantae	Streptophyta	Magnoliopsida	Myrtales	Melastomataceae	Miconia		Miconia bangii			
1962496			Viridiplantae	Streptophyta	Magnoliopsida	Malpighiales	Clusiaceae	Clusia		Clusia trochiformis			
1930869			Viridiplantae	Streptophyta	Magnoliopsida	Laurales	Lauraceae	Nectandra		Nectandra acutifolia			
58420			Viridiplantae	Streptophyta	Magnoliopsida	Gentianales	Rubiaceae	Faramea					
295145			Viridiplantae	Streptophyta	Magnoliopsida	Magnoliales	Annonaceae	Guatteria					
2321241			Viridiplantae	Streptophyta	Magnoliopsida	Malpighiales	Euphorbiaceae	Alchornea		Alchornea grandiflora			
356269			Viridiplantae	Streptophyta	Magnoliopsida	Sapindales	Meliaceae	Cabralea		Cabralea canjerana			
1781618			Viridiplantae	Streptophyta	Magnoliopsida	Rosales	Urticaceae	Cecropia		Cecropia tacuna			
2915488			Viridiplantae	Streptophyta	Magnoliopsida	Apiales	Araliaceae	Sciodaphyllum					
224279			Viridiplantae	Streptophyta	Magnoliopsida	Ericales	Clethraceae	Clethra		Clethra revoluta			
309276			Viridiplantae	Streptophyta	Magnoliopsida	Rosales	Moraceae	Ficus		Ficus americana			
83711			Viridiplantae	Streptophyta	Magnoliopsida	Proteales	Proteaceae	Euplassa					
13699			Viridiplantae	Streptophyta	Magnoliopsida	Ericales	Styracaceae	Styrax					
201280			Viridiplantae	Streptophyta	Magnoliopsida	Sapindales	Meliaceae	Ruagea					
883796			Viridiplantae	Streptophyta	Magnoliopsida	Ericales	Primulaceae	Myrsine		Myrsine coriacea			
153546			Viridiplantae	Streptophyta	Magnoliopsida	Ericales	Styracaceae	Styrax		Styrax pentlandianus			
489021			Viridiplantae	Streptophyta	Magnoliopsida	Laurales	Lauraceae	Ocotea		Ocotea floribunda			
291018			Viridiplantae	Streptophyta	Magnoliopsida	Sapindales	Sapindaceae	Matayba					
681403			Viridiplantae	Streptophyta	Magnoliopsida	Malpighiales	Euphorbiaceae	Alchornea		Alchornea latifolia			
218190			Viridiplantae	Streptophyta	Pinopsida	Araucariales	Podocarpaceae	Podocarpus		Podocarpus oleifolius			
212275			Viridiplantae	Streptophyta	Magnoliopsida	Malpighiales	Euphorbiaceae	Alchornea					
1087743			Viridiplantae	Streptophyta	Magnoliopsida	Chloranthales	Chloranthaceae	Hedyosmum		Hedyosmum lechleri			
2420415			Viridiplantae	Streptophyta	Magnoliopsida	Myrtales	Melastomataceae	Miconia		Miconia incachacana			
2874636			Viridiplantae	Streptophyta	Magnoliopsida	Oxalidales	Brunelliaceae	Brunellia		Brunellia boliviana			
224283			Viridiplantae	Streptophyta	Magnoliopsida	Ericales	Clethraceae	Clethra		Clethra peruviana			
111103			Viridiplantae	Streptophyta	Magnoliopsida	Ericales	Primulaceae	Geissanthus					
1420078			Viridiplantae	Streptophyta	Magnoliopsida	Myrtales	Melastomataceae	Miconia		Miconia quadrialata			
2952425			Viridiplantae	Streptophyta	Magnoliopsida	Gentianales	Rubiaceae	Faramea		Faramea bangii			
2945380			Viridiplantae	Streptophyta	Magnoliopsida	Ericales	Pentaphylacaceae	Freziera		Freziera dudleyi			
427810			Viridiplantae	Streptophyta	Magnoliopsida	Caryophyllales	Nyctaginaceae	Neea		Neea hermaphrodita			
148671			Viridiplantae	Streptophyta	Magnoliopsida	Fabales	Fabaceae	Anadenanthera		Anadenanthera colubrina			
1428766			Viridiplantae	Streptophyta	Magnoliopsida	Rosales	Ulmaceae	Phyllostylon		Phyllostylon rhamnoides			
1472311			Viridiplantae	Streptophyta	Magnoliopsida	Caryophyllales	Nyctaginaceae	Guapira		Guapira opposita			
2321264			Viridiplantae	Streptophyta	Magnoliopsida	Malvales	Malvaceae	Ceiba		Ceiba boliviana			
403099			Viridiplantae	Streptophyta	Magnoliopsida	Gentianales	Apocynaceae	Aspidosperma		Aspidosperma cylindrocarpon			
270267			Viridiplantae	Streptophyta	Magnoliopsida	Sapindales	Anacardiaceae	Schinopsis		Schinopsis brasiliensis			
1056470			Viridiplantae	Streptophyta	Magnoliopsida	Sapindales	Rutaceae	Zanthoxylum		Zanthoxylum fagara			
169196			Viridiplantae	Streptophyta	Magnoliopsida	Caryophyllales	Achatocarpaceae	Achatocarpus		Achatocarpus praecox			
2303059			Viridiplantae	Streptophyta	Magnoliopsida	Malpighiales	Erythroxylaceae	Erythroxylum		Erythroxylum subrotundum			
82382			Viridiplantae	Streptophyta	Magnoliopsida	Malvales	Malvaceae	Ceiba		Ceiba speciosa			
249112			Viridiplantae	Streptophyta	Magnoliopsida	Caryophyllales	Polygonaceae	Ruprechtia		Ruprechtia laxiflora			
429701			Viridiplantae	Streptophyta	Magnoliopsida	Lamiales	Bignoniaceae	Handroanthus		Handroanthus impetiginosus			
429696			Viridiplantae	Streptophyta	Magnoliopsida	Lamiales	Bignoniaceae	Handroanthus		Handroanthus chrysanthus			
362728			Viridiplantae	Streptophyta	Magnoliopsida	Ericales	Sapotaceae	Sideroxylon		Sideroxylon obtusifolium			
3540			Viridiplantae	Streptophyta	Magnoliopsida	Caryophyllales	Nyctaginaceae	Bougainvillea					
281395			Viridiplantae	Streptophyta	Magnoliopsida	Sapindales	Meliaceae	Cedrela		Cedrela fissilis			
249102			Viridiplantae	Streptophyta	Magnoliopsida	Caryophyllales	Polygonaceae	Ruprechtia		Ruprechtia apetala			
2038229			Viridiplantae	Streptophyta	Magnoliopsida	Caryophyllales	Nyctaginaceae	Pisonia		Pisonia zapallo			
235784			Viridiplantae	Streptophyta	Magnoliopsida	Magnoliales	Annonaceae	Oxandra		Oxandra espintana			
50174			Viridiplantae	Streptophyta	Magnoliopsida	Santalales	Ximeniaceae	Ximenia		Ximenia americana			
13424			Viridiplantae	Streptophyta	Magnoliopsida	Ericales	Sapotaceae	Chrysophyllum					
2698496			Viridiplantae	Streptophyta	Magnoliopsida	Malpighiales	Calophyllaceae	Kielmeyera		Kielmeyera paniculata			
261998			Viridiplantae	Streptophyta	Magnoliopsida	Sapindales	Anacardiaceae	Myracrodruon		Myracrodruon urundeuva			
681481			Viridiplantae	Streptophyta	Magnoliopsida	Malvales	Malvaceae	Pseudobombax		Pseudobombax septenatum			
316855			Viridiplantae	Streptophyta	Magnoliopsida	Malpighiales	Euphorbiaceae	Sebastiania		Sebastiania brasiliensis			
312423			Viridiplantae	Streptophyta	Magnoliopsida	Malpighiales	Salicaceae	Banara		Banara tomentosa			
450035			Viridiplantae	Streptophyta	Magnoliopsida	Fabales	Fabaceae	Machaerium		Machaerium nyctitans			
1125008			Viridiplantae	Streptophyta	Magnoliopsida	Brassicales	Capparaceae	Capparidastrum					
1125161			Viridiplantae	Streptophyta	Magnoliopsida	Brassicales	Capparaceae	Cynophalla					
1433379			Viridiplantae	Streptophyta	Magnoliopsida	Apiales	Araliaceae	Aralia		Aralia soratensis			
55671			Viridiplantae	Streptophyta	Magnoliopsida	Fabales	Fabaceae	Enterolobium		Enterolobium contortisiliquum			
1924180			Viridiplantae	Streptophyta	Magnoliopsida	Myrtales	Myrtaceae	Eugenia		Eugenia moraviana			
3925			Viridiplantae	Streptophyta	Magnoliopsida	Fabales	Fabaceae	Lonchocarpus					
246517			Viridiplantae	Streptophyta	Magnoliopsida	Boraginales	Cordiaceae	Cordia		Cordia alliodora			
397632			Viridiplantae	Streptophyta	Magnoliopsida	Fabales	Fabaceae	Piptadenia		Piptadenia buchtienii			
1640457			Viridiplantae	Streptophyta	Magnoliopsida	Sapindales	Meliaceae	Trichilia		Trichilia catigua			
1664513			Viridiplantae	Streptophyta	Magnoliopsida	Malvales	Malvaceae	Ceiba		Ceiba samauma			
212700			Viridiplantae	Streptophyta	Magnoliopsida	Fabales	Fabaceae	Sweetia		Sweetia fruticosa			
39992			Viridiplantae	Streptophyta	Magnoliopsida	Myrtales	Combretaceae	Terminalia					
260125	Pimenta group		Viridiplantae	Streptophyta	Magnoliopsida	Myrtales	Myrtaceae	Campomanesia					
2029787			Viridiplantae	Streptophyta	Magnoliopsida	Magnoliales	Annonaceae	Annona		Annona emarginata			
490007			Viridiplantae	Streptophyta	Magnoliopsida	Celastrales	Celastraceae	Monteverdia		Monteverdia floribunda			
1904792			Viridiplantae	Streptophyta	Magnoliopsida	Caryophyllales	Nyctaginaceae	Bougainvillea		Bougainvillea modesta			
681502			Viridiplantae	Streptophyta	Magnoliopsida	Rosales	Urticaceae	Urera		Urera baccifera			
1958840			Viridiplantae	Streptophyta	Magnoliopsida	Rosales	Urticaceae	Cecropia		Cecropia angustifolia			
2182554	Myrcia group		Viridiplantae	Streptophyta	Magnoliopsida	Myrtales	Myrtaceae	Myrcia		Myrcia sylvatica			
485822			Viridiplantae	Streptophyta	Magnoliopsida	Myrtales	Melastomataceae	Graffenrieda		Graffenrieda emarginata			
58412			Viridiplantae	Streptophyta	Magnoliopsida	Gentianales	Rubiaceae	Ladenbergia					
883772			Viridiplantae	Streptophyta	Magnoliopsida	Laurales	Lauraceae	Aiouea		Aiouea montana			
1561745			Viridiplantae	Streptophyta	Magnoliopsida	Malpighiales	Malpighiaceae	Banisteriopsis		Banisteriopsis padifolia			
58381			Viridiplantae	Streptophyta	Magnoliopsida	Gentianales	Rubiaceae	Rudgea					
136676			Viridiplantae	Streptophyta	Magnoliopsida	Gentianales	Rubiaceae	Agouticarpa		Agouticarpa curviflora			
986196			Viridiplantae	Streptophyta	Magnoliopsida	Lamiales	Lamiaceae	Hyptidendron		Hyptidendron arboreum			
205530			Viridiplantae	Streptophyta	Magnoliopsida	Solanales	Solanaceae	Solanum		Solanum aphyodendron			
357089			Viridiplantae	Streptophyta	Magnoliopsida	Ericales	Sapotaceae	Pouteria		Pouteria hispida			
60043			Viridiplantae	Streptophyta	Magnoliopsida	Gentianales	Rubiaceae	Coussarea					
1821800			Viridiplantae	Streptophyta	Magnoliopsida	Ericales	Actinidiaceae	Saurauia		Saurauia spectabilis			
85249			Viridiplantae	Streptophyta	Magnoliopsida	Ericales	Sapotaceae	Pouteria					
128583			Viridiplantae	Streptophyta	Magnoliopsida	Laurales	Lauraceae	Aiouea					
59683			Viridiplantae	Streptophyta	Magnoliopsida	Ericales	Pentaphylacaceae	Ternstroemia					
1620951			Viridiplantae	Streptophyta	Magnoliopsida	Fabales	Fabaceae	Inga		Inga cylindrica			
947883			Viridiplantae	Streptophyta	Magnoliopsida	Gentianales	Apocynaceae	Rauvolfia		Rauvolfia leptophylla			
74959			Viridiplantae	Streptophyta	Magnoliopsida	Laurales	Siparunaceae	Siparuna		Siparuna thecaphora			
241914			Viridiplantae	Streptophyta	Magnoliopsida	Rosales	Moraceae	Pseudolmedia					
2841342			Viridiplantae	Streptophyta	Magnoliopsida	Ericales	Sapotaceae	Pouteria		Pouteria baehniana			
119875			Viridiplantae	Streptophyta	Magnoliopsida	Myrtales	Melastomataceae	Bellucia					
39996			Viridiplantae	Streptophyta	Magnoliopsida	Myrtales	Vochysiaceae	Erisma					
2743462			Viridiplantae	Streptophyta	Magnoliopsida	Asterales	Asteraceae	Gynoxys		Gynoxys mandonii			
983182			Viridiplantae	Streptophyta	Magnoliopsida	Rosales	Rosaceae	Prunus		Prunus brittoniana			
224287			Viridiplantae	Streptophyta	Magnoliopsida	Ericales	Clethraceae	Clethra		Clethra ferruginea			
263322			Viridiplantae	Streptophyta	Magnoliopsida	Myrtales	Melastomataceae	Miconia		Miconia theaezans			
462475			Viridiplantae	Streptophyta	Magnoliopsida	Asterales	Asteraceae	Nordenstamia		Nordenstamia repanda			
2675838			Viridiplantae	Streptophyta	Magnoliopsida	Rosales	Rosaceae	Hesperomeles		Hesperomeles ferruginea			
462485			Viridiplantae	Streptophyta	Magnoliopsida	Asterales	Asteraceae	Pentacalia					
462473			Viridiplantae	Streptophyta	Magnoliopsida	Asterales	Asteraceae	Nordenstamia					
477046			Viridiplantae	Streptophyta	Magnoliopsida	Myrtales	Melastomataceae	Miconia		Miconia chrysophylla			
1987974			Viridiplantae	Streptophyta	Magnoliopsida	Laurales	Lauraceae	Endlicheria		Endlicheria szyszylowiczii			
882917			Viridiplantae	Streptophyta	Magnoliopsida	Malpighiales	Euphorbiaceae	Hevea		Hevea guianensis			
1420003			Viridiplantae	Streptophyta	Magnoliopsida	Myrtales	Melastomataceae	Miconia		Miconia dolichorrhyncha			
983179			Viridiplantae	Streptophyta	Magnoliopsida	Rosales	Rosaceae	Prunus		Prunus amplifolia			
372712			Viridiplantae	Streptophyta	Magnoliopsida	Ericales	Lecythidaceae	Eschweilera		Eschweilera coriacea			
84858			Viridiplantae	Streptophyta	Magnoliopsida	Gentianales	Apocynaceae	Aspidosperma					
148726			Viridiplantae	Streptophyta	Magnoliopsida	Fabales	Fabaceae	Stryphnodendron		Stryphnodendron guianense			
485821			Viridiplantae	Streptophyta	Magnoliopsida	Sapindales	Meliaceae	Guarea		Guarea kunthiana			
39197			Viridiplantae	Streptophyta	Magnoliopsida	Santalales	Erythropalaceae	Heisteria					
74957			Viridiplantae	Streptophyta	Magnoliopsida	Laurales	Siparunaceae	Siparuna		Siparuna guianensis			
141953			Viridiplantae	Streptophyta	Magnoliopsida	Laurales	Siparunaceae	Siparuna		Siparuna bifida			
469955			Viridiplantae	Streptophyta	Magnoliopsida	Malpighiales	Clusiaceae	Garcinia		Garcinia macrophylla			
241915			Viridiplantae	Streptophyta	Magnoliopsida	Rosales	Moraceae	Pseudolmedia		Pseudolmedia laevigata			
296862			Viridiplantae	Streptophyta	Magnoliopsida	Magnoliales	Annonaceae	Unonopsis					
280748			Viridiplantae	Streptophyta	Magnoliopsida	Malpighiales	Calophyllaceae	Calophyllum		Calophyllum brasiliense			
2420369			Viridiplantae	Streptophyta	Magnoliopsida	Myrtales	Melastomataceae	Miconia		Miconia amnicola			
1763416			Viridiplantae	Streptophyta	Magnoliopsida	Fabales	Fabaceae	Tachigali		Tachigali alba			
1186080			Viridiplantae	Streptophyta	Magnoliopsida	Laurales	Lauraceae	Aniba		Aniba guianensis			
273800			Viridiplantae	Streptophyta	Magnoliopsida	Gentianales	Rubiaceae	Joosia					
39994			Viridiplantae	Streptophyta	Magnoliopsida	Myrtales	Vochysiaceae	Vochysia					
397169			Viridiplantae	Streptophyta	Magnoliopsida	Ericales	Sapotaceae	Pouteria		Pouteria torta			
279240			Viridiplantae	Streptophyta	Magnoliopsida	Malpighiales	Calophyllaceae	Marila		Marila laxiflora			
1186175			Viridiplantae	Streptophyta	Magnoliopsida	Fabales	Fabaceae	Parkia		Parkia nitida			
173691			Viridiplantae	Streptophyta	Magnoliopsida	Sapindales	Burseraceae	Dacryodes					
119950			Viridiplantae	Streptophyta	Magnoliopsida	Myrtales	Myrtaceae	Eugenia					
156484			Viridiplantae	Streptophyta	Magnoliopsida	Malpighiales	Clusiaceae	Tovomita					
241868			Viridiplantae	Streptophyta	Magnoliopsida	Rosales	Moraceae	Brosimum		Brosimum guianense			
470568			Viridiplantae	Streptophyta	Magnoliopsida	Myrtales	Combretaceae	Terminalia		Terminalia tetraphylla			
156483			Viridiplantae	Streptophyta	Magnoliopsida	Malpighiales	Clusiaceae	Symphonia		Symphonia globulifera			
25227			Viridiplantae	Streptophyta	Magnoliopsida	Gentianales	Rubiaceae	Ixora					
610157			Viridiplantae	Streptophyta	Magnoliopsida	Malpighiales	Linaceae	Roucheria					
40017			Viridiplantae	Streptophyta	Magnoliopsida	Myrtales	Melastomataceae	Mouriri					
241917			Viridiplantae	Streptophyta	Magnoliopsida	Rosales	Moraceae	Pseudolmedia		Pseudolmedia macrophylla			
470567			Viridiplantae	Streptophyta	Magnoliopsida	Myrtales	Combretaceae	Buchenavia					
241916			Viridiplantae	Streptophyta	Magnoliopsida	Rosales	Moraceae	Pseudolmedia		Pseudolmedia laevis			
155638			Viridiplantae	Streptophyta	Magnoliopsida	Sapindales	Meliaceae	Guarea		Guarea macrophylla			
1419973			Viridiplantae	Streptophyta	Magnoliopsida	Myrtales	Melastomataceae	Miconia		Miconia aureoides			
486053			Viridiplantae	Streptophyta	Magnoliopsida	Fabales	Fabaceae	Inga		Inga capitata			
1186183			Viridiplantae	Streptophyta	Magnoliopsida	Ericales	Sapotaceae	Pouteria		Pouteria durlandii			
1419975			Viridiplantae	Streptophyta	Magnoliopsida	Myrtales	Melastomataceae	Miconia		Miconia biacuta			
2945239			Viridiplantae	Streptophyta	Magnoliopsida	Ericales	Clethraceae	Clethra		Clethra cuneata			
156472			Viridiplantae	Streptophyta	Magnoliopsida	Malpighiales	Clusiaceae	Clusia		Clusia multiflora			
50278			Viridiplantae	Streptophyta	Magnoliopsida	Gentianales	Rubiaceae	Cinchona		Cinchona pubescens			
185357			Viridiplantae	Streptophyta	Magnoliopsida	Ericales	Ericaceae	Bejaria		Bejaria aestuans			
249286			Viridiplantae	Streptophyta	Magnoliopsida	Ericales	Ericaceae	Cavendishia		Cavendishia bracteata			
429712			Viridiplantae	Streptophyta	Magnoliopsida	Lamiales	Bignoniaceae	Handroanthus		Handroanthus serratifolius			
123388			Viridiplantae	Streptophyta	Magnoliopsida	Celastrales	Celastraceae	Cheiloclinium		Cheiloclinium cognatum			
194322			Viridiplantae	Streptophyta	Magnoliopsida	Rosales	Urticaceae	Coussapoa					
871999			Viridiplantae	Streptophyta	Magnoliopsida	Rosales	Moraceae	Clarisia		Clarisia racemosa			
241869			Viridiplantae	Streptophyta	Magnoliopsida	Rosales	Moraceae	Brosimum		Brosimum lactescens			
241874			Viridiplantae	Streptophyta	Magnoliopsida	Rosales	Moraceae	Clarisia		Clarisia biflora			
2771404			Viridiplantae	Streptophyta	Magnoliopsida	Rosales	Moraceae	Pseudolmedia		Pseudolmedia rigida			
2321349			Viridiplantae	Streptophyta	Magnoliopsida	Rosales	Moraceae	Sorocea		Sorocea guilleminiana			
2072282			Viridiplantae	Streptophyta	Magnoliopsida	Rosales	Urticaceae	Pourouma		Pourouma guianensis			
209613			Viridiplantae	Streptophyta	Magnoliopsida	Malpighiales	Clusiaceae	Garcinia		Garcinia madruno			
1419888			Viridiplantae	Streptophyta	Magnoliopsida	Myrtales	Melastomataceae	Graffenrieda		Graffenrieda limbata			
357095			Viridiplantae	Streptophyta	Magnoliopsida	Ericales	Sapotaceae	Sarcaulus		Sarcaulus brasiliensis			
280048			Viridiplantae	Streptophyta	Magnoliopsida	Fabales	Fabaceae	Copaifera		Copaifera langsdorffii			
3015664			Viridiplantae	Streptophyta	Magnoliopsida	Rosales	Urticaceae	Urera		Urera verrucosa			
58507			Viridiplantae	Streptophyta	Magnoliopsida	Gentianales	Rubiaceae	Alibertia					
298313			Viridiplantae	Streptophyta	Magnoliopsida	Rosales	Cannabaceae	Celtis		Celtis schippii			
943292			Viridiplantae	Streptophyta	Magnoliopsida	Malvales	Malvaceae	Eriotheca		Eriotheca macrophylla			
91211			Viridiplantae	Streptophyta	Magnoliopsida	Fagales	Juglandaceae	Juglans		Juglans boliviana			
82154			Viridiplantae	Streptophyta	Magnoliopsida	Malpighiales	Chrysobalanaceae	Hirtella					
489017			Viridiplantae	Streptophyta	Magnoliopsida	Laurales	Lauraceae	Nectandra		Nectandra cissiflora			
22027			Viridiplantae	Streptophyta	Magnoliopsida	Laurales	Lauraceae	Cryptocarya					
485823			Viridiplantae	Streptophyta	Magnoliopsida	Fabales	Fabaceae	Inga		Inga acreana			
124986			Viridiplantae	Streptophyta	Magnoliopsida	Sapindales	Sapindaceae	Serjania					
590033			Viridiplantae	Streptophyta	Magnoliopsida	Laurales	Lauraceae	Persea		Persea subcordata			
2896040			Viridiplantae	Streptophyta	Magnoliopsida	Malpighiales	Chrysobalanaceae	Parinari		Parinari occidentalis			
1125929			Viridiplantae	Streptophyta	Magnoliopsida	Malpighiales	Malpighiaceae	Heteropterys		Heteropterys laurifolia			
1807818			Viridiplantae	Streptophyta	Pinopsida	Araucariales	Podocarpaceae	Podocarpus		Podocarpus ingensis			
211495			Viridiplantae	Streptophyta	Magnoliopsida	Malpighiales	Clusiaceae	Clusia		Clusia ducu			
699056			Viridiplantae	Streptophyta	Magnoliopsida	Malvales	Thymelaeaceae	Daphnopsis					
1705963			Viridiplantae	Streptophyta	Magnoliopsida	Proteales	Sabiaceae	Meliosma		Meliosma solomonii			
1160622			Viridiplantae	Streptophyta	Magnoliopsida	Myrtales	Melastomataceae	Tibouchina		Tibouchina bicolor			
375215	Myrcia group		Viridiplantae	Streptophyta	Magnoliopsida	Myrtales	Myrtaceae	Calyptranthes		Calyptranthes concinna			
1930879			Viridiplantae	Streptophyta	Magnoliopsida	Laurales	Lauraceae	Nectandra		Nectandra laurel			
300943			Viridiplantae	Streptophyta	Magnoliopsida	Malpighiales	Phyllanthaceae	Amanoa					
60042			Viridiplantae	Streptophyta	Magnoliopsida	Gentianales	Rubiaceae	Condaminea		Condaminea corymbosa			
1401403			Viridiplantae	Streptophyta	Magnoliopsida	Malpighiales	Erythroxylaceae	Erythroxylum		Erythroxylum citrifolium			
693341			Viridiplantae	Streptophyta	Magnoliopsida	Gentianales	Rubiaceae	Ferdinandusa		Ferdinandusa chlorantha			
2911697			Viridiplantae	Streptophyta	Magnoliopsida	Malpighiales	Chrysobalanaceae	Hymenopus					
273783			Viridiplantae	Streptophyta	Magnoliopsida	Gentianales	Rubiaceae	Ladenbergia		Ladenbergia carua			
597318			Viridiplantae	Streptophyta	Magnoliopsida	Sapindales	Sapindaceae	Matayba		Matayba arborescens			
477111			Viridiplantae	Streptophyta	Magnoliopsida	Myrtales	Melastomataceae	Miconia		Miconia poeppigii			
83734			Viridiplantae	Streptophyta	Magnoliopsida	Proteales	Proteaceae	Panopsis					
1169434			Viridiplantae	Streptophyta	Pinopsida	Araucariales	Podocarpaceae	Podocarpus		Podocarpus celatus			
511502			Viridiplantae	Streptophyta	Magnoliopsida	Brassicales	Capparaceae	Preslianthus		Preslianthus pittieri			
2054573			Viridiplantae	Streptophyta	Magnoliopsida	Ericales	Marcgraviaceae	Souroubea		Souroubea guianensis			
53925			Viridiplantae	Streptophyta	Magnoliopsida	Fabales	Fabaceae	Swartzia					
1937630			Viridiplantae	Streptophyta	Magnoliopsida	Malpighiales	Clusiaceae	Tovomita		Tovomita obovata			
50110			Viridiplantae	Streptophyta	Magnoliopsida	Santalales	Opiliaceae	Agonandra					
1904788			Viridiplantae	Streptophyta	Magnoliopsida	Rosales	Ulmaceae	Ampelocera		Ampelocera ruizii			
353968			Viridiplantae	Streptophyta	Magnoliopsida	Lamiales	Bignoniaceae	Bignonia		Bignonia uleana			
372693			Viridiplantae	Streptophyta	Magnoliopsida	Ericales	Lecythidaceae	Cariniana		Cariniana ianeirensis			
2072223			Viridiplantae	Streptophyta	Magnoliopsida	Malpighiales	Salicaceae	Casearia		Casearia gossypiosperma			
13408			Viridiplantae	Streptophyta	Magnoliopsida	Rosales	Cannabaceae	Celtis					
233674			Viridiplantae	Streptophyta	Magnoliopsida	Ericales	Sapotaceae	Chrysophyllum		Chrysophyllum gonocarpum			
309290			Viridiplantae	Streptophyta	Magnoliopsida	Rosales	Moraceae	Ficus		Ficus obtusifolia			
169264			Viridiplantae	Streptophyta	Magnoliopsida	Caryophyllales	Phytolaccaceae	Gallesia		Gallesia integrifolia			
45193			Viridiplantae	Streptophyta	Magnoliopsida	Malvales	Malvaceae	Luehea					
1231555			Viridiplantae	Streptophyta	Magnoliopsida	Fabales	Fabaceae	Myrocarpus		Myrocarpus venezuelensis			
1231556			Viridiplantae	Streptophyta	Magnoliopsida	Fabales	Fabaceae	Myroxylon		Myroxylon peruiferum			
171222			Viridiplantae	Streptophyta	Magnoliopsida	Sapindales	Sapindaceae	Sapindus		Sapindus saponaria			
2035337			Viridiplantae	Streptophyta	Magnoliopsida	Fabales	Fabaceae	Senegalia		Senegalia polyphylla			
271254			Viridiplantae	Streptophyta	Magnoliopsida	Gentianales	Rubiaceae	Simira		Simira rubescens			
1640458			Viridiplantae	Streptophyta	Magnoliopsida	Sapindales	Meliaceae	Trichilia		Trichilia claussenii			
879919			Viridiplantae	Streptophyta	Magnoliopsida	Sapindales	Meliaceae	Trichilia		Trichilia elegans			
1640478			Viridiplantae	Streptophyta	Magnoliopsida	Sapindales	Meliaceae	Trichilia		Trichilia pleeana			
149628			Viridiplantae	Streptophyta	Magnoliopsida	Fabales	Fabaceae	Amburana		Amburana cearensis			
3805			Viridiplantae	Streptophyta	Magnoliopsida	Fabales	Fabaceae	Bauhinia					
45178			Viridiplantae	Streptophyta	Magnoliopsida	Caryophyllales	Polygonaceae	Coccoloba					
2217932			Viridiplantae	Streptophyta	Magnoliopsida	Myrtales	Myrtaceae	Eugenia		Eugenia egensis			
53888			Viridiplantae	Streptophyta	Magnoliopsida	Fabales	Fabaceae	Holocalyx		Holocalyx balansae			
199165			Viridiplantae	Streptophyta	Magnoliopsida	Fabales	Fabaceae	Lachesiodendron		Lachesiodendron viridiflorum			
450034			Viridiplantae	Streptophyta	Magnoliopsida	Fabales	Fabaceae	Machaerium		Machaerium hirtum			
39979			Viridiplantae	Streptophyta	Magnoliopsida	Myrtales	Myrtaceae	Myrcianthes					
54891			Viridiplantae	Streptophyta	Magnoliopsida	Fabales	Fabaceae	Poecilanthe					
169268			Viridiplantae	Streptophyta	Magnoliopsida	Caryophyllales	Phytolaccaceae	Seguieria		Seguieria aculeata			
1504218			Viridiplantae	Streptophyta	Magnoliopsida	Sapindales	Sapindaceae	Thinouia					
76154			Viridiplantae	Streptophyta	Magnoliopsida	Caryophyllales	Polygonaceae	Triplaris					
179718			Viridiplantae	Streptophyta	Magnoliopsida	Malpighiales	Salicaceae	Xylosma					
34193			Viridiplantae	Streptophyta	Magnoliopsida	Asparagales	Asparagaceae	Maianthemum		Maianthemum dilatatum			
82318			Viridiplantae	Streptophyta	Magnoliopsida	Liliales	Liliaceae	Lilium		Lilium hansonii			
47964			Viridiplantae	Streptophyta	Magnoliopsida	Sapindales	Sapindaceae	Acer		Acer pictum		Acer pictum subsp. okamotoanum	
904691			Viridiplantae	Streptophyta	Magnoliopsida	Saxifragales	Crassulaceae	Phedimus		Phedimus takesimensis			
61222			Viridiplantae	Streptophyta	Magnoliopsida	Saxifragales	Saxifragaceae	Tiarella		Tiarella polyphylla			
262276			Viridiplantae	Streptophyta	Magnoliopsida	Alismatales	Araceae	Arisaema		Arisaema amurense	Arisaema amurense var. serratum		
387291			Viridiplantae	Streptophyta	Magnoliopsida	Ranunculales	Ranunculaceae	Hepatica		Hepatica maxima			
1887462			Viridiplantae	Streptophyta	Magnoliopsida	Dipsacales	Caprifoliaceae	Valeriana		Valeriana dageletiana			
425908			Viridiplantae	Streptophyta	Magnoliopsida	Lamiales	Lamiaceae	Isodon		Isodon japonicus			
57122			Viridiplantae	Streptophyta	Magnoliopsida	Apiales	Apiaceae	Dystaenia		Dystaenia takeshimana			
392704			Viridiplantae	Streptophyta	Magnoliopsida	Lamiales	Lamiaceae	Schizonepeta		Schizonepeta multifida			
168002			Viridiplantae	Streptophyta	Magnoliopsida	Ranunculales	Ranunculaceae	Anemone		Anemone narcissiflora			
38862			Viridiplantae	Streptophyta	Magnoliopsida	Celastrales	Celastraceae	Parnassia		Parnassia palustris			
909164			Viridiplantae	Streptophyta	Magnoliopsida	Asterales	Asteraceae	Echinops		Echinops latifolius			
48032			Viridiplantae	Streptophyta	Magnoliopsida	Apiales	Apiaceae	Carum		Carum carvi			
263973			Viridiplantae	Streptophyta	Magnoliopsida	Lamiales	Plantaginaceae	Veronica	Veronica subgen. Pseudolysimachium	Veronica incana			
282719			Viridiplantae	Streptophyta	Magnoliopsida	Asterales	Asteraceae	Achillea		Achillea asiatica			
3031286			Viridiplantae	Streptophyta	Magnoliopsida	Lamiales	Plantaginaceae	Linaria		Linaria buriatica			
153950			Viridiplantae	Streptophyta	Magnoliopsida	Fabales	Fabaceae	Vicia		Vicia amoena			
237596	Rosoideae incertae sedis		Viridiplantae	Streptophyta	Magnoliopsida	Rosales	Rosaceae	Rosa		Rosa davurica			
40698			Viridiplantae	Streptophyta	Magnoliopsida	Saxifragales	Paeoniaceae	Paeonia		Paeonia anomala			
212878			Viridiplantae	Streptophyta	Magnoliopsida	Malpighiales	Euphorbiaceae	Euphorbia	Euphorbia subgen. Esula	Euphorbia discolor			
546995			Viridiplantae	Streptophyta	Magnoliopsida	Rosales	Urticaceae	Urtica		Urtica cannabina			
13055			Viridiplantae	Streptophyta	Magnoliopsida	Myrtales	Onagraceae	Chamaenerion		Chamaenerion angustifolium			
416296			Viridiplantae	Streptophyta	Magnoliopsida	Rosales	Rosaceae	Crataegus		Crataegus sanguinea			
395280			Viridiplantae	Streptophyta	Magnoliopsida	Asterales	Asteraceae	Artemisia		Artemisia frigida			
3349			Viridiplantae	Streptophyta	Pinopsida	Pinales	Pinaceae	Pinus	Pinus subgen. Pinus	Pinus sylvestris			
137227			Viridiplantae	Streptophyta	Magnoliopsida	Caryophyllales	Polygonaceae	Rheum		Rheum undulatum			
1450208			Viridiplantae	Streptophyta	Magnoliopsida	Rosales	Rosaceae	Spiraea		Spiraea aquilegiifolia			
224740			Viridiplantae	Streptophyta	Pinopsida	Cupressales	Cupressaceae	Juniperus		Juniperus sabina			
101013			Viridiplantae	Streptophyta	Magnoliopsida	Rosales	Rosaceae	Fragaria		Fragaria orientalis			
78630			Viridiplantae	Streptophyta	Magnoliopsida	Fagales	Betulaceae	Betula		Betula platyphylla			
198827			Viridiplantae	Streptophyta	Magnoliopsida	Asparagales	Iridaceae	Iris		Iris tenuifolia			
1433329			Viridiplantae	Streptophyta	Magnoliopsida	Ranunculales	Berberidaceae	Berberis		Berberis sibirica			
49170			Viridiplantae	Streptophyta	Magnoliopsida	Ericales	Ericaceae	Rhododendron		Rhododendron tomentosum			
1501231			Viridiplantae	Streptophyta	Magnoliopsida	Rosales	Rosaceae	Prunus		Prunus mongolica			
1143222			Viridiplantae	Streptophyta	Magnoliopsida	Rosales	Rosaceae	Cotoneaster		Cotoneaster mongolicus			
183277			Viridiplantae	Streptophyta	Magnoliopsida	Malvales	Malvaceae	Malva		Malva neglecta			
119176			Viridiplantae	Streptophyta	Magnoliopsida	Asterales	Asteraceae	Pentanema		Pentanema britannica			
1045222			Viridiplantae	Streptophyta	Magnoliopsida	Ranunculales	Ranunculaceae	Aconitum		Aconitum barbatum			
49188			Viridiplantae	Streptophyta	Magnoliopsida	Ranunculales	Ranunculaceae	Aconitum					
49785			Viridiplantae	Streptophyta	Magnoliopsida	Poales	Poaceae	Sporobolus		Sporobolus anglicus			
1081520			Viridiplantae	Streptophyta	Magnoliopsida	Celastrales	Celastraceae	Monteverdia		Monteverdia ilicifolia			
312566			Viridiplantae	Streptophyta	Magnoliopsida	Myrtales	Lythraceae	Cuphea		Cuphea carthagenensis			
130401			Viridiplantae	Streptophyta	Magnoliopsida	Piperales	Piperaceae	Piper		Piper hispidum			
538303			Viridiplantae	Streptophyta	Magnoliopsida	Piperales	Piperaceae	Piper		Piper martensianum			
247692			Viridiplantae	Streptophyta	Magnoliopsida	Piperales	Piperaceae	Piper		Piper marginatum			
306960			Viridiplantae	Streptophyta	Magnoliopsida	Magnoliales	Annonaceae	Fusaea		Fusaea longifolia			
3091456			Viridiplantae	Streptophyta	Magnoliopsida	Fabales	Fabaceae	Schnella		Schnella rutilans			
2895326			Viridiplantae	Streptophyta	Magnoliopsida	Gentianales	Apocynaceae	Geissospermum		Geissospermum argenteum			
403114			Viridiplantae	Streptophyta	Magnoliopsida	Gentianales	Apocynaceae	Rauvolfia		Rauvolfia sellowii			
106660			Viridiplantae	Streptophyta	Magnoliopsida	Rosales	Rhamnaceae	Ampelozizyphus		Ampelozizyphus amazonicus			
20676			Viridiplantae	Streptophyta	Magnoliopsida	Fabales	Fabaceae	Hymenaea		Hymenaea courbaril			
413686			Viridiplantae	Streptophyta	Magnoliopsida	Fabales	Fabaceae	Bauhinia		Bauhinia forficata			
329212			Viridiplantae	Streptophyta	Magnoliopsida	Malpighiales	Passifloraceae	Turnera		Turnera diffusa			
1835378			Viridiplantae	Streptophyta	Magnoliopsida	Rosales	Moraceae	Brosimum		Brosimum acutifolium			
79331			Viridiplantae	Streptophyta	Magnoliopsida	Boraginales	Cordiaceae	Cordia					
1073848			Viridiplantae	Streptophyta	Magnoliopsida	Asterales	Asteraceae	Mikania		Mikania glomerata			
50225			Viridiplantae	Streptophyta	Magnoliopsida	Asterales	Asteraceae	Taraxacum		Taraxacum officinale			
1472306			Viridiplantae	Streptophyta	Magnoliopsida	Rosales	Urticaceae	Cecropia		Cecropia pachystachya			
323033			Viridiplantae	Streptophyta	Magnoliopsida	Malpighiales	Euphorbiaceae	Croton		Croton cajucara			
2321325			Viridiplantae	Streptophyta	Magnoliopsida	Malpighiales	Picrodendraceae	Piranhea		Piranhea trifoliata			
2293348			Viridiplantae	Streptophyta	Magnoliopsida	Lamiales	Acanthaceae	Justicia		Justicia calycina			
53873			Viridiplantae	Streptophyta	Magnoliopsida	Fabales	Fabaceae	Dipteryx		Dipteryx odorata			
2893860			Viridiplantae	Streptophyta	Magnoliopsida	Oxalidales	Connaraceae	Connarus		Connarus perrottetii			
2892480			Viridiplantae	Streptophyta	Magnoliopsida	Lamiales	Lamiaceae	Hyptis		Hyptis crenata			
13337			Viridiplantae	Streptophyta	Magnoliopsida	Magnoliales	Annonaceae	Annona		Annona muricata			
388295			Viridiplantae	Streptophyta	Magnoliopsida	Cucurbitales	Cucurbitaceae	Luffa		Luffa operculata			
2321367			Viridiplantae	Streptophyta	Magnoliopsida	Malpighiales	Humiriaceae	Endopleura		Endopleura uchi			
85718			Viridiplantae	Streptophyta	Magnoliopsida	Gentianales	Rubiaceae	Coutarea		Coutarea hexandra			
271242			Viridiplantae	Streptophyta	Magnoliopsida	Gentianales	Rubiaceae	Calycophyllum		Calycophyllum spruceanum			
341013			Viridiplantae	Streptophyta	Magnoliopsida	Ranunculales	Menispermaceae	Abuta		Abuta grandifolia			
1186159			Viridiplantae	Streptophyta	Magnoliopsida	Celastrales	Celastraceae	Maytenus		Maytenus guyanensis			
1079077			Viridiplantae	Streptophyta	Magnoliopsida	Fabales	Fabaceae	Pterodon		Pterodon emarginatus			
2803977			Viridiplantae	Streptophyta	Magnoliopsida	Laurales	Lauraceae	Aniba		Aniba canelilla			
427218			Viridiplantae	Streptophyta	Magnoliopsida	Myrtales	Melastomataceae	Miconia		Miconia albicans			
203582			Viridiplantae	Streptophyta	Magnoliopsida	Brassicales	Brassicaceae	Sisymbrium		Sisymbrium officinale			
3237189			Viridiplantae	Streptophyta	Magnoliopsida	Alismatales	Alismataceae	Aquarius		Aquarius macrophyllus			
714439			Viridiplantae	Streptophyta	Magnoliopsida	Fabales	Fabaceae	Adenanthera		Adenanthera microsperma			
246523			Viridiplantae	Streptophyta	Magnoliopsida	Boraginales	Cordiaceae	Cordia		Cordia ecalyculata			
353936			Viridiplantae	Streptophyta	Magnoliopsida	Lamiales	Bignoniaceae	Fridericia		Fridericia chica			
328782			Viridiplantae	Streptophyta	Magnoliopsida	Zingiberales	Costaceae	Costus		Costus spicatus			
201012			Viridiplantae	Streptophyta	Magnoliopsida	Sapindales	Meliaceae	Carapa		Carapa guianensis			
58227			Viridiplantae	Streptophyta	Magnoliopsida	Malpighiales	Clusiaceae	Garcinia					
148725			Viridiplantae	Streptophyta	Magnoliopsida	Fabales	Fabaceae	Stryphnodendron					
63812			Viridiplantae	Streptophyta	Magnoliopsida	Laurales	Monimiaceae	Peumus		Peumus boldus			
128375			Viridiplantae	Streptophyta	Magnoliopsida	Gentianales	Rubiaceae	Uncaria		Uncaria tomentosa			
289665	rosids incertae sedis		Viridiplantae	Streptophyta	Magnoliopsida	Vitales	Vitaceae	Cissus		Cissus verticillata			
597401			Viridiplantae	Streptophyta	Magnoliopsida	Santalales	Olacaceae	Ptychopetalum		Ptychopetalum olacoides			
124943			Viridiplantae	Streptophyta	Magnoliopsida	Sapindales	Meliaceae	Azadirachta		Azadirachta indica			
142579			Viridiplantae	Streptophyta	Magnoliopsida	Solanales	Convolvulaceae	Bonamia					
154480			Viridiplantae	Streptophyta	Magnoliopsida	Arecales	Arecaceae	Euterpe		Euterpe precatoria			
169191			Viridiplantae	Streptophyta	Magnoliopsida	Sapindales	Anacardiaceae	Schinus		Schinus terebinthifolia			
191889			Viridiplantae	Streptophyta	Magnoliopsida	Fabales	Fabaceae	Libidibia		Libidibia ferrea			
502528			Viridiplantae	Streptophyta	Magnoliopsida	Magnoliales	Annonaceae	Annona		Annona bicolor			
1775857			Viridiplantae	Streptophyta	Magnoliopsida	Magnoliales	Annonaceae	Annona		Annona coriacea			
294142			Viridiplantae	Streptophyta	Magnoliopsida	Magnoliales	Annonaceae	Duguetia					
375255	Myrcia group		Viridiplantae	Streptophyta	Magnoliopsida	Myrtales	Myrtaceae	Myrcia		Myrcia multiflora			
2834525			Viridiplantae	Streptophyta	Magnoliopsida	Magnoliales	Annonaceae	Duguetia		Duguetia flagellaris			
2072239			Viridiplantae	Streptophyta	Magnoliopsida	Magnoliales	Annonaceae	Duguetia		Duguetia lanceolata			
294156			Viridiplantae	Streptophyta	Magnoliopsida	Magnoliales	Annonaceae	Duguetia		Duguetia marcgraviana			
294170			Viridiplantae	Streptophyta	Magnoliopsida	Magnoliales	Annonaceae	Duguetia		Duguetia stelechantha			
323067			Viridiplantae	Streptophyta	Magnoliopsida	Malpighiales	Euphorbiaceae	Croton		Croton matourensis			
128699			Viridiplantae	Streptophyta	Magnoliopsida	Laurales	Lauraceae	Rhodostemonodaphne		Rhodostemonodaphne recurva			
123469			Viridiplantae	Streptophyta	Magnoliopsida	Celastrales	Celastraceae	Salacia		Salacia impressifolia			
761083			Viridiplantae	Streptophyta	Magnoliopsida	Gentianales	Apocynaceae	Tabernaemontana		Tabernaemontana muricata			
141568			Viridiplantae	Streptophyta	Magnoliopsida	Gentianales	Apocynaceae	Himatanthus					
761070			Viridiplantae	Streptophyta	Magnoliopsida	Gentianales	Apocynaceae	Tabernaemontana		Tabernaemontana flavicans			
20677			Viridiplantae	Streptophyta	Magnoliopsida	Fabales	Fabaceae	Hymenaea		Hymenaea oblongifolia			
294171			Viridiplantae	Streptophyta	Magnoliopsida	Magnoliales	Annonaceae	Duguetia		Duguetia surinamensis			
306916			Viridiplantae	Streptophyta	Magnoliopsida	Magnoliales	Annonaceae	Xylopia		Xylopia frutescens			
502527			Viridiplantae	Streptophyta	Magnoliopsida	Magnoliales	Annonaceae	Annona		Annona amazonica			
2592283			Viridiplantae	Streptophyta	Magnoliopsida	Laurales	Lauraceae	Mespilodaphne		Mespilodaphne cymbarum			
237871			Viridiplantae	Streptophyta	Magnoliopsida	Malpighiales	Passifloraceae	Passiflora		Passiflora nitida			
1288022			Viridiplantae	Streptophyta	Magnoliopsida	Lamiales	Bignoniaceae	Handroanthus					
1005656			Viridiplantae	Streptophyta	Magnoliopsida	Magnoliales	Annonaceae	Xylopia		Xylopia benthamii			
538263			Viridiplantae	Streptophyta	Magnoliopsida	Piperales	Piperaceae	Piper		Piper erectipilum			
511544			Viridiplantae	Streptophyta	Magnoliopsida	Piperales	Piperaceae	Piper		Piper hostmannianum			
4497	Poodae		Viridiplantae	Streptophyta	Magnoliopsida	Poales	Poaceae	Avena		Avena nuda			
4550	Triticodae		Viridiplantae	Streptophyta	Magnoliopsida	Poales	Poaceae	Secale		Secale cereale			
4543	Panicodae		Viridiplantae	Streptophyta	Magnoliopsida	Poales	Poaceae	Cenchrus		Cenchrus americanus			
4558	Andropogonodae		Viridiplantae	Streptophyta	Magnoliopsida	Poales	Poaceae	Sorghum		Sorghum bicolor			
49317	Triticeae incertae sedis		Viridiplantae	Streptophyta	Magnoliopsida	Poales	Poaceae	x Triticosecale					
376798	Poodae		Viridiplantae	Streptophyta	Magnoliopsida	Poales	Poaceae	Phalaris		Phalaris canariensis			
4505	Andropogonodae		Viridiplantae	Streptophyta	Magnoliopsida	Poales	Poaceae	Coix		Coix lacryma-jobi			
1010633	Panicodae		Viridiplantae	Streptophyta	Magnoliopsida	Poales	Poaceae	Digitaria		Digitaria exilis			
103762			Viridiplantae	Streptophyta	Magnoliopsida	Poales	Poaceae	Zizania		Zizania palustris			
1454532			Viridiplantae	Streptophyta	Magnoliopsida	Caryophyllales	Amaranthaceae	Amaranthus		Amaranthus acanthochiton			
62330			Viridiplantae	Streptophyta	Magnoliopsida	Caryophyllales	Polygonaceae	Fagopyrum		Fagopyrum tataricum			
58933	Triticodae		Viridiplantae	Streptophyta	Magnoliopsida	Poales	Poaceae	Triticum		Triticum spelta			
4568	Triticodae		Viridiplantae	Streptophyta	Magnoliopsida	Poales	Poaceae	Triticum		Triticum monococcum			
4571	Triticodae		Viridiplantae	Streptophyta	Magnoliopsida	Poales	Poaceae	Triticum		Triticum turgidum			
85692	Triticodae		Viridiplantae	Streptophyta	Magnoliopsida	Poales	Poaceae	Triticum		Triticum dicoccoides			
4572	Triticodae		Viridiplantae	Streptophyta	Magnoliopsida	Poales	Poaceae	Triticum		Triticum urartu			
3694			Viridiplantae	Streptophyta	Magnoliopsida	Malpighiales	Salicaceae	Populus		Populus trichocarpa			
39414			Viridiplantae	Streptophyta	Magnoliopsida	Lamiales	Plantaginaceae	Plantago		Plantago lanceolata			
170927			Viridiplantae	Streptophyta	Magnoliopsida	Ericales	Primulaceae	Primula		Primula veris			
445234			Viridiplantae	Streptophyta	Magnoliopsida	Ranunculales	Ranunculaceae	Pulsatilla		Pulsatilla vulgaris			
74635	Rosoideae incertae sedis		Viridiplantae	Streptophyta	Magnoliopsida	Rosales	Rosaceae	Rosa		Rosa canina			
49216	Salvia incertae sedis		Viridiplantae	Streptophyta	Magnoliopsida	Lamiales	Lamiaceae	Salvia		Salvia pratensis			
53173			Viridiplantae	Streptophyta	Magnoliopsida	Lamiales	Lamiaceae	Betonica		Betonica officinalis			
58890			Viridiplantae	Streptophyta	Magnoliopsida	Fabales	Fabaceae	Ononis		Ononis spinosa			
204219			Viridiplantae	Streptophyta	Magnoliopsida	Lamiales	Lamiaceae	Thymus		Thymus serpyllum			
3501			Viridiplantae	Streptophyta	Magnoliopsida	Rosales	Urticaceae	Urtica		Urtica dioica			
4465			Viridiplantae	Streptophyta	Magnoliopsida	Acorales	Acoraceae	Acorus		Acorus calamus			
13385			Viridiplantae	Streptophyta	Magnoliopsida	Ericales	Ericaceae	Calluna		Calluna vulgaris			
50465			Viridiplantae	Streptophyta	Magnoliopsida	Brassicales	Brassicaceae	Cardamine		Cardamine pratensis			
102770			Viridiplantae	Streptophyta	Magnoliopsida	Asterales	Asteraceae	Eupatorium		Eupatorium cannabinum			
57917	Rosoideae incertae sedis		Viridiplantae	Streptophyta	Magnoliopsida	Rosales	Rosaceae	Filipendula		Filipendula ulmaria			
212671			Viridiplantae	Streptophyta	Magnoliopsida	Asterales	Asteraceae	Hieracium		Hieracium murorum			
13329	Achillea millefolium complex		Viridiplantae	Streptophyta	Magnoliopsida	Asterales	Asteraceae	Achillea		Achillea millefolium			
13129			Viridiplantae	Streptophyta	Magnoliopsida	Myrtales	Lythraceae	Lythrum		Lythrum salicaria			
190902			Viridiplantae	Streptophyta	Magnoliopsida	Lamiales	Lamiaceae	Mentha		Mentha aquatica			
125587			Viridiplantae	Streptophyta	Magnoliopsida	Caryophyllales	Polygonaceae	Bistorta		Bistorta officinalis			
57940	Potentilleae incertae sedis		Viridiplantae	Streptophyta	Magnoliopsida	Rosales	Rosaceae	Potentilla		Potentilla erecta			
386449			Viridiplantae	Streptophyta	Magnoliopsida	Malpighiales	Salicaceae	Salix		Salix elaeagnos			
45834			Viridiplantae	Streptophyta	Magnoliopsida	Solanales	Solanaceae	Solanum		Solanum dulcamara			
4733			Viridiplantae	Streptophyta	Magnoliopsida	Poales	Typhaceae	Typha		Typha latifolia			
90364			Viridiplantae	Streptophyta	Magnoliopsida	Lamiales	Scrophulariaceae	Verbascum		Verbascum nigrum			
57912			Viridiplantae	Streptophyta	Magnoliopsida	Rosales	Rosaceae	Agrimonia		Agrimonia eupatoria			
64025			Viridiplantae	Streptophyta	Magnoliopsida	Ranunculales	Ranunculaceae	Actaea		Actaea spicata			
3652			Viridiplantae	Streptophyta	Magnoliopsida	Cucurbitales	Cucurbitaceae	Bryonia		Bryonia cretica		Bryonia cretica subsp. dioica	
55634			Viridiplantae	Streptophyta	Magnoliopsida	Dioscoreales	Dioscoreaceae	Dioscorea		Dioscorea communis			
3289			Viridiplantae	Streptophyta	Polypodiopsida	Polypodiales	Dryopteridaceae	Dryopteris		Dryopteris filix-mas			
57918			Viridiplantae	Streptophyta	Magnoliopsida	Rosales	Rosaceae	Fragaria		Fragaria vesca			
35899			Viridiplantae	Streptophyta	Magnoliopsida	Gentianales	Rubiaceae	Galium		Galium odoratum			
57919			Viridiplantae	Streptophyta	Magnoliopsida	Rosales	Rosaceae	Geum		Geum urbanum			
28509			Viridiplantae	Streptophyta	Magnoliopsida	Lamiales	Lamiaceae	Glechoma		Glechoma hederacea			
46996			Viridiplantae	Streptophyta	Magnoliopsida	Ranunculales	Ranunculaceae	Helleborus		Helleborus foetidus			
1395544			Viridiplantae	Streptophyta	Magnoliopsida	Rosales	Rosaceae	Alchemilla		Alchemilla conjuncta			
168011			Viridiplantae	Streptophyta	Magnoliopsida	Ranunculales	Ranunculaceae	Hepatica		Hepatica nobilis			
3985			Viridiplantae	Streptophyta	Magnoliopsida	Malpighiales	Euphorbiaceae	Mercurialis		Mercurialis perennis			
41964			Viridiplantae	Streptophyta	Polypodiopsida	Polypodiales	Aspleniaceae	Asplenium		Asplenium scolopendrium			
160511			Viridiplantae	Streptophyta	Magnoliopsida	Lamiales	Plantaginaceae	Veronica	Veronica subgen. Veronica	Veronica officinalis			
60093			Viridiplantae	Streptophyta	Magnoliopsida	Gentianales	Apocynaceae	Vinca		Vinca minor			
141524			Viridiplantae	Streptophyta	Magnoliopsida	Gentianales	Apocynaceae	Vincetoxicum		Vincetoxicum hirundinaria			
13363			Viridiplantae	Streptophyta	Magnoliopsida	Boraginales	Boraginaceae	Borago		Borago officinalis			
41496			Viridiplantae	Streptophyta	Magnoliopsida	Asterales	Asteraceae	Calendula		Calendula officinalis			
33125			Viridiplantae	Streptophyta	Magnoliopsida	Brassicales	Brassicaceae	Lepidium		Lepidium sativum			
3469			Viridiplantae	Streptophyta	Magnoliopsida	Ranunculales	Papaveraceae	Papaver		Papaver somniferum			
334249			Viridiplantae	Streptophyta	Magnoliopsida	Malpighiales	Violaceae	Viola	Viola subgen. Viola	Viola tricolor		Viola tricolor subsp. tricolor	
41522			Viridiplantae	Streptophyta	Magnoliopsida	Asterales	Asteraceae	Centaurea		Centaurea cyanus			
40949			Viridiplantae	Streptophyta	Magnoliopsida	Apiales	Apiaceae	Angelica		Angelica archangelica			
3704			Viridiplantae	Streptophyta	Magnoliopsida	Brassicales	Brassicaceae	Armoracia		Armoracia rusticana			
52471			Viridiplantae	Streptophyta	Magnoliopsida	Apiales	Apiaceae	Ferula		Ferula assa-foetida			
39324			Viridiplantae	Streptophyta	Magnoliopsida	Lamiales	Lamiaceae	Dracocephalum		Dracocephalum officinale			
39329			Viridiplantae	Streptophyta	Magnoliopsida	Lamiales	Lamiaceae	Lavandula		Lavandula angustifolia			
98504			Viridiplantae	Streptophyta	Magnoliopsida	Asterales	Asteraceae	Matricaria		Matricaria chamomilla			
221204			Viridiplantae	Streptophyta	Magnoliopsida	Asterales	Asteraceae	Pilosella		Pilosella officinarum			
40919			Viridiplantae	Streptophyta	Magnoliopsida	Apiales	Apiaceae	Heracleum		Heracleum sphondylium			
194200			Viridiplantae	Streptophyta	Magnoliopsida	Lamiales	Lamiaceae	Ballota		Ballota nigra			
38869	Salvia incertae sedis		Viridiplantae	Streptophyta	Magnoliopsida	Lamiales	Lamiaceae	Salvia		Salvia sclarea			
128002			Viridiplantae	Streptophyta	Magnoliopsida	Asterales	Asteraceae	Tanacetum		Tanacetum vulgare			
75947			Viridiplantae	Streptophyta	Magnoliopsida	Asterales	Asteraceae	Lactuca		Lactuca virosa			
79772			Viridiplantae	Streptophyta	Magnoliopsida	Lamiales	Verbenaceae	Verbena		Verbena officinalis			
183561			Viridiplantae	Streptophyta	Magnoliopsida	Dipsacales	Caprifoliaceae	Dipsacus		Dipsacus fullonum			
122183			Viridiplantae	Streptophyta	Magnoliopsida	Geraniales	Geraniaceae	Geranium		Geranium robertianum			
71232			Viridiplantae	Streptophyta	Magnoliopsida	Brassicales	Brassicaceae	Erysimum		Erysimum cheiri			
193516			Viridiplantae	Streptophyta	Magnoliopsida	Rosales	Elaeagnaceae	Hippophae		Hippophae rhamnoides			
4285			Viridiplantae	Streptophyta	Magnoliopsida	Cornales	Cornaceae	Cornus		Cornus mas			
140997			Viridiplantae	Streptophyta	Magnoliopsida	Rosales	Rosaceae	Crataegus		Crataegus monogyna			
4002			Viridiplantae	Streptophyta	Magnoliopsida	Buxales	Buxaceae	Buxus		Buxus sempervirens			
25629			Viridiplantae	Streptophyta	Pinopsida	Cupressales	Taxaceae	Taxus		Taxus baccata			
40902			Viridiplantae	Streptophyta	Magnoliopsida	Apiales	Apiaceae	Aegopodium		Aegopodium podagraria			
237945			Viridiplantae	Streptophyta	Magnoliopsida	Dipsacales	Adoxaceae	Viburnum		Viburnum lantana			
13597			Viridiplantae	Streptophyta	Magnoliopsida	Lamiales	Oleaceae	Ligustrum		Ligustrum vulgare			
114937			Viridiplantae	Streptophyta	Magnoliopsida	Rosales	Rosaceae	Prunus		Prunus spinosa			
4052			Viridiplantae	Streptophyta	Magnoliopsida	Apiales	Araliaceae	Hedera		Hedera helix			
36599			Viridiplantae	Streptophyta	Magnoliopsida	Rosales	Rosaceae	Sorbus		Sorbus aucuparia			
439142			Viridiplantae	Streptophyta	Magnoliopsida	Dipsacales	Caprifoliaceae	Lonicera		Lonicera xylosteum			
38873			Viridiplantae	Streptophyta	Magnoliopsida	Lamiales	Oleaceae	Fraxinus		Fraxinus excelsior			
34253			Viridiplantae	Streptophyta	Magnoliopsida	Boraginales	Boraginaceae	Echium		Echium vulgare			
36606			Viridiplantae	Streptophyta	Magnoliopsida	Rosales	Rosaceae	Cormus		Cormus domestica			
4298			Viridiplantae	Streptophyta	Magnoliopsida	Aquifoliales	Aquifoliaceae	Ilex		Ilex aquifolium			
3610			Viridiplantae	Streptophyta	Magnoliopsida	Rosales	Rhamnaceae	Rhamnus		Rhamnus cathartica			
85293			Viridiplantae	Streptophyta	Magnoliopsida	Dipsacales	Adoxaceae	Viburnum		Viburnum opulus			
298643			Viridiplantae	Streptophyta	Magnoliopsida	Rosales	Rosaceae	Crataegus		Crataegus laevigata			
79235			Viridiplantae	Streptophyta	Magnoliopsida	Lamiales	Orobanchaceae	Orobanche		Orobanche hederae			
32101			Viridiplantae	Streptophyta	Polypodiopsida	Polypodiales	Dennstaedtiaceae	Pteridium		Pteridium aquilinum			
45371			Viridiplantae	Streptophyta	Magnoliopsida	Asparagales	Asparagaceae	Polygonatum		Polygonatum multiflorum			
32189			Viridiplantae	Streptophyta	Magnoliopsida	Asparagales	Asparagaceae	Convallaria		Convallaria majalis			
158538			Viridiplantae	Streptophyta	Magnoliopsida	Piperales	Aristolochiaceae	Aristolochia		Aristolochia clematitis			
91155			Viridiplantae	Streptophyta	Magnoliopsida	Saxifragales	Crassulaceae	Sempervivum		Sempervivum tectorum			
4112			Viridiplantae	Streptophyta	Magnoliopsida	Solanales	Solanaceae	Solanum		Solanum nigrum			
4079			Viridiplantae	Streptophyta	Magnoliopsida	Solanales	Solanaceae	Hyoscyamus		Hyoscyamus niger			
13447			Viridiplantae	Streptophyta	Magnoliopsida	Apiales	Apiaceae	Conium		Conium maculatum			
32218			Viridiplantae	Streptophyta	Magnoliopsida	Rosales	Rosaceae	Alchemilla		Alchemilla mollis			
285825			Viridiplantae	Streptophyta	Magnoliopsida	Lamiales	Plantaginaceae	Digitalis		Digitalis lutea			
4684			Viridiplantae	Streptophyta	Magnoliopsida	Asparagales	Amaryllidaceae	Allium		Allium ursinum			
37490			Viridiplantae	Streptophyta	Magnoliopsida	Ranunculales	Ranunculaceae	Clematis		Clematis vitalba			
268884			Viridiplantae	Streptophyta	Magnoliopsida	Lamiales	Lamiaceae	Origanum		Origanum majorana			
37565			Viridiplantae	Streptophyta	Magnoliopsida	Sapindales	Rutaceae	Ruta		Ruta graveolens			
49987			Viridiplantae	Streptophyta	Magnoliopsida	Lamiales	Lamiaceae	Satureja		Satureja hortensis			
240844			Viridiplantae	Streptophyta	Magnoliopsida	Apiales	Apiaceae	Sium		Sium sisarum			
29802			Viridiplantae	Streptophyta	Magnoliopsida	Gentianales	Rubiaceae	Rubia		Rubia tinctorum			
89630			Viridiplantae	Streptophyta	Magnoliopsida	Boraginales	Boraginaceae	Anchusa		Anchusa officinalis			
71251			Viridiplantae	Streptophyta	Magnoliopsida	Ranunculales	Papaveraceae	Chelidonium		Chelidonium majus			
13427			Viridiplantae	Streptophyta	Magnoliopsida	Asterales	Asteraceae	Cichorium		Cichorium intybus			
53159			Viridiplantae	Streptophyta	Magnoliopsida	Lamiales	Lamiaceae	Lamium		Lamium album			
587664			Viridiplantae	Streptophyta	Magnoliopsida	Lamiales	Lamiaceae	Leonurus		Leonurus cardiaca			
52477			Viridiplantae	Streptophyta	Magnoliopsida	Apiales	Apiaceae	Peucedanum		Peucedanum ostruthium			
57933	Potentilleae incertae sedis		Viridiplantae	Streptophyta	Magnoliopsida	Rosales	Rosaceae	Potentilla		Potentilla reptans			
200993			Viridiplantae	Streptophyta	Magnoliopsida	Ranunculales	Papaveraceae	Fumaria		Fumaria officinalis			
2054448			Viridiplantae	Streptophyta	Magnoliopsida	Myrtales	Onagraceae	Chamaenerion		Chamaenerion angustifolium		Chamaenerion angustifolium subsp. angustifolium	
171896			Viridiplantae	Streptophyta	Magnoliopsida	Ranunculales	Ranunculaceae	Helleborus		Helleborus niger			
288835			Viridiplantae	Streptophyta	Gnetopsida	Ephedrales	Ephedraceae	Ephedra		Ephedra distachya		Ephedra distachya subsp. helvetica	
3329			Viridiplantae	Streptophyta	Pinopsida	Pinales	Pinaceae	Picea		Picea abies			
58048			Viridiplantae	Streptophyta	Polypodiopsida	Polypodiales	Polypodiaceae	Polypodium		Polypodium vulgare			
3197			Viridiplantae	Streptophyta	Marchantiopsida	Marchantiales	Marchantiaceae	Marchantia		Marchantia polymorpha			
90309			Viridiplantae	Streptophyta	Bryopsida	Hypnales	Myuriaceae	Ctenidium		Ctenidium molluscum			
2340953			Viridiplantae	Streptophyta	Magnoliopsida	Brassicales	Brassicaceae	Hesperis		Hesperis matronalis		Hesperis matronalis subsp. matronalis	
38848			Viridiplantae	Streptophyta	Magnoliopsida	Malpighiales	Euphorbiaceae	Euphorbia	Euphorbia subgen. Esula	Euphorbia verrucosa			
97007			Viridiplantae	Streptophyta	Magnoliopsida	Fabales	Fabaceae	Trifolium		Trifolium alpestre			
121718			Viridiplantae	Streptophyta	Magnoliopsida	Malvales	Malvaceae	Tilia		Tilia tomentosa			
169386			Viridiplantae	Streptophyta	Polypodiopsida	Polypodiales	Aspleniaceae	Asplenium		Asplenium trichomanes		Asplenium trichomanes subsp. quadrivalens	
184173			Viridiplantae	Streptophyta	Magnoliopsida	Ericales	Primulaceae	Primula		Primula auricula			
1533167			Viridiplantae	Streptophyta	Magnoliopsida	Fabales	Fabaceae	Lathyrus		Lathyrus vernus		Lathyrus vernus subsp. gracilis	
267241	Rosoideae incertae sedis		Viridiplantae	Streptophyta	Magnoliopsida	Rosales	Rosaceae	Rosa		Rosa micrantha			
669631			Viridiplantae	Streptophyta	Magnoliopsida	Asterales	Asteraceae	Aster		Aster alpinus			
23029			Viridiplantae	Streptophyta	Magnoliopsida	Saxifragales	Crassulaceae	Sedum		Sedum album			
462523			Viridiplantae	Streptophyta	Magnoliopsida	Asterales	Asteraceae	Senecio		Senecio doronicum			
1000430			Viridiplantae	Streptophyta	Magnoliopsida	Lamiales	Lamiaceae	Teucrium		Teucrium montanum			
155231			Viridiplantae	Streptophyta	Magnoliopsida	Lamiales	Lamiaceae	Sideritis					
261802			Viridiplantae	Streptophyta	Magnoliopsida	Asterales	Asteraceae	Helichrysum		Helichrysum serotinum			
282717			Viridiplantae	Streptophyta	Magnoliopsida	Asterales	Asteraceae	Achillea		Achillea ageratum			
46985			Viridiplantae	Streptophyta	Magnoliopsida	Ranunculales	Ranunculaceae	Adonis		Adonis vernalis			
1333897			Viridiplantae	Streptophyta	Magnoliopsida	Malpighiales	Euphorbiaceae	Euphorbia	Euphorbia subgen. Esula	Euphorbia characias		Euphorbia characias subsp. characias	
1142019			Viridiplantae	Streptophyta	Magnoliopsida	Asterales	Asteraceae	Santolina		Santolina elegans			
177241			Viridiplantae	Streptophyta	Pinopsida	Cupressales	Cupressaceae	Juniperus		Juniperus thurifera			
1211478			Viridiplantae	Streptophyta	Magnoliopsida	Fabales	Fabaceae	Laburnum		Laburnum anagyroides		Laburnum anagyroides subsp. anagyroides	
291211			Viridiplantae	Streptophyta	Magnoliopsida	Sapindales	Sapindaceae	Acer		Acer monspessulanum		Acer monspessulanum subsp. monspessulanum	
2762152			Viridiplantae	Streptophyta	Magnoliopsida	Asterales	Asteraceae	Centaurea		Centaurea jacea		Centaurea jacea subsp. jacea	
522534			Viridiplantae	Streptophyta	Magnoliopsida	Ranunculales	Ranunculaceae	Clematis		Clematis alpina			
2601875			Viridiplantae	Streptophyta	Pinopsida	Pinales	Pinaceae	Larix		Larix decidua		Larix decidua subsp. decidua	
58882			Viridiplantae	Streptophyta	Magnoliopsida	Fabales	Polygalaceae	Polygala		Polygala chamaebuxus			
1441791			Viridiplantae	Streptophyta	Magnoliopsida	Rosales	Rhamnaceae	Oreoherzogia		Oreoherzogia fallax			
40869			Viridiplantae	Streptophyta	Magnoliopsida	Apiales	Apiaceae	Siler		Siler montanum			
476039			Viridiplantae	Streptophyta	Magnoliopsida	Ranunculales	Ranunculaceae	Thalictrum		Thalictrum minus			
92910			Viridiplantae	Streptophyta	Magnoliopsida	Asterales	Asteraceae	Echinops		Echinops sphaerocephalus			
237959			Viridiplantae	Streptophyta	Magnoliopsida	Dipsacales	Adoxaceae	Viburnum		Viburnum tinus			
993106			Viridiplantae	Streptophyta	Pinopsida	Cupressales	Cupressaceae	Juniperus		Juniperus oxycedrus		Juniperus oxycedrus subsp. oxycedrus	
82213			Viridiplantae	Streptophyta	Magnoliopsida	Asparagales	Iridaceae	Iris		Iris pseudacorus			
289864			Viridiplantae	Streptophyta	Polypodiopsida	Polypodiales	Aspleniaceae	Asplenium		Asplenium ruta-muraria		Asplenium ruta-muraria subsp. ruta-muraria	
20340			Viridiplantae	Streptophyta	Magnoliopsida	Fabales	Fabaceae	Ceratonia		Ceratonia siliqua			
543981			Viridiplantae	Streptophyta	Magnoliopsida	Lamiales	Lamiaceae	Phlomis		Phlomis fruticosa			
63479			Viridiplantae	Streptophyta	Magnoliopsida	Gentianales	Apocynaceae	Nerium		Nerium oleander			
3467			Viridiplantae	Streptophyta	Magnoliopsida	Ranunculales	Papaveraceae	Eschscholzia		Eschscholzia californica			
99028			Viridiplantae	Streptophyta	Magnoliopsida	Asterales	Asteraceae	Cota		Cota tinctoria			
1441374			Viridiplantae	Streptophyta	Magnoliopsida	Lamiales	Lamiaceae	Lavandula		Lavandula dentata			
558547			Viridiplantae	Streptophyta	Magnoliopsida	Sapindales	Rutaceae	Citrus		Citrus x aurantium			Citrus x aurantium f. deliciosa
371726			Viridiplantae	Streptophyta	Magnoliopsida	Sapindales	Anacardiaceae	Pistacia		Pistacia lentiscus			
191224			Viridiplantae	Streptophyta	Magnoliopsida	Malvales	Cistaceae	Cistus		Cistus creticus			
84005			Viridiplantae	Streptophyta	Magnoliopsida	Ericales	Ericaceae	Arbutus		Arbutus unedo			
36610			Viridiplantae	Streptophyta	Magnoliopsida	Rosales	Rosaceae	Cydonia		Cydonia oblonga			
43364			Viridiplantae	Streptophyta	Magnoliopsida	Sapindales	Sapindaceae	Aesculus		Aesculus hippocastanum			
328401			Viridiplantae	Streptophyta	Magnoliopsida	Sapindales	Rutaceae	Zanthoxylum		Zanthoxylum bungeanum			
98722			Viridiplantae	Streptophyta	Magnoliopsida	Asterales	Asteraceae	Jacobaea		Jacobaea vulgaris			
367354			Viridiplantae	Streptophyta	Magnoliopsida	Cornales	Cornaceae	Cornus		Cornus sanguinea			
497764			Viridiplantae	Streptophyta	Magnoliopsida	Lamiales	Lamiaceae	Origanum		Origanum scabrum			
260608			Viridiplantae	Streptophyta	Magnoliopsida	Lamiales	Lamiaceae	Nepeta		Nepeta grandiflora			
39330			Viridiplantae	Streptophyta	Magnoliopsida	Lamiales	Lamiaceae	Lavandula		Lavandula lanata			
931318			Viridiplantae	Streptophyta	Magnoliopsida	Malvales	Cistaceae	Cistus		Cistus laurifolius		Cistus laurifolius subsp. laurifolius	
73200			Viridiplantae	Streptophyta	Magnoliopsida	Geraniales	Geraniaceae	Pelargonium		Pelargonium graveolens			
260701			Viridiplantae	Streptophyta	Magnoliopsida	Myrtales	Onagraceae	Oenothera		Oenothera macrocarpa			
41492			Viridiplantae	Streptophyta	Magnoliopsida	Asterales	Asteraceae	Bellis		Bellis perennis			
28525			Viridiplantae	Streptophyta	Magnoliopsida	Asterales	Menyanthaceae	Menyanthes		Menyanthes trifoliata			
41230			Viridiplantae	Streptophyta	Magnoliopsida	Lamiales	Lamiaceae	Marrubium		Marrubium vulgare			
301877			Viridiplantae	Streptophyta	Magnoliopsida	Asterales	Asteraceae	Tanacetum		Tanacetum balsamita			
39347			Viridiplantae	Streptophyta	Magnoliopsida	Lamiales	Lamiaceae	Nepeta		Nepeta cataria			
905076			Viridiplantae	Streptophyta	Magnoliopsida	Solanales	Solanaceae	Brugmansia		Brugmansia suaveolens			
59895			Viridiplantae	Streptophyta	Magnoliopsida	Asterales	Asteraceae	Cynara		Cynara cardunculus	Cynara cardunculus var. scolymus	Cynara cardunculus subsp. cardunculus	
182129			Viridiplantae	Streptophyta	Magnoliopsida	Rosales	Moraceae	Ficus		Ficus sycomorus			
119261			Viridiplantae	Streptophyta	Magnoliopsida	Laurales	Lauraceae	Cinnamomum		Cinnamomum burmanni			
3426			Viridiplantae	Streptophyta	Magnoliopsida	Canellales	Canellaceae	Canella		Canella winterana			
4647			Viridiplantae	Streptophyta	Magnoliopsida	Zingiberales	Zingiberaceae	Hedychium		Hedychium gardnerianum			
49541			Viridiplantae	Streptophyta	Magnoliopsida	Poales	Bromeliaceae	Tillandsia		Tillandsia usneoides			
375272	Pimenta group		Viridiplantae	Streptophyta	Magnoliopsida	Myrtales	Myrtaceae	Pimenta		Pimenta dioica			
237834			Viridiplantae	Streptophyta	Magnoliopsida	Malpighiales	Passifloraceae	Passiflora		Passiflora adenopoda			
45385			Viridiplantae	Streptophyta	Magnoliopsida	Asparagales	Asphodelaceae	Aloe		Aloe arborescens			
161028			Viridiplantae	Streptophyta	Magnoliopsida	Brassicales	Moringaceae	Moringa		Moringa hildebrandtii			
78372			Viridiplantae	Streptophyta	Magnoliopsida	Alismatales	Araceae	Amorphophallus		Amorphophallus konjac			
442491			Viridiplantae	Streptophyta	Magnoliopsida	Asparagales	Asparagaceae	Agave		Agave sisalana			
194871			Viridiplantae	Streptophyta	Magnoliopsida	Brassicales	Caricaceae	Vasconcellea		Vasconcellea quercifolia			
4120			Viridiplantae	Streptophyta	Magnoliopsida	Solanales	Convolvulaceae	Ipomoea		Ipomoea batatas			
4364			Viridiplantae	Streptophyta	Magnoliopsida	Caryophyllales	Droseraceae	Drosera		Drosera binata			
76306			Viridiplantae	Streptophyta	Magnoliopsida	Fabales	Fabaceae	Mimosa		Mimosa pudica			
4090			Viridiplantae	Streptophyta	Magnoliopsida	Solanales	Solanaceae	Nicotiana		Nicotiana glauca			
147945			Viridiplantae	Streptophyta	Polypodiopsida	Polypodiales	Aspleniaceae	Asplenium		Asplenium ceterach			
29760	rosids incertae sedis		Viridiplantae	Streptophyta	Magnoliopsida	Vitales	Vitaceae	Vitis		Vitis vinifera			
85232			Viridiplantae	Streptophyta	Magnoliopsida	Rosales	Moraceae	Morus		Morus nigra			
4418			Viridiplantae	Streptophyta	Magnoliopsida	Nymphaeales	Nymphaeaceae	Nymphaea					
13469			Viridiplantae	Streptophyta	Pinopsida	Cupressales	Cupressaceae	Cupressus		Cupressus sempervirens			
867486			Viridiplantae	Streptophyta	Magnoliopsida	Caryophyllales	Cactaceae	Opuntia		Opuntia engelmannii			
38727	Panicodae		Viridiplantae	Streptophyta	Magnoliopsida	Poales	Poaceae	Panicum		Panicum virgatum			
340636			Viridiplantae	Streptophyta	Magnoliopsida	Malpighiales	Passifloraceae	Passiflora		Passiflora affinis			
196576			Viridiplantae	Streptophyta	Magnoliopsida	Malpighiales	Passifloraceae	Passiflora		Passiflora ambigua			
298518			Viridiplantae	Streptophyta	Magnoliopsida	Malpighiales	Passifloraceae	Passiflora		Passiflora arbelaezii			
196577			Viridiplantae	Streptophyta	Magnoliopsida	Malpighiales	Passifloraceae	Passiflora		Passiflora auriculata			
196578			Viridiplantae	Streptophyta	Magnoliopsida	Malpighiales	Passifloraceae	Passiflora		Passiflora biflora			
1341341			Viridiplantae	Streptophyta	Magnoliopsida	Malpighiales	Passifloraceae	Passiflora		Passiflora bryonioides			
196579			Viridiplantae	Streptophyta	Magnoliopsida	Malpighiales	Passifloraceae	Passiflora		Passiflora coriacea			
1129466			Viridiplantae	Streptophyta	Magnoliopsida	Malpighiales	Passifloraceae	Passiflora		Passiflora costaricensis			
298520			Viridiplantae	Streptophyta	Magnoliopsida	Malpighiales	Passifloraceae	Passiflora		Passiflora filipes			
2818046			Viridiplantae	Streptophyta	Magnoliopsida	Malpighiales	Passifloraceae	Passiflora		Passiflora hastifolia			
196580			Viridiplantae	Streptophyta	Magnoliopsida	Malpighiales	Passifloraceae	Passiflora		Passiflora lobata			
330177			Viridiplantae	Streptophyta	Magnoliopsida	Malpighiales	Passifloraceae	Passiflora		Passiflora lutea			
196581			Viridiplantae	Streptophyta	Magnoliopsida	Malpighiales	Passifloraceae	Passiflora		Passiflora menispermifolia			
298523			Viridiplantae	Streptophyta	Magnoliopsida	Malpighiales	Passifloraceae	Passiflora		Passiflora mexicana			
237870			Viridiplantae	Streptophyta	Magnoliopsida	Malpighiales	Passifloraceae	Passiflora		Passiflora nephrodes			
196582			Viridiplantae	Streptophyta	Magnoliopsida	Malpighiales	Passifloraceae	Passiflora		Passiflora oerstedii			
196689			Viridiplantae	Streptophyta	Magnoliopsida	Malpighiales	Passifloraceae	Passiflora		Passiflora pittieri			
1670796			Viridiplantae	Streptophyta	Magnoliopsida	Malpighiales	Passifloraceae	Passiflora		Passiflora quadriglandulosa			
197934			Viridiplantae	Streptophyta	Magnoliopsida	Malpighiales	Passifloraceae	Passiflora		Passiflora speciosa			
133504			Viridiplantae	Streptophyta	Magnoliopsida	Malpighiales	Passifloraceae	Passiflora		Passiflora suberosa			
196584			Viridiplantae	Streptophyta	Magnoliopsida	Malpighiales	Passifloraceae	Passiflora		Passiflora talamancensis			
298527			Viridiplantae	Streptophyta	Magnoliopsida	Malpighiales	Passifloraceae	Passiflora		Passiflora tenuiloba			
196585			Viridiplantae	Streptophyta	Magnoliopsida	Malpighiales	Passifloraceae	Passiflora		Passiflora vitifolia			
1822417			Viridiplantae	Streptophyta	Magnoliopsida	Malpighiales	Passifloraceae	Passiflora		Passiflora yucatanensis			
45184			Viridiplantae	Streptophyta	Magnoliopsida	Malpighiales	Passifloraceae	Turnera		Turnera ulmifolia			
12947			Viridiplantae	Streptophyta	Magnoliopsida	Piperales	Aristolochiaceae	Aristolochia					
41537			Viridiplantae	Streptophyta	Magnoliopsida	Asterales	Asteraceae	Centaurea		Centaurea montana			
72152			Viridiplantae	Streptophyta	Magnoliopsida	Asterales	Asteraceae	Centaurea		Centaurea stoebe			
122532			Viridiplantae	Streptophyta	Magnoliopsida	Asterales	Asteraceae	Crepis		Crepis biennis			
702244			Viridiplantae	Streptophyta	Magnoliopsida	Asterales	Asteraceae	Filago		Filago vulgaris			
254777			Viridiplantae	Streptophyta	Magnoliopsida	Gentianales	Rubiaceae	Galium		Galium mollugo			
2078961			Viridiplantae	Streptophyta	Magnoliopsida	Lamiales	Plantaginaceae	Globularia		Globularia bisnagarica			
58656			Viridiplantae	Streptophyta	Magnoliopsida	Asterales	Asteraceae	Hypochaeris		Hypochaeris radicata			
53164			Viridiplantae	Streptophyta	Magnoliopsida	Lamiales	Lamiaceae	Lamium		Lamium purpureum			
254779			Viridiplantae	Streptophyta	Magnoliopsida	Fabales	Fabaceae	Lathyrus		Lathyrus pratensis			
58660			Viridiplantae	Streptophyta	Magnoliopsida	Asterales	Asteraceae	Leontodon		Leontodon hispidus			
212690			Viridiplantae	Streptophyta	Magnoliopsida	Asterales	Asteraceae	Picris		Picris hieracioides			
1016828	Potentilleae incertae sedis		Viridiplantae	Streptophyta	Magnoliopsida	Rosales	Rosaceae	Potentilla		Potentilla verna			
3451			Viridiplantae	Streptophyta	Magnoliopsida	Ranunculales	Ranunculaceae	Aquilegia		Aquilegia vulgaris			
90363			Viridiplantae	Streptophyta	Magnoliopsida	Lamiales	Scrophulariaceae	Scrophularia		Scrophularia nodosa			
2982281			Viridiplantae	Streptophyta	Magnoliopsida	Brassicales	Brassicaceae	Mutarda		Mutarda arvensis			
51276			Viridiplantae	Streptophyta	Magnoliopsida	Asterales	Asteraceae	Bidens		Bidens tripartita			
52456			Viridiplantae	Streptophyta	Magnoliopsida	Apiales	Apiaceae	Caucalis		Caucalis platycarpos			
288953			Viridiplantae	Streptophyta	Magnoliopsida	Caryophyllales	Caryophyllaceae	Dianthus		Dianthus sylvestris			
32228	Rosoideae incertae sedis		Viridiplantae	Streptophyta	Magnoliopsida	Rosales	Rosaceae	Filipendula		Filipendula vulgaris			
673928			Viridiplantae	Streptophyta	Magnoliopsida	Malpighiales	Hypericaceae	Hypericum		Hypericum hirsutum			
43171			Viridiplantae	Streptophyta	Magnoliopsida	Lamiales	Plantaginaceae	Linaria		Linaria vulgaris			
47247			Viridiplantae	Streptophyta	Magnoliopsida	Fabales	Fabaceae	Lotus		Lotus corniculatus			
181181			Viridiplantae	Streptophyta	Magnoliopsida	Boraginales	Boraginaceae	Buglossoides		Buglossoides arvensis			
56523			Viridiplantae	Streptophyta	Magnoliopsida	Asterales	Asteraceae	Buphthalmum		Buphthalmum salicifolium			
239422			Viridiplantae	Streptophyta	Magnoliopsida	Asterales	Campanulaceae	Campanula		Campanula rotundifolia			
271556			Viridiplantae	Streptophyta	Magnoliopsida	Caryophyllales	Caryophyllaceae	Cerastium		Cerastium alpinum			
673929			Viridiplantae	Streptophyta	Magnoliopsida	Malpighiales	Hypericaceae	Hypericum		Hypericum montanum			
92915			Viridiplantae	Streptophyta	Magnoliopsida	Asterales	Asteraceae	Onopordum		Onopordum acanthium			
202615			Viridiplantae	Streptophyta	Magnoliopsida	Brassicales	Resedaceae	Reseda		Reseda lutea			
40909			Viridiplantae	Streptophyta	Magnoliopsida	Apiales	Apiaceae	Scandix		Scandix pecten-veneris			
1532346			Viridiplantae	Streptophyta	Magnoliopsida	Asterales	Asteraceae	Cirsium		Cirsium rivulare			
204222			Viridiplantae	Streptophyta	Magnoliopsida	Lamiales	Lamiaceae	Clinopodium		Clinopodium vulgare			
181189			Viridiplantae	Streptophyta	Magnoliopsida	Boraginales	Boraginaceae	Cynoglossum		Cynoglossum officinale			
91246			Viridiplantae	Streptophyta	Magnoliopsida	Asterales	Asteraceae	Erigeron		Erigeron acris			
478958			Viridiplantae	Streptophyta	Magnoliopsida	Malvales	Cistaceae	Helianthemum		Helianthemum nummularium			
119177			Viridiplantae	Streptophyta	Magnoliopsida	Asterales	Asteraceae	Inula		Inula conyza			
43195			Viridiplantae	Streptophyta	Magnoliopsida	Asterales	Asteraceae	Lactuca		Lactuca perennis			
145754			Viridiplantae	Streptophyta	Magnoliopsida	Malvales	Malvaceae	Malva		Malva sylvestris			
33128			Viridiplantae	Streptophyta	Magnoliopsida	Ranunculales	Papaveraceae	Papaver		Papaver rhoeas			
4041			Viridiplantae	Streptophyta	Magnoliopsida	Apiales	Apiaceae	Pastinaca		Pastinaca sativa			
78191			Viridiplantae	Streptophyta	Magnoliopsida	Brassicales	Brassicaceae	Arabis		Arabis hirsuta			
90446			Viridiplantae	Streptophyta	Magnoliopsida	Apiales	Apiaceae	Bupleurum		Bupleurum rotundifolium			
39848			Viridiplantae	Streptophyta	Magnoliopsida	Caryophyllales	Caryophyllaceae	Agrostemma		Agrostemma githago			
49815			Viridiplantae	Streptophyta	Magnoliopsida	Fabales	Fabaceae	Cytisus		Cytisus nigricans			
390710			Viridiplantae	Streptophyta	Magnoliopsida	Fabales	Fabaceae	Hippocrepis		Hippocrepis comosa			
126270			Viridiplantae	Streptophyta	Magnoliopsida	Brassicales	Brassicaceae	Alliaria		Alliaria petiolata			
3882			Viridiplantae	Streptophyta	Magnoliopsida	Fabales	Fabaceae	Onobrychis		Onobrychis viciifolia			
39879			Viridiplantae	Streptophyta	Magnoliopsida	Caryophyllales	Caryophyllaceae	Silene	Silene subgen. Behenantha	Silene dioica			
313513			Viridiplantae	Streptophyta	Magnoliopsida	Asterales	Asteraceae	Carduus		Carduus defloratus			
33119			Viridiplantae	Streptophyta	Magnoliopsida	Solanales	Solanaceae	Petunia		Petunia axillaris			
323115			Viridiplantae	Streptophyta	Magnoliopsida	Solanales	Solanaceae	Petunia		Petunia exserta			
376710			Viridiplantae	Streptophyta	Magnoliopsida	Solanales	Solanaceae	Solanum	Solanum subgen. Lycopersicon	Solanum arcanum			
4083			Viridiplantae	Streptophyta	Magnoliopsida	Solanales	Solanaceae	Solanum	Solanum subgen. Lycopersicon	Solanum chilense			
62890			Viridiplantae	Streptophyta	Magnoliopsida	Solanales	Solanaceae	Solanum	Solanum subgen. Lycopersicon	Solanum habrochaites			
28526			Viridiplantae	Streptophyta	Magnoliopsida	Solanales	Solanaceae	Solanum	Solanum subgen. Lycopersicon	Solanum pennellii			
4082			Viridiplantae	Streptophyta	Magnoliopsida	Solanales	Solanaceae	Solanum	Solanum subgen. Lycopersicon	Solanum peruvianum			
4084			Viridiplantae	Streptophyta	Magnoliopsida	Solanales	Solanaceae	Solanum	Solanum subgen. Lycopersicon	Solanum pimpinellifolium			
57577			Viridiplantae	Streptophyta	Magnoliopsida	Fabales	Fabaceae	Trifolium		Trifolium pratense			
53829			Viridiplantae	Streptophyta	Magnoliopsida	Fabales	Fabaceae	Apuleia		Apuleia leiocarpa			
168179			Viridiplantae	Streptophyta	Magnoliopsida	Zingiberales	Costaceae	Costus		Costus arabicus			
346403			Viridiplantae	Streptophyta	Magnoliopsida	Fabales	Fabaceae	Senna		Senna multijuga			
316706			Viridiplantae	Streptophyta	Magnoliopsida	Malpighiales	Euphorbiaceae	Conceveiba		Conceveiba guianensis			
2806839			Viridiplantae	Streptophyta	Magnoliopsida	Myrtales	Melastomataceae	Miconia		Miconia crenata			
82716			Viridiplantae	Streptophyta	Magnoliopsida	Gentianales	Gentianaceae	Chelonanthus		Chelonanthus alatus			
688039			Viridiplantae	Streptophyta	Magnoliopsida	Rosales	Urticaceae	Cecropia		Cecropia obtusa			
77072			Viridiplantae	Streptophyta	Magnoliopsida	Rosales	Urticaceae	Cecropia		Cecropia palmata			
2966546			Viridiplantae	Streptophyta	Magnoliopsida	Asterales	Asteraceae	Clibadium		Clibadium sylvestre			
3085996			Viridiplantae	Streptophyta	Magnoliopsida	Fabales	Fabaceae	Deguelia		Deguelia nitidula			
1231846			Viridiplantae	Streptophyta	Magnoliopsida	Myrtales	Myrtaceae	Eugenia		Eugenia brasiliensis			
309283			Viridiplantae	Streptophyta	Magnoliopsida	Rosales	Moraceae	Ficus		Ficus citrifolia			
100557			Viridiplantae	Streptophyta	Magnoliopsida	Rosales	Moraceae	Ficus		Ficus maxima			
89639			Viridiplantae	Streptophyta	Magnoliopsida	Solanales	Convolvulaceae	Ipomoea		Ipomoea asarifolia			
4190			Viridiplantae	Streptophyta	Magnoliopsida	Lamiales	Acanthaceae	Justicia					
1569007			Viridiplantae	Streptophyta	Magnoliopsida	Myrtales	Onagraceae	Ludwigia		Ludwigia decurrens			
198777			Viridiplantae	Streptophyta	Magnoliopsida	Malpighiales	Calophyllaceae	Mammea		Mammea americana			
1134151	Myrcia group		Viridiplantae	Streptophyta	Magnoliopsida	Myrtales	Myrtaceae	Myrcia		Myrcia bracteata			
3673			Viridiplantae	Streptophyta	Magnoliopsida	Cucurbitales	Cucurbitaceae	Momordica		Momordica charantia			
681460			Viridiplantae	Streptophyta	Magnoliopsida	Malpighiales	Phyllanthaceae	Margaritaria		Margaritaria nobilis			
1905032			Viridiplantae	Streptophyta	Magnoliopsida	Fabales	Fabaceae	Parkia		Parkia pendula			
2662166			Viridiplantae	Streptophyta	Magnoliopsida	Gentianales	Rubiaceae	Palicourea		Palicourea colorata			
352190			Viridiplantae	Streptophyta	Magnoliopsida	Piperales	Piperaceae	Peperomia		Peperomia pellucida			
1603663			Viridiplantae	Streptophyta	Magnoliopsida	Lamiales	Acanthaceae	Pachystachys		Pachystachys spicata			
109224			Viridiplantae	Streptophyta	Magnoliopsida	Fabales	Fabaceae	Neustanthus		Neustanthus phaseoloides			
2708425			Viridiplantae	Streptophyta	Magnoliopsida	Malpighiales	Phyllanthaceae	Phyllanthus		Phyllanthus brasiliensis			
459148			Viridiplantae	Streptophyta	Magnoliopsida	Sapindales	Simaroubaceae	Homalolepis		Homalolepis cedron			
948959			Viridiplantae	Streptophyta	Magnoliopsida	Fabales	Fabaceae	Vatairea		Vatairea guianensis			
992868			Viridiplantae	Streptophyta	Magnoliopsida	Boraginales	Cordiaceae	Varronia		Varronia multispicata			
549434			Viridiplantae	Streptophyta	Magnoliopsida	Sapindales	Rutaceae	Zanthoxylum		Zanthoxylum rhoifolium			
1903203			Viridiplantae	Streptophyta	Magnoliopsida	Asterales	Asteraceae	Artemisia		Artemisia heptapotamica			
59020			Viridiplantae	Streptophyta	Magnoliopsida	Asparagales	Asparagaceae	Agave		Agave bracteosa			
3586			Viridiplantae	Streptophyta	Magnoliopsida	Caryophyllales	Didiereaceae	Alluaudia		Alluaudia procera			
210162			Viridiplantae	Streptophyta	Polypodiopsida	Polypodiales	Aspleniaceae	Asplenium		Asplenium platyneuron			
167616			Viridiplantae	Streptophyta	Magnoliopsida	Fabales	Fabaceae	Centrosema					
52148	Poodae		Viridiplantae	Streptophyta	Magnoliopsida	Poales	Poaceae	Calamagrostis		Calamagrostis canadensis			
260592			Viridiplantae	Streptophyta	Magnoliopsida	Lamiales	Lamiaceae	Calamintha					
69867			Viridiplantae	Streptophyta	Magnoliopsida	Poales	Cyperaceae	Carex	Carex subgen. Carex	Carex scirpoidea			
314416			Viridiplantae	Streptophyta	Magnoliopsida	Poales	Cyperaceae	Carex	Carex subgen. Vignea	Carex tenera			
387127			Viridiplantae	Streptophyta	Magnoliopsida	Cucurbitales	Cucurbitaceae	Coccinia		Coccinia grandis			
1651205			Viridiplantae	Streptophyta	Magnoliopsida	Caryophyllales	Chenopodiaceae	Corispermum		Corispermum americanum			
2665689			Viridiplantae	Streptophyta	Magnoliopsida	Saxifragales	Crassulaceae	Crassula		Crassula argentea			
46098			Viridiplantae	Streptophyta	Magnoliopsida	Caryophyllales	Chenopodiaceae	Cycloloma		Cycloloma atriplicifolium			
32239			Viridiplantae	Streptophyta	Magnoliopsida	Rosales	Rosaceae	Dasiphora		Dasiphora fruticosa			
1082683			Viridiplantae	Streptophyta	Polypodiopsida	Polypodiales	Dryopteridaceae	Dryopteris		Dryopteris celsa			
4306			Viridiplantae	Streptophyta	Magnoliopsida	Celastrales	Celastraceae	Euonymus					
100145			Viridiplantae	Streptophyta	Magnoliopsida	Fabales	Fabaceae	Galactia					
49717			Viridiplantae	Streptophyta	Magnoliopsida	Asparagales	Asphodelaceae	Gasteria		Gasteria liliputana			
1475409			Viridiplantae	Streptophyta	Magnoliopsida	Apiales	Araliaceae	Hydrocotyle		Hydrocotyle umbellata			
464023			Viridiplantae	Streptophyta	Magnoliopsida	Caryophyllales	Chenopodiaceae	Krascheninnikovia		Krascheninnikovia lanata			
240013			Viridiplantae	Streptophyta	Magnoliopsida	Caryophyllales	Chenopodiaceae	Blitum		Blitum nuttallianum			
39172			Viridiplantae	Streptophyta	Magnoliopsida	Lamiales	Lamiaceae	Nepeta					
3527			Viridiplantae	Streptophyta	Magnoliopsida	Caryophyllales	Phytolaccaceae	Phytolacca		Phytolacca americana			
28470			Viridiplantae	Streptophyta	Polypodiopsida	Polypodiales	Dryopteridaceae	Polystichum		Polystichum acrostichoides			
458353			Viridiplantae	Streptophyta	Magnoliopsida	Fabales	Fabaceae	Pediomelum		Pediomelum aromaticum			
100167			Viridiplantae	Streptophyta	Magnoliopsida	Fabales	Fabaceae	Psoralea					
188810			Viridiplantae	Streptophyta	Magnoliopsida	Caryophyllales	Aizoaceae	Ruschia		Ruschia maxima			
191652			Viridiplantae	Streptophyta	Magnoliopsida	Asparagales	Asparagaceae	Ruscus		Ruscus hypoglossum			
355937			Viridiplantae	Streptophyta	Magnoliopsida	Caryophyllales	Chenopodiaceae	Salsola		Salsola tragus			
39534			Viridiplantae	Streptophyta	Magnoliopsida	Asparagales	Asparagaceae	Sansevieria		Sansevieria trifasciata			
381272			Viridiplantae	Streptophyta	Magnoliopsida	Caryophyllales	Chenopodiaceae	Suaeda		Suaeda calceoliformis			
25628			Viridiplantae	Streptophyta	Pinopsida	Cupressales	Taxaceae	Taxus					
217524			Viridiplantae	Streptophyta	Magnoliopsida	Caryophyllales	Amaranthaceae	Alternanthera		Alternanthera flavescens			
1089630			Viridiplantae	Streptophyta	Magnoliopsida	Fabales	Fabaceae	Zornia		Zornia bracteata			
97700			Viridiplantae	Streptophyta	Magnoliopsida	Fagales	Fagaceae	Quercus		Quercus lobata			
360030			Viridiplantae	Streptophyta	Magnoliopsida	Piperales	Aristolochiaceae	Aristolochia		Aristolochia acuminata			
3986			Viridiplantae	Streptophyta	Magnoliopsida	Malpighiales	Euphorbiaceae	Mercurialis		Mercurialis annua			
94321			Viridiplantae	Streptophyta	Magnoliopsida	Zingiberales	Lowiaceae	Orchidantha		Orchidantha maxillarioides			
1620184	Paniceae incertae sedis		Viridiplantae	Streptophyta	Magnoliopsida	Poales	Poaceae	Sacciolepis		Sacciolepis striata			
228244			Viridiplantae	Streptophyta	Magnoliopsida	Caryophyllales	Caryophyllaceae	Myosoton		Myosoton aquaticum			
137887			Viridiplantae	Streptophyta	Magnoliopsida	Gentianales	Gentianaceae	Swertia		Swertia chirayita			
38851			Viridiplantae	Streptophyta	Magnoliopsida	Gentianales	Gentianaceae	Gentiana		Gentiana lutea			
436207			Viridiplantae	Streptophyta	Magnoliopsida	Asterales	Asteraceae	Arnica		Arnica montana			
50282			Viridiplantae	Streptophyta	Magnoliopsida	Asterales	Asteraceae	Centaurea		Centaurea benedicta			
405322			Viridiplantae	Streptophyta	Magnoliopsida	Piperales	Piperaceae	Piper		Piper cubeba			
637930			Viridiplantae	Streptophyta	Magnoliopsida	Zingiberales	Zingiberaceae	Aframomum		Aframomum melegueta			
29817			Viridiplantae	Streptophyta	Magnoliopsida	Asparagales	Iridaceae	Iris		Iris pallida			
32194			Viridiplantae	Streptophyta	Magnoliopsida	Asterales	Asteraceae	Echinops					
948714			Viridiplantae	Streptophyta	Magnoliopsida	Fabales	Fabaceae	Senna		Senna sulfurea			
879921			Viridiplantae	Streptophyta	Magnoliopsida	Lamiales	Oleaceae	Fraxinus		Fraxinus retusa			
2998934			Viridiplantae	Streptophyta	Magnoliopsida	Myrtales	Combretaceae	Combretum		Combretum quadrangulare			
3027755			Viridiplantae	Streptophyta	Magnoliopsida	Asterales	Asteraceae	Podanthus		Podanthus ovatifolius			
100370			Viridiplantae	Streptophyta	Magnoliopsida	Malpighiales	Euphorbiaceae	Croton					
1813051			Viridiplantae	Streptophyta	Magnoliopsida	Rosales	Rhamnaceae	Rhamnus		Rhamnus dumetorum			
424914			Viridiplantae	Streptophyta	Magnoliopsida	Lamiales	Oleaceae	Osmanthus		Osmanthus yunnanensis			
1214907			Viridiplantae	Streptophyta	Magnoliopsida	Rosales	Ulmaceae	Zelkova		Zelkova sinica			
123463			Viridiplantae	Streptophyta	Magnoliopsida	Celastrales	Celastraceae	Reissantia					
13582			Viridiplantae	Streptophyta	Magnoliopsida	Magnoliales	Myristicaceae	Knema					
527510			Viridiplantae	Streptophyta	Magnoliopsida	Ranunculales	Menispermaceae	Tiliacora		Tiliacora triandra			
2840175			Viridiplantae	Streptophyta	Magnoliopsida	Alismatales	Araceae	Scindapsus		Scindapsus officinalis			
82456			Viridiplantae	Streptophyta	Magnoliopsida	Malvales	Malvaceae	Cola					
122809			Viridiplantae	Streptophyta	Magnoliopsida	Myrtales	Lythraceae	Lagerstroemia					
82415			Viridiplantae	Streptophyta	Magnoliopsida	Malvales	Malvaceae	Pentace					
85864			Viridiplantae	Streptophyta	Magnoliopsida	Magnoliales	Magnoliaceae	Magnolia		Magnolia officinalis			
511537			Viridiplantae	Streptophyta	Magnoliopsida	Piperales	Piperaceae	Piper		Piper chaudocanum			
2780149			Viridiplantae	Streptophyta	Magnoliopsida	Malpighiales	Salicaceae	Casearia		Casearia grewiifolia			
252739			Viridiplantae	Streptophyta	Pinopsida	Pinales	Pinaceae	Pinus	Pinus subgen. Strobus	Pinus fenzeliana			
2080654			Viridiplantae	Streptophyta	Magnoliopsida	Ericales	Primulaceae	Myrsine		Myrsine semiserrata			
2508509			Viridiplantae	Streptophyta	Magnoliopsida	Ericales	Primulaceae	Fittingia					
300541			Viridiplantae	Streptophyta	Magnoliopsida	Malvales	Malvaceae	Pterocymbium					
2815905	Pteris incertae sedis		Viridiplantae	Streptophyta	Polypodiopsida	Polypodiales	Pteridaceae	Pteris		Pteris similis			
66667			Viridiplantae	Streptophyta	Magnoliopsida	Malvales	Malvaceae	Sterculia					
255818			Viridiplantae	Streptophyta	Magnoliopsida	Lamiales	Plantaginaceae	Limnophila					
2945421			Viridiplantae	Streptophyta	Magnoliopsida	Ericales	Sapotaceae	Palaquium		Palaquium annamense			
2684401			Viridiplantae	Streptophyta	Magnoliopsida	Lamiales	Lamiaceae	Ajuga		Ajuga forrestii			
3091587			Viridiplantae	Streptophyta	Magnoliopsida	Fabales	Fabaceae	Vachellia		Vachellia harmandiana			
13344			Viridiplantae	Streptophyta	Magnoliopsida	Ericales	Primulaceae	Ardisia					
2906922			Viridiplantae	Streptophyta	Magnoliopsida	Malpighiales	Euphorbiaceae	Acalypha		Acalypha decaryana			
356266			Viridiplantae	Streptophyta	Magnoliopsida	Sapindales	Meliaceae	Astrotrichilia					
126747			Viridiplantae	Streptophyta	Magnoliopsida	Gentianales	Apocynaceae	Cynanchum					
2807057			Viridiplantae	Streptophyta	Magnoliopsida	Sapindales	Sapindaceae	Stadtmannia					
141490			Viridiplantae	Streptophyta	Magnoliopsida	Gentianales	Apocynaceae	Marsdenia					
430986			Viridiplantae	Streptophyta	Magnoliopsida	Sapindales	Rutaceae	Vepris					
43152			Viridiplantae	Streptophyta	Magnoliopsida	Brassicales	Salvadoraceae	Azima					
497608			Viridiplantae	Streptophyta	Magnoliopsida	Magnoliales	Annonaceae	Goniothalamus		Goniothalamus marcanii			
321551			Viridiplantae	Streptophyta	Magnoliopsida	Fabales	Fabaceae	Haematoxylum		Haematoxylum campechianum			
162892			Viridiplantae	Streptophyta	Magnoliopsida	Fabales	Fabaceae	Pterolobium		Pterolobium stellatum			
1387599			Viridiplantae	Streptophyta	Magnoliopsida	Fabales	Fabaceae	Gelrebia		Gelrebia trothae			
1387590			Viridiplantae	Streptophyta	Magnoliopsida	Fabales	Fabaceae	Hultholia		Hultholia mimosoides			
162891			Viridiplantae	Streptophyta	Magnoliopsida	Fabales	Fabaceae	Pterolobium					
191881			Viridiplantae	Streptophyta	Magnoliopsida	Fabales	Fabaceae	Guilandina		Guilandina bonduc			
3395481			Viridiplantae	Streptophyta	Magnoliopsida	Lamiales	Pedaliaceae	Uncarina		Uncarina decaryi			
141547			Viridiplantae	Streptophyta	Magnoliopsida	Gentianales	Apocynaceae	Chonemorpha					
3109068			Viridiplantae	Streptophyta	Magnoliopsida	Fagales	Fagaceae	Castanopsis		Castanopsis purpurella			
79556			Viridiplantae	Streptophyta	Magnoliopsida	Ericales	Lecythidaceae	Barringtonia					
3089690			Viridiplantae	Streptophyta	Magnoliopsida	Rosales	Urticaceae	Laportea		Laportea oligoloba			
4210			Viridiplantae	Streptophyta	Magnoliopsida	Asterales	Asteraceae						
136890			Viridiplantae	Streptophyta	Magnoliopsida	Gentianales	Rubiaceae	Benkara					
1210469			Viridiplantae	Streptophyta	Magnoliopsida	Asparagales	Iridaceae	Eleutherine		Eleutherine bulbosa			
362788			Viridiplantae	Streptophyta	Magnoliopsida	Fabales	Fabaceae	Senna		Senna tora			
153348			Viridiplantae	Streptophyta	Magnoliopsida	Brassicales	Brassicaceae	Lepidium		Lepidium meyenii			
487651			Viridiplantae	Streptophyta	Magnoliopsida	Malpighiales	Phyllanthaceae	Bischofia		Bischofia polycarpa			
1679267			Viridiplantae	Streptophyta	Magnoliopsida	Fabales	Fabaceae	Erythrina		Erythrina stricta			
108356			Viridiplantae	Streptophyta	Magnoliopsida	Malvales	Malvaceae	Sida		Sida abutifolia			
2780144			Viridiplantae	Streptophyta	Magnoliopsida	Malpighiales	Salicaceae	Casearia		Casearia bicolor			
156240			Viridiplantae	Streptophyta	Magnoliopsida	Gentianales	Apocynaceae	Leptadenia					
148627			Viridiplantae	Streptophyta	Magnoliopsida	Gentianales	Gentianaceae	Swertia		Swertia bimaculata			
1045145			Viridiplantae	Streptophyta	Magnoliopsida	Liliales	Smilacaceae	Smilax		Smilax ferox			
283120			Viridiplantae	Streptophyta	Magnoliopsida	Malpighiales	Phyllanthaceae	Flueggea		Flueggea suffruticosa			
124776			Viridiplantae	Streptophyta	Magnoliopsida	Austrobaileyales	Schisandraceae	Illicium		Illicium micranthum			
194891			Viridiplantae	Streptophyta	Polypodiopsida	Polypodiales	Polypodiaceae	Leptochilus		Leptochilus decurrens			
2871245			Viridiplantae	Streptophyta	Magnoliopsida	Malvales	Malvaceae	Helicteres		Helicteres lanceolata			
1357590			Viridiplantae	Streptophyta	Magnoliopsida	Sapindales	Anacardiaceae	Lannea		Lannea coromandelica			
237931			Viridiplantae	Streptophyta	Magnoliopsida	Dipsacales	Adoxaceae	Viburnum		Viburnum cylindricum			
1202404			Viridiplantae	Streptophyta	Magnoliopsida	Magnoliales	Annonaceae	Dasymaschalon		Dasymaschalon rostratum			
182321			Viridiplantae	Streptophyta	Magnoliopsida	Ericales	Theaceae	Schima		Schima wallichii			
117167			Viridiplantae	Streptophyta	Magnoliopsida	Fagales	Juglandaceae	Cyclocarya		Cyclocarya paliurus			
1489472			Viridiplantae	Streptophyta	Magnoliopsida	Fagales	Fagaceae	Castanopsis		Castanopsis piriformis			
152402			Viridiplantae	Streptophyta	Magnoliopsida	Malvales	Dipterocarpaceae	Hopea		Hopea pierrei			
2831162			Viridiplantae	Streptophyta	Magnoliopsida	Malvales	Malvaceae	Sterculia		Sterculia pexa			
4093			Viridiplantae	Streptophyta	Magnoliopsida	Solanales	Solanaceae	Nicotiana		Nicotiana rustica			
1081629			Viridiplantae	Streptophyta	Magnoliopsida	Sapindales	Sapindaceae	Lepisanthes		Lepisanthes tetraphylla			
88731			Viridiplantae	Streptophyta	Pinopsida	Pinales	Pinaceae	Pinus	Pinus subgen. Pinus	Pinus tabuliformis			
141603			Viridiplantae	Streptophyta	Magnoliopsida	Gentianales	Apocynaceae	Plumeria		Plumeria alba			
338488	Bambusodae		Viridiplantae	Streptophyta	Magnoliopsida	Poales	Poaceae	Cephalostachyum		Cephalostachyum virgatum			
2041849			Viridiplantae	Streptophyta	Magnoliopsida	Cucurbitales	Cucurbitaceae	Gynostemma		Gynostemma pubescens			
217505			Viridiplantae	Streptophyta	Magnoliopsida	Asterales	Asteraceae	Sinacalia		Sinacalia tangutica			
256635			Viridiplantae	Streptophyta	Magnoliopsida	Apiales	Araliaceae	Heptapleurum		Heptapleurum leucanthum			
1303697			Viridiplantae	Streptophyta	Magnoliopsida	Rosales	Urticaceae	Laportea		Laportea interrupta			
1735488			Viridiplantae	Streptophyta	Magnoliopsida	Poales	Cyperaceae	Scleria	Scleria subgen. Scleria	Scleria ciliaris			
99434			Viridiplantae	Streptophyta	Magnoliopsida	Myrtales	Combretaceae	Combretum					
501576			Viridiplantae	Streptophyta	Magnoliopsida	Alismatales	Araceae	Amorphophallus		Amorphophallus bulbifer			
340448			Viridiplantae	Streptophyta	Magnoliopsida	Malvales	Dipterocarpaceae	Anisoptera		Anisoptera costata			
665996			Viridiplantae	Streptophyta	Magnoliopsida	Ericales	Ebenaceae	Diospyros		Diospyros cathayensis			
194324			Viridiplantae	Streptophyta	Magnoliopsida	Rosales	Moraceae	Maclura		Maclura cochinchinensis			
97770			Viridiplantae	Streptophyta	Magnoliopsida	Zingiberales	Zingiberaceae	Zingiber		Zingiber ottensii			
63779			Viridiplantae	Streptophyta	Magnoliopsida	Ericales	Balsaminaceae	Impatiens	Impatiens subgen. Impatiens	Impatiens balsamina			
185500			Viridiplantae	Streptophyta	Magnoliopsida	Aquifoliales	Aquifoliaceae	Ilex		Ilex corallina			
552830			Viridiplantae	Streptophyta	Magnoliopsida	Rosales	Rosaceae	Prunus		Prunus dielsiana			
3053917			Viridiplantae	Streptophyta	Magnoliopsida	Gentianales	Gentianaceae	Swertia		Swertia davidii			
210366			Viridiplantae	Streptophyta	Magnoliopsida	Ericales	Symplocaceae	Symplocos		Symplocos setchuensis			
3234318			Viridiplantae	Streptophyta	Magnoliopsida	Santalales	Viscaceae	Viscum		Viscum diospyrosicola			
91213			Viridiplantae	Streptophyta	Magnoliopsida	Fagales	Juglandaceae	Juglans		Juglans cathayensis			
1340886			Viridiplantae	Streptophyta	Magnoliopsida	Ericales	Symplocaceae	Symplocos		Symplocos ramosissima			
1535420			Viridiplantae	Streptophyta	Magnoliopsida	Dipsacales	Caprifoliaceae	Dipsacus		Dipsacus atropurpureus			
32163			Viridiplantae	Streptophyta	Polypodiopsida	Polypodiales	Polypodiaceae	Lepisorus		Lepisorus thunbergianus			
873093			Viridiplantae	Streptophyta	Magnoliopsida	Sapindales	Sapindaceae	Acer		Acer wilsonii			
334475			Viridiplantae	Streptophyta	Magnoliopsida	Myrtales	Myrtaceae	Syzygium		Syzygium buxifolium			
107826			Viridiplantae	Streptophyta	Magnoliopsida	Ericales	Theaceae	Polyspora		Polyspora axillaris			
254021			Viridiplantae	Streptophyta	Magnoliopsida	Caryophyllales	Caryophyllaceae	Stellaria		Stellaria alsine			
705300			Viridiplantae	Streptophyta	Magnoliopsida	Fabales	Fabaceae	Ormosia		Ormosia henryi			
194716			Viridiplantae	Streptophyta	Magnoliopsida	Ericales	Theaceae	Schima		Schima sinensis			
152289			Viridiplantae	Streptophyta	Magnoliopsida	Cornales	Hydrangeaceae	Hydrangea		Hydrangea anomala			
2867515			Viridiplantae	Streptophyta	Magnoliopsida	Dipsacales	Caprifoliaceae	Lonicera		Lonicera ligustrina	Lonicera ligustrina var. pileata		
461633			Viridiplantae	Streptophyta	Magnoliopsida	Ranunculales	Menispermaceae	Stephania		Stephania japonica			
276782			Viridiplantae	Streptophyta	Magnoliopsida	Ericales	Ericaceae	Vaccinium		Vaccinium bracteatum			
1632115			Viridiplantae	Streptophyta	Magnoliopsida	Cornales	Hydrangeaceae	Hydrangea		Hydrangea robusta			
568210			Viridiplantae	Streptophyta	Magnoliopsida	Lamiales	Lamiaceae	Callicarpa		Callicarpa bodinieri			
224355			Viridiplantae	Streptophyta	Magnoliopsida	Fagales	Juglandaceae	Juglans		Juglans sigillata			
291326			Viridiplantae	Streptophyta	Magnoliopsida	Lamiales	Scrophulariaceae	Scrophularia		Scrophularia ningpoensis			
99155			Viridiplantae	Streptophyta	Magnoliopsida	Sapindales	Sapindaceae	Acer		Acer fabri			
668955			Viridiplantae	Streptophyta	Magnoliopsida	Caryophyllales	Polygonaceae	Polygonum		Polygonum suffultum			
126981			Viridiplantae	Streptophyta	Magnoliopsida	Fagales	Betulaceae	Corylus		Corylus ferox			
670324			Viridiplantae	Streptophyta	Magnoliopsida	Fabales	Fabaceae	Pleurolobus		Pleurolobus gangeticus			
3128680			Viridiplantae	Streptophyta	Magnoliopsida	Gentianales	Apocynaceae	Catharanthus		Catharanthus scitulus			
428226			Viridiplantae	Streptophyta	Magnoliopsida	Commelinales	Commelinaceae	Commelina		Commelina diffusa			
100531			Viridiplantae	Streptophyta	Magnoliopsida	Asparagales	Asparagaceae	Dracaena		Dracaena angustifolia			
273619			Viridiplantae	Streptophyta	Magnoliopsida	Proteales	Proteaceae	Faurea		Faurea saligna			
192628	Panicodae		Viridiplantae	Streptophyta	Magnoliopsida	Poales	Poaceae	Setaria		Setaria barbata			
56866			Viridiplantae	Streptophyta	Magnoliopsida	Cucurbitales	Cucurbitaceae	Luffa		Luffa acutangula			
992633			Viridiplantae	Streptophyta	Magnoliopsida	Fabales	Fabaceae	Albizia		Albizia adianthifolia			
205583			Viridiplantae	Streptophyta	Magnoliopsida	Solanales	Solanaceae	Solanum		Solanum stramoniifolium			
28543			Viridiplantae	Streptophyta	Magnoliopsida	Gentianales	Loganiaceae	Mostuea		Mostuea brunonis			
1237825			Viridiplantae	Streptophyta	Magnoliopsida	Malpighiales	Euphorbiaceae	Suregada		Suregada zanzibariensis			
93242			Viridiplantae	Streptophyta	Magnoliopsida	Arecales	Arecaceae	Calamus		Calamus deerratus			
584874	Panicodae		Viridiplantae	Streptophyta	Magnoliopsida	Poales	Poaceae	Cenchrus		Cenchrus unisetus			
479801			Viridiplantae	Streptophyta	Magnoliopsida	Rosales	Moraceae	Ficus		Ficus globosa			
71390			Viridiplantae	Streptophyta	Magnoliopsida	Brassicales	Brassicaceae	Crambe		Crambe kilimandscharica			
110664			Viridiplantae	Streptophyta	Magnoliopsida	Caryophyllales	Talinaceae	Talinum		Talinum fruticosum			
504053			Viridiplantae	Streptophyta	Magnoliopsida	Lamiales	Acanthaceae	Thunbergia		Thunbergia laurifolia			
49793			Viridiplantae	Streptophyta	Magnoliopsida	Fabales	Fabaceae	Anagyris		Anagyris foetida			
309328			Viridiplantae	Streptophyta	Magnoliopsida	Rosales	Moraceae	Ficus		Ficus mucuso			
165066			Viridiplantae	Streptophyta	Magnoliopsida	Gentianales	Rubiaceae	Neonauclea					
136915			Viridiplantae	Streptophyta	Magnoliopsida	Gentianales	Rubiaceae	Tamilnadia		Tamilnadia uliginosa			
336856			Viridiplantae	Streptophyta	Magnoliopsida	Zingiberales	Zingiberaceae	Zingiber		Zingiber montanum			
1499136			Viridiplantae	Streptophyta	Magnoliopsida	Gentianales	Gentianaceae	Gentiana		Gentiana cephalantha			
82407			Viridiplantae	Streptophyta	Magnoliopsida	Malvales	Malvaceae	Grewia					
36624			Viridiplantae	Streptophyta	Magnoliopsida	Rosales	Rosaceae	Rhaphiolepis		Rhaphiolepis indica			
387523			Viridiplantae	Streptophyta	Magnoliopsida	Malpighiales	Passifloraceae	Adenia		Adenia lobata			
2730189			Viridiplantae	Streptophyta	Magnoliopsida	Fabales	Fabaceae	Flemingia		Flemingia congesta			
1233252			Viridiplantae	Streptophyta	Magnoliopsida	Brassicales	Resedaceae	Stixis		Stixis scandens			
58880			Viridiplantae	Streptophyta	Magnoliopsida	Malpighiales	Phyllanthaceae	Phyllanthus					
50543			Viridiplantae	Streptophyta	Magnoliopsida	Cucurbitales	Cucurbitaceae	Trichosanthes		Trichosanthes cucumerina			
170022			Viridiplantae	Streptophyta	Magnoliopsida	Gentianales	Rubiaceae	Mitragyna		Mitragyna diversifolia			
44970			Viridiplantae	Streptophyta	Magnoliopsida	Commelinales	Pontederiaceae	Pontederia	Pontederia subgen. Monochoria	Pontederia hastata			
1898825			Viridiplantae	Streptophyta	Magnoliopsida	Gentianales	Apocynaceae	Gongronema		Gongronema napalense			
289753			Viridiplantae	Streptophyta	Magnoliopsida	Sapindales	Anacardiaceae	Rhus		Rhus chinensis			
228393			Viridiplantae	Streptophyta	Magnoliopsida	Apiales	Araliaceae	Kalopanax		Kalopanax septemlobus			
44586			Viridiplantae	Streptophyta	Magnoliopsida	Apiales	Araliaceae	Panax		Panax notoginseng			
227498			Viridiplantae	Streptophyta	Magnoliopsida	Alismatales	Araceae	Arisaema		Arisaema heterophyllum			
1165883			Viridiplantae	Streptophyta	Magnoliopsida	Gentianales	Apocynaceae	Vincetoxicum		Vincetoxicum paniculatum			
516547			Viridiplantae	Streptophyta	Magnoliopsida	Gentianales	Apocynaceae	Vincetoxicum		Vincetoxicum stauntonii			
253618			Viridiplantae	Streptophyta	Magnoliopsida	Ranunculales	Berberidaceae	Epimedium		Epimedium brevicornu			
82279			Viridiplantae	Streptophyta	Magnoliopsida	Asterales	Campanulaceae	Adenophora		Adenophora stricta			
265784			Viridiplantae	Streptophyta	Magnoliopsida	Asterales	Asteraceae	Artemisia		Artemisia iwayomogi			
4222			Viridiplantae	Streptophyta	Magnoliopsida	Asterales	Asteraceae	Carthamus		Carthamus tinctorius			
147003			Viridiplantae	Streptophyta	Magnoliopsida	Asterales	Asteraceae	Chrysanthemum		Chrysanthemum zawadzkii			
265785			Viridiplantae	Streptophyta	Magnoliopsida	Asterales	Asteraceae	Atractylodes		Atractylodes macrocephala			
119172			Viridiplantae	Streptophyta	Magnoliopsida	Asterales	Asteraceae	Carpesium		Carpesium abrotanoides			
371450			Viridiplantae	Streptophyta	Magnoliopsida	Asterales	Asteraceae	Sigesbeckia		Sigesbeckia glabrescens			
58047			Viridiplantae	Streptophyta	Pinopsida	Cupressales	Taxaceae	Torreya		Torreya grandis			
180066			Viridiplantae	Streptophyta	Magnoliopsida	Dipsacales	Caprifoliaceae	Dipsacus		Dipsacus asperoides			
173280			Viridiplantae	Streptophyta	Gnetopsida	Ephedrales	Ephedraceae	Ephedra		Ephedra equisetina			
80369	Andropogonodae		Viridiplantae	Streptophyta	Magnoliopsida	Poales	Poaceae	Imperata		Imperata cylindrica			
1986534			Viridiplantae	Streptophyta	Magnoliopsida	Lamiales	Lamiaceae	Teucrium		Teucrium veronicoides			
292239			Viridiplantae	Streptophyta	Magnoliopsida	Lamiales	Lamiaceae	Mentha		Mentha arvensis			
228974			Viridiplantae	Streptophyta	Magnoliopsida	Lamiales	Lamiaceae	Thymus		Thymus quinquecostatus			
226208	Salvia incertae sedis		Viridiplantae	Streptophyta	Magnoliopsida	Lamiales	Lamiaceae	Salvia		Salvia miltiorrhiza			
649199			Viridiplantae	Streptophyta	Magnoliopsida	Fabales	Fabaceae	Astragalus		Astragalus membranaceus			
47064			Viridiplantae	Streptophyta	Magnoliopsida	Fabales	Fabaceae	Phyllolobium		Phyllolobium chinense			
2872617			Viridiplantae	Streptophyta	Magnoliopsida	Gentianales	Rubiaceae	Uncaria		Uncaria gambir			
714465			Viridiplantae	Streptophyta	Magnoliopsida	Sapindales	Rutaceae	Dictamnus		Dictamnus dasycarpus			
34190			Viridiplantae	Streptophyta	Magnoliopsida	Asparagales	Asphodelaceae	Hemerocallis		Hemerocallis fulva			
108544			Viridiplantae	Streptophyta	Magnoliopsida	Liliales	Liliaceae	Fritillaria		Fritillaria cirrhosa			
82312			Viridiplantae	Streptophyta	Magnoliopsida	Liliales	Liliaceae	Lilium		Lilium brownii			
3972			Viridiplantae	Streptophyta	Magnoliopsida	Santalales	Viscaceae	Viscum		Viscum album			
54732			Viridiplantae	Streptophyta	Magnoliopsida	Magnoliales	Magnoliaceae	Magnolia		Magnolia kobus			
13441			Viridiplantae	Streptophyta	Magnoliopsida	Ranunculales	Menispermaceae	Cocculus		Cocculus trilobus			
2902606			Viridiplantae	Streptophyta	Magnoliopsida	Ranunculales	Papaveraceae	Corydalis		Corydalis ternata			
83819			Viridiplantae	Streptophyta	Magnoliopsida	Caryophyllales	Polygonaceae	Polygonum		Polygonum cuspidatum			
272675			Viridiplantae	Streptophyta	Polypodiopsida	Polypodiales	Polypodiaceae	Lepisorus		Lepisorus fortuni			
642533			Viridiplantae	Streptophyta	Magnoliopsida	Ericales	Ericaceae	Pyrola		Pyrola japonica			Pyrola japonica f. subaphylla
99292			Viridiplantae	Streptophyta	Magnoliopsida	Rosales	Rhamnaceae	Hovenia		Hovenia dulcis			
97325			Viridiplantae	Streptophyta	Magnoliopsida	Rosales	Rosaceae	Prunus		Prunus jamasakura			
354529			Viridiplantae	Streptophyta	Magnoliopsida	Sapindales	Rutaceae	Zanthoxylum		Zanthoxylum piperitum			
155022			Viridiplantae	Streptophyta	Magnoliopsida	Myrtales	Combretaceae	Terminalia		Terminalia chebula			
153524			Viridiplantae	Streptophyta	Magnoliopsida	Ericales	Styracaceae	Styrax		Styrax benzoin			
1477590			Viridiplantae	Streptophyta	Magnoliopsida	Malvales	Thymelaeaceae	Daphne		Daphne genkwa			
48027			Viridiplantae	Streptophyta	Magnoliopsida	Apiales	Apiaceae	Anthriscus		Anthriscus sylvestris			
204215			Viridiplantae	Streptophyta	Magnoliopsida	Lamiales	Lamiaceae	Vitex		Vitex trifolia			
199627			Viridiplantae	Streptophyta	Magnoliopsida	Zingiberales	Zingiberaceae	Wurfbainia		Wurfbainia villosa			
136218			Viridiplantae	Streptophyta	Magnoliopsida	Zingiberales	Zingiberaceae	Curcuma		Curcuma phaeocaulis			
125261			Viridiplantae	Streptophyta	Magnoliopsida	Zingiberales	Zingiberaceae	Alpinia		Alpinia oxyphylla			
39270			Viridiplantae	Streptophyta	Magnoliopsida	Lamiales	Lamiaceae	Agastache		Agastache mexicana			
86312			Viridiplantae	Streptophyta	Magnoliopsida	Asterales	Asteraceae	Artemisia		Artemisia ludoviciana			
146096			Viridiplantae	Streptophyta	Magnoliopsida	Caryophyllales	Nyctaginaceae	Bougainvillea		Bougainvillea spectabilis			
68535			Viridiplantae	Streptophyta	Magnoliopsida	Sapindales	Rutaceae	Casimiroa		Casimiroa edulis			
55380			Viridiplantae	Streptophyta	Magnoliopsida	Ericales	Polemoniaceae	Cobaea		Cobaea scandens			
41554			Viridiplantae	Streptophyta	Magnoliopsida	Asterales	Asteraceae	Coreopsis		Coreopsis tinctoria			
51277			Viridiplantae	Streptophyta	Magnoliopsida	Asterales	Asteraceae	Cosmos		Cosmos bipinnatus			
504171			Viridiplantae	Streptophyta	Magnoliopsida	Malpighiales	Euphorbiaceae	Croton		Croton aff. incanus BWvE-2008			
312581			Viridiplantae	Streptophyta	Magnoliopsida	Myrtales	Lythraceae	Cuphea		Cuphea ignea			
1072218			Viridiplantae	Streptophyta	Magnoliopsida	Caryophyllales	Chenopodiaceae	Dysphania		Dysphania graveolens			
3398158			Viridiplantae	Streptophyta	Magnoliopsida	Asterales	Asteraceae	Pseudognaphalium		Pseudognaphalium canescens			
76120			Viridiplantae	Streptophyta	Magnoliopsida	Myrtales	Onagraceae	Clarkia		Clarkia amoena			
4121			Viridiplantae	Streptophyta	Magnoliopsida	Solanales	Convolvulaceae	Ipomoea		Ipomoea purpurea			
89664			Viridiplantae	Streptophyta	Magnoliopsida	Solanales	Convolvulaceae	Ipomoea		Ipomoea tricolor			
124857			Viridiplantae	Streptophyta	Magnoliopsida	Sapindales	Anacardiaceae	Amphipterygium		Amphipterygium adstringens			
141992			Viridiplantae	Streptophyta	Magnoliopsida	Lamiales	Acanthaceae	Justicia		Justicia spicigera			
1986359			Viridiplantae	Streptophyta	Magnoliopsida	Lamiales	Verbenaceae	Lippia		Lippia graveolens			
886970			Viridiplantae	Streptophyta	Magnoliopsida	Cucurbitales	Cucurbitaceae	Melothria		Melothria scabra			
3538			Viridiplantae	Streptophyta	Magnoliopsida	Caryophyllales	Nyctaginaceae	Mirabilis		Mirabilis jalapa			
79376			Viridiplantae	Streptophyta	Magnoliopsida	Boraginales	Hydrophyllaceae	Nemophila		Nemophila menziesii			
364022			Viridiplantae	Streptophyta	Magnoliopsida	Fabales	Fabaceae	Neltuma		Neltuma laevigata			
93793			Viridiplantae	Streptophyta	Magnoliopsida	Malvales	Malvaceae	Pseudobombax		Pseudobombax ellipticum			
120290	Pimenta group		Viridiplantae	Streptophyta	Magnoliopsida	Myrtales	Myrtaceae	Psidium		Psidium guajava			
40031			Viridiplantae	Streptophyta	Magnoliopsida	Malpighiales	Rhizophoraceae	Rhizophora		Rhizophora mangle			
396733	Rosoideae incertae sedis		Viridiplantae	Streptophyta	Magnoliopsida	Rosales	Rosaceae	Rosa		Rosa x centifolia			
53728			Viridiplantae	Streptophyta	Magnoliopsida	Asterales	Asteraceae	Ratibida		Ratibida columnifera			
59777			Viridiplantae	Streptophyta	Lycopodiopsida	Selaginellales	Selaginellaceae	Selaginella		Selaginella lepidophylla			
49656			Viridiplantae	Streptophyta	Magnoliopsida	Liliales	Smilacaceae	Smilax					
62884			Viridiplantae	Streptophyta	Magnoliopsida	Sapindales	Meliaceae	Swietenia		Swietenia humilis			
55843			Viridiplantae	Streptophyta	Magnoliopsida	Asterales	Asteraceae	Tagetes		Tagetes patula			
69904			Viridiplantae	Streptophyta	Magnoliopsida	Lamiales	Bignoniaceae	Tecoma		Tecoma stans			
105388			Viridiplantae	Streptophyta	Magnoliopsida	Asterales	Asteraceae	Tithonia		Tithonia rotundifolia			
72368			Viridiplantae	Streptophyta	Magnoliopsida	Fabales	Fabaceae	Vachellia		Vachellia farnesiana			
34245			Viridiplantae	Streptophyta	Magnoliopsida	Asterales	Asteraceae	Zinnia		Zinnia elegans			
122398			Viridiplantae	Streptophyta	Magnoliopsida	Caryophyllales	Nyctaginaceae	Allionia		Allionia incarnata			
454108			Viridiplantae	Streptophyta	Magnoliopsida	Boraginales	Heliotropiaceae	Heliotropium		Heliotropium verdcourtii			
1548320			Viridiplantae	Streptophyta	Magnoliopsida	Asterales	Asteraceae	Anteremanthus		Anteremanthus hatschbachii			
434638			Viridiplantae	Streptophyta	Magnoliopsida	Asterales	Asteraceae	Chresta					
434639			Viridiplantae	Streptophyta	Magnoliopsida	Asterales	Asteraceae	Chresta		Chresta sphaerocephala			
1548333			Viridiplantae	Streptophyta	Magnoliopsida	Asterales	Asteraceae	Chronopappus		Chronopappus bifrons			
1569394			Viridiplantae	Streptophyta	Magnoliopsida	Asterales	Asteraceae	Eremanthus		Eremanthus capitatus			
1569396			Viridiplantae	Streptophyta	Magnoliopsida	Asterales	Asteraceae	Eremanthus		Eremanthus crotonoides			
1569398			Viridiplantae	Streptophyta	Magnoliopsida	Asterales	Asteraceae	Eremanthus		Eremanthus goyazensis			
1569399			Viridiplantae	Streptophyta	Magnoliopsida	Asterales	Asteraceae	Eremanthus		Eremanthus incanus			
1569402			Viridiplantae	Streptophyta	Magnoliopsida	Asterales	Asteraceae	Eremanthus		Eremanthus mollis			
434654			Viridiplantae	Streptophyta	Magnoliopsida	Asterales	Asteraceae	Eremanthus					
1569406			Viridiplantae	Streptophyta	Magnoliopsida	Asterales	Asteraceae	Eremanthus		Eremanthus veadeiroensis			
434683			Viridiplantae	Streptophyta	Magnoliopsida	Asterales	Asteraceae	Heterocoma		Heterocoma lanuginosa			
1548383			Viridiplantae	Streptophyta	Magnoliopsida	Asterales	Asteraceae	Hololepis		Hololepis pedunculata			
1548382			Viridiplantae	Streptophyta	Magnoliopsida	Asterales	Asteraceae	Hololepis					
1548353			Viridiplantae	Streptophyta	Magnoliopsida	Asterales	Asteraceae	Lychnophorella		Lychnophorella bishopii			
41601			Viridiplantae	Streptophyta	Magnoliopsida	Asterales	Asteraceae	Lychnophora					
2586915			Viridiplantae	Streptophyta	Magnoliopsida	Asterales	Asteraceae	Lychnophora		Lychnophora brunioides			
1548356			Viridiplantae	Streptophyta	Magnoliopsida	Asterales	Asteraceae	Lychnophora		Lychnophora candelabrum			
1569409			Viridiplantae	Streptophyta	Magnoliopsida	Asterales	Asteraceae	Lychnophora		Lychnophora crispa			
594550			Viridiplantae	Streptophyta	Magnoliopsida	Asterales	Asteraceae	Lychnophora		Lychnophora diamantinana			
594549			Viridiplantae	Streptophyta	Magnoliopsida	Asterales	Asteraceae	Lychnophora		Lychnophora ericoides			
1569410			Viridiplantae	Streptophyta	Magnoliopsida	Asterales	Asteraceae	Lychnophora		Lychnophora gardneri			
1569411			Viridiplantae	Streptophyta	Magnoliopsida	Asterales	Asteraceae	Lychnophora		Lychnophora granmogolensis			
2586803			Viridiplantae	Streptophyta	Magnoliopsida	Asterales	Asteraceae	Lychnophora		Lychnophora hatschbachii			
1569414	unclassified Lychnophora		Viridiplantae	Streptophyta	Magnoliopsida	Asterales	Asteraceae	Lychnophora		Lychnophora sp. BL-2014b			
1569415			Viridiplantae	Streptophyta	Magnoliopsida	Asterales	Asteraceae	Maschalostachys		Maschalostachys markgrafii			
1548354			Viridiplantae	Streptophyta	Magnoliopsida	Asterales	Asteraceae	Lychnophora		Lychnophora passerina			
437899			Viridiplantae	Streptophyta	Magnoliopsida	Asterales	Asteraceae	Lychnophora		Lychnophora pinaster			
1569419			Viridiplantae	Streptophyta	Magnoliopsida	Asterales	Asteraceae	Lychnophorella		Lychnophorella regis			
3144839			Viridiplantae	Streptophyta	Magnoliopsida	Asterales	Asteraceae	Eremanthus		Eremanthus reticulatus			
375932			Viridiplantae	Streptophyta	Magnoliopsida	Asterales	Asteraceae	Lychnophora		Lychnophora salicifolia			
1569420			Viridiplantae	Streptophyta	Magnoliopsida	Asterales	Asteraceae	Lychnophorella		Lychnophorella santosii			
1569421			Viridiplantae	Streptophyta	Magnoliopsida	Asterales	Asteraceae	Lychnocephalus		Lychnocephalus sellowii			
3144806			Viridiplantae	Streptophyta	Magnoliopsida	Asterales	Asteraceae	Lychnophora		Lychnophora souzae			
1569422			Viridiplantae	Streptophyta	Magnoliopsida	Asterales	Asteraceae	Eremanthus		Eremanthus syncephalus			
41602			Viridiplantae	Streptophyta	Magnoliopsida	Asterales	Asteraceae	Lychnophora		Lychnophora tomentosa			
1569423			Viridiplantae	Streptophyta	Magnoliopsida	Asterales	Asteraceae	Lychnophorella		Lychnophorella triflora			
3144813			Viridiplantae	Streptophyta	Magnoliopsida	Asterales	Asteraceae	Lychnophora		Lychnophora uniflora			
1569424			Viridiplantae	Streptophyta	Magnoliopsida	Asterales	Asteraceae	Lychnophora		Lychnophora villosissima			
1569425			Viridiplantae	Streptophyta	Magnoliopsida	Asterales	Asteraceae	Lychnophora		Lychnophora damazioi			
1548358			Viridiplantae	Streptophyta	Magnoliopsida	Asterales	Asteraceae	Minasia		Minasia alpestris			
1569429			Viridiplantae	Streptophyta	Magnoliopsida	Asterales	Asteraceae	Minasia		Minasia scapigera			
1569432			Viridiplantae	Streptophyta	Magnoliopsida	Asterales	Asteraceae	Paralychnophora		Paralychnophora bicolor			
1569433			Viridiplantae	Streptophyta	Magnoliopsida	Asterales	Asteraceae	Paralychnophora		Paralychnophora harleyi			
1569435			Viridiplantae	Streptophyta	Magnoliopsida	Asterales	Asteraceae	Paralychnophora		Paralychnophora reflexoauriculata			
1548365			Viridiplantae	Streptophyta	Magnoliopsida	Asterales	Asteraceae	Piptolepis					
3144816			Viridiplantae	Streptophyta	Magnoliopsida	Asterales	Asteraceae	Piptolepis		Piptolepis campestris			
1227255			Viridiplantae	Streptophyta	Magnoliopsida	Asterales	Asteraceae	Proteopsis					
1227256			Viridiplantae	Streptophyta	Magnoliopsida	Asterales	Asteraceae	Proteopsis		Proteopsis argentea			
1548371	Asteraceae incertae sedis		Viridiplantae	Streptophyta	Magnoliopsida	Asterales	Asteraceae	Soaresia					
1548372	Asteraceae incertae sedis		Viridiplantae	Streptophyta	Magnoliopsida	Asterales	Asteraceae	Soaresia		Soaresia velutina			
28911			Viridiplantae	Streptophyta	Magnoliopsida	Asparagales	Amaryllidaceae	Allium		Allium cepa	Allium cepa var. aggregatum		
885948			Viridiplantae	Streptophyta	Magnoliopsida	Malvales	Thymelaeaceae	Daphne		Daphne tangutica			
546994			Viridiplantae	Streptophyta	Magnoliopsida	Malvales	Thymelaeaceae	Daphne		Daphne bholua			
66679			Viridiplantae	Streptophyta	Magnoliopsida	Malvales	Thymelaeaceae	Daphne					
2753873			Viridiplantae	Streptophyta	Magnoliopsida	Malvales	Thymelaeaceae	Daphne		Daphne feddei			
142694			Viridiplantae	Streptophyta	Magnoliopsida	Malvales	Thymelaeaceae	Daphne		Daphne gemmata			
1799574			Viridiplantae	Streptophyta	Magnoliopsida	Malvales	Thymelaeaceae	Daphne		Daphne giraldii			
2753872			Viridiplantae	Streptophyta	Magnoliopsida	Malvales	Thymelaeaceae	Daphne		Daphne acutiloba			
2918710			Viridiplantae	Streptophyta	Magnoliopsida	Malvales	Thymelaeaceae	Daphne		Daphne aurantiaca			
2294054			Viridiplantae	Streptophyta	Magnoliopsida	Malvales	Thymelaeaceae	Daphne		Daphne retusa			
2715869			Viridiplantae	Streptophyta	Magnoliopsida	Malvales	Thymelaeaceae	Daphne		Daphne papyracea			
232789			Viridiplantae	Streptophyta	Magnoliopsida	Malvales	Thymelaeaceae	Daphne		Daphne kiusiana	Daphne kiusiana var. atrocaulis		
3039610			Viridiplantae	Streptophyta	Magnoliopsida	Malvales	Thymelaeaceae	Daphne		Daphne holosericea			
2803973			Viridiplantae	Streptophyta	Magnoliopsida	Malvales	Thymelaeaceae	Daphne		Daphne depauperata			
329675			Viridiplantae	Streptophyta	Magnoliopsida	Malvales	Thymelaeaceae	Daphne		Daphne odora			
1436305			Viridiplantae	Streptophyta	Magnoliopsida	Malvales	Thymelaeaceae	Daphne		Daphne jezoensis			
885954			Viridiplantae	Streptophyta	Magnoliopsida	Malvales	Thymelaeaceae	Daphne		Daphne pseudomezereum			
3039615			Viridiplantae	Streptophyta	Magnoliopsida	Malvales	Thymelaeaceae	Daphne		Daphne pontica			
885951			Viridiplantae	Streptophyta	Magnoliopsida	Malvales	Thymelaeaceae	Wikstroemia		Wikstroemia dolichantha			
142693			Viridiplantae	Streptophyta	Magnoliopsida	Malvales	Thymelaeaceae	Wikstroemia					
2778427			Viridiplantae	Streptophyta	Magnoliopsida	Malvales	Thymelaeaceae	Wikstroemia		Wikstroemia scytophylla			
2856862			Viridiplantae	Streptophyta	Magnoliopsida	Malvales	Thymelaeaceae	Wikstroemia		Wikstroemia pilosa			
2291177			Viridiplantae	Streptophyta	Magnoliopsida	Malvales	Thymelaeaceae	Wikstroemia		Wikstroemia ligustrina			
714517			Viridiplantae	Streptophyta	Magnoliopsida	Malvales	Thymelaeaceae	Wikstroemia		Wikstroemia indica			
2778425			Viridiplantae	Streptophyta	Magnoliopsida	Malvales	Thymelaeaceae	Wikstroemia		Wikstroemia alternifolia			
3069093			Viridiplantae	Streptophyta	Magnoliopsida	Malvales	Thymelaeaceae	Wikstroemia		Wikstroemia lichiangensis			
885953			Viridiplantae	Streptophyta	Magnoliopsida	Malvales	Thymelaeaceae	Wikstroemia		Wikstroemia stenophylla			
1009509			Viridiplantae	Streptophyta	Magnoliopsida	Malvales	Thymelaeaceae	Wikstroemia		Wikstroemia nutans			
2291178			Viridiplantae	Streptophyta	Magnoliopsida	Malvales	Thymelaeaceae	Wikstroemia		Wikstroemia micrantha			
885950			Viridiplantae	Streptophyta	Magnoliopsida	Malvales	Thymelaeaceae	Wikstroemia		Wikstroemia delavayi			
2856863			Viridiplantae	Streptophyta	Magnoliopsida	Malvales	Thymelaeaceae	Wikstroemia		Wikstroemia trichotoma			
2203444			Viridiplantae	Streptophyta	Magnoliopsida	Malvales	Thymelaeaceae	Edgeworthia		Edgeworthia gardneri			
2219189			Viridiplantae	Streptophyta	Magnoliopsida	Malvales	Thymelaeaceae	Edgeworthia		Edgeworthia albiflora			
142181			Viridiplantae	Streptophyta	Magnoliopsida	Malvales	Thymelaeaceae	Edgeworthia		Edgeworthia chrysantha			
142738			Viridiplantae	Streptophyta	Magnoliopsida	Malvales	Thymelaeaceae	Stellera		Stellera chamaejasme			
72386			Viridiplantae	Streptophyta	Magnoliopsida	Asterales	Asteraceae	Artemisia		Artemisia arborescens			
282722			Viridiplantae	Streptophyta	Magnoliopsida	Asterales	Asteraceae	Achillea		Achillea biebersteinii			
43879			Viridiplantae	Streptophyta	Magnoliopsida	Sapindales	Nitrariaceae	Peganum		Peganum harmala			
4326			Viridiplantae	Streptophyta	Magnoliopsida	Brassicales	Salvadoraceae	Salvadora		Salvadora persica			
298661			Viridiplantae	Streptophyta	Magnoliopsida	Sapindales	Anacardiaceae	Rhus		Rhus coriaria			
4136			Viridiplantae	Streptophyta	Magnoliopsida	Lamiales	Lamiaceae						
434234			Viridiplantae	Streptophyta	Magnoliopsida	Sapindales	Anacardiaceae	Pistacia		Pistacia atlantica			
39344			Viridiplantae	Streptophyta	Magnoliopsida	Lamiales	Lamiaceae	Monarda		Monarda fistulosa			
2878271			Viridiplantae	Streptophyta	Magnoliopsida	Lamiales	Lamiaceae	Thymus		Thymus camphoratus			
165317			Viridiplantae	Streptophyta	Magnoliopsida	Lamiales	Plantaginaceae	Veronica	Veronica subgen. Pseudolysimachium	Veronica longifolia			
49211	Salvia incertae sedis		Viridiplantae	Streptophyta	Magnoliopsida	Lamiales	Lamiaceae	Salvia		Salvia glutinosa			
38860			Viridiplantae	Streptophyta	Magnoliopsida	Lamiales	Lamiaceae	Mentha		Mentha suaveolens			
1534716			Viridiplantae	Streptophyta	Magnoliopsida	Lamiales	Scrophulariaceae	Verbascum		Verbascum densiflorum			
415814			Viridiplantae	Streptophyta	Magnoliopsida	Brassicales	Resedaceae	Reseda		Reseda media			
29719			Viridiplantae	Streptophyta	Magnoliopsida	Lamiales	Lamiaceae	Mentha		Mentha spicata			
141305			Viridiplantae	Streptophyta	Magnoliopsida	Lamiales	Acanthaceae	Fittonia		Fittonia albivenis			
1591070			Viridiplantae	Streptophyta	Magnoliopsida	Caryophyllales	Amaranthaceae	Alternanthera		Alternanthera bettzickiana			
52858			Viridiplantae	Streptophyta	Magnoliopsida	Gentianales	Apocynaceae	Strophanthus					
174181			Viridiplantae	Streptophyta	Magnoliopsida	Alismatales	Araceae	Aglaonema					
13187			Viridiplantae	Streptophyta	Magnoliopsida	Rosales	Urticaceae	Parietaria		Parietaria officinalis			
78377			Viridiplantae	Streptophyta	Magnoliopsida	Alismatales	Araceae	Anthurium					
78380			Viridiplantae	Streptophyta	Magnoliopsida	Alismatales	Araceae	Epipremnum		Epipremnum aureum			
405628			Viridiplantae	Streptophyta	Magnoliopsida	Alismatales	Araceae	Philodendron		Philodendron verrucosum			
85269			Viridiplantae	Streptophyta	Magnoliopsida	Alismatales	Araceae	Spathiphyllum		Spathiphyllum wallisii			
201273			Viridiplantae	Streptophyta	Magnoliopsida	Alismatales	Araceae	Syngonium					
28478			Viridiplantae	Streptophyta	Magnoliopsida	Alismatales	Araceae	Xanthosoma		Xanthosoma sagittifolium			
1971483			Viridiplantae	Streptophyta	Magnoliopsida	Lamiales	Bignoniaceae	Parmentiera		Parmentiera aculeata			
165318			Viridiplantae	Streptophyta	Magnoliopsida	Lamiales	Plantaginaceae	Veronica	Veronica subgen. Pseudolysimachium	Veronica spicata			
983927			Viridiplantae	Streptophyta	Magnoliopsida	Caryophyllales	Cactaceae	Epiphyllum					
255331			Viridiplantae	Streptophyta	Magnoliopsida	Commelinales	Commelinaceae	Tradescantia		Tradescantia fluminensis			
168180			Viridiplantae	Streptophyta	Magnoliopsida	Zingiberales	Costaceae	Costus		Costus dubius			
4611	C4 Cyperus incertae sedis		Viridiplantae	Streptophyta	Magnoliopsida	Poales	Cyperaceae	Cyperus	Cyperus subgen. Cyperus	Cyperus alternifolius			
84614			Viridiplantae	Streptophyta	Polypodiopsida	Polypodiales	Dryopteridaceae	Cyrtomium		Cyrtomium falcatum			
36776			Viridiplantae	Streptophyta	Magnoliopsida	Rosales	Elaeagnaceae	Elaeagnus					
72381			Viridiplantae	Streptophyta	Magnoliopsida	Fabales	Fabaceae	Brownea		Brownea coccinea			
943305			Viridiplantae	Streptophyta	Magnoliopsida	Malvales	Malvaceae	Pachira		Pachira insignis			
210060			Viridiplantae	Streptophyta	Magnoliopsida	Zingiberales	Marantaceae	Maranta		Maranta arundinacea			
3002674			Viridiplantae	Streptophyta	Magnoliopsida	Saxifragales	Crassulaceae	Petrosedum		Petrosedum forsterianum			
118937			Viridiplantae	Streptophyta	Magnoliopsida	Fabales	Fabaceae	Lotus		Lotus maritimus			
996481			Viridiplantae	Streptophyta	Magnoliopsida	Lamiales	Plantaginaceae	Veronica	Veronica subgen. Pseudolysimachium	Veronica orchidea			
282549			Viridiplantae	Streptophyta	Magnoliopsida	Malpighiales	Hypericaceae	Hypericum		Hypericum olympicum			
55960			Viridiplantae	Streptophyta	Magnoliopsida	Asparagales	Asparagaceae	Yucca		Yucca filamentosa			
446321			Viridiplantae	Streptophyta	Magnoliopsida	Malvales	Malvaceae	Althaea		Althaea armeniaca			
46087			Viridiplantae	Streptophyta	Magnoliopsida	Caryophyllales	Polygonaceae	Rheum		Rheum rhaponticum			
764929			Viridiplantae	Streptophyta	Magnoliopsida	Lamiales	Scrophulariaceae	Scrophularia		Scrophularia marilandica			
203008			Viridiplantae	Streptophyta	Magnoliopsida	Saxifragales	Crassulaceae	Rhodiola		Rhodiola kirilowii			
1533341			Viridiplantae	Streptophyta	Magnoliopsida	Asterales	Asteraceae	Leuzea		Leuzea rhapontica			
885526			Viridiplantae	Streptophyta	Magnoliopsida	Saxifragales	Saxifragaceae	Bergenia		Bergenia crassifolia	Bergenia crassifolia var. cordifolia		
1483217			Viridiplantae	Streptophyta	Magnoliopsida	Lamiales	Plantaginaceae	Veronica	Veronica subgen. Pentasepalae	Veronica teucrium			
401011			Viridiplantae	Streptophyta	Magnoliopsida	Malpighiales	Hypericaceae	Hypericum		Hypericum hookerianum			
3389			Viridiplantae	Streptophyta	Gnetopsida	Ephedrales	Ephedraceae	Ephedra		Ephedra distachya			
3028061			Viridiplantae	Streptophyta	Magnoliopsida	Asterales	Asteraceae	Leuzea		Leuzea cynaroides			
185773			Viridiplantae	Streptophyta	Magnoliopsida	Lamiales	Acanthaceae	Acanthus		Acanthus longifolius			
101744			Viridiplantae	Streptophyta	Magnoliopsida	Lamiales	Acanthaceae	Acanthus		Acanthus spinosus			
165630			Viridiplantae	Streptophyta	Magnoliopsida	Asparagales	Amaryllidaceae	Allium		Allium ledebourianum			
20400			Viridiplantae	Streptophyta	Magnoliopsida	Fabales	Fabaceae	Astragalus					
13444			Viridiplantae	Streptophyta	Magnoliopsida	Liliales	Colchicaceae	Colchicum					
4163			Viridiplantae	Streptophyta	Magnoliopsida	Lamiales	Plantaginaceae	Digitalis					
43070			Viridiplantae	Streptophyta	Magnoliopsida	Apiales	Apiaceae	Eryngium					
171909			Viridiplantae	Streptophyta	Magnoliopsida	Ranunculales	Ranunculaceae	Helleborus		Helleborus argutifolius			
26378			Viridiplantae	Streptophyta	Magnoliopsida	Asparagales	Iridaceae	Iris					
182388			Viridiplantae	Streptophyta	Magnoliopsida	Lamiales	Lamiaceae	Monarda		Monarda russeliana			
1279143			Viridiplantae	Streptophyta	Magnoliopsida	Lamiales	Plantaginaceae	Penstemon		Penstemon calycosus			
39356			Viridiplantae	Streptophyta	Magnoliopsida	Lamiales	Lamiaceae	Prunella		Prunella grandiflora			
362644			Viridiplantae	Streptophyta	Magnoliopsida	Asterales	Asteraceae	Rhaponticum		Rhaponticum scariosum			
1533357			Viridiplantae	Streptophyta	Magnoliopsida	Caryophyllales	Polygonaceae	Rumex		Rumex stenophyllus			
180561			Viridiplantae	Streptophyta	Magnoliopsida	Dipsacales	Caprifoliaceae	Scabiosa		Scabiosa columbaria			
640776			Viridiplantae	Streptophyta	Magnoliopsida	Ranunculales	Papaveraceae	Macleaya		Macleaya microcarpa			
4686			Viridiplantae	Streptophyta	Magnoliopsida	Asparagales	Asparagaceae	Asparagus		Asparagus officinalis			
56857			Viridiplantae	Streptophyta	Magnoliopsida	Ranunculales	Papaveraceae	Macleaya		Macleaya cordata			
183573			Viridiplantae	Streptophyta	Magnoliopsida	Dipsacales	Caprifoliaceae	Scabiosa		Scabiosa japonica			
40707			Viridiplantae	Streptophyta	Magnoliopsida	Saxifragales	Paeoniaceae	Paeonia		Paeonia delavayi			
83862			Viridiplantae	Streptophyta	Magnoliopsida	Fabales	Fabaceae	Astragalus		Astragalus glycyphyllos			
97037			Viridiplantae	Streptophyta	Magnoliopsida	Fabales	Fabaceae	Trifolium		Trifolium rubens			
43071			Viridiplantae	Streptophyta	Magnoliopsida	Apiales	Apiaceae	Eryngium		Eryngium planum			
3444			Viridiplantae	Streptophyta	Magnoliopsida	Ranunculales	Ranunculaceae	Nigella		Nigella damascena			
171898			Viridiplantae	Streptophyta	Magnoliopsida	Ranunculales	Ranunculaceae	Helleborus		Helleborus orientalis			
452791			Viridiplantae	Streptophyta	Magnoliopsida	Sapindales	Rutaceae	Ruta		Ruta corsica			
266085			Viridiplantae	Streptophyta	Magnoliopsida	Sapindales	Rutaceae	Ruta		Ruta montana			
112591			Viridiplantae	Streptophyta	Magnoliopsida	Ranunculales	Ranunculaceae	Aconitum		Aconitum napellus			
46348			Viridiplantae	Streptophyta	Magnoliopsida	Fabales	Fabaceae	Glycyrrhiza		Glycyrrhiza echinata			
1284457			Viridiplantae	Streptophyta	Magnoliopsida	Asterales	Asteraceae	Leuzea		Leuzea centauroides			
52299			Viridiplantae	Streptophyta	Magnoliopsida	Asterales	Asteraceae	Rudbeckia		Rudbeckia hirta			
52310			Viridiplantae	Streptophyta	Magnoliopsida	Asterales	Asteraceae	Rudbeckia		Rudbeckia laciniata			
74900			Viridiplantae	Streptophyta	Magnoliopsida	Asparagales	Amaryllidaceae	Allium		Allium schoenoprasum			
133233			Viridiplantae	Streptophyta	Magnoliopsida	Asterales	Asteraceae	Achillea		Achillea ptarmica			
53749			Viridiplantae	Streptophyta	Magnoliopsida	Asterales	Asteraceae	Echinacea		Echinacea pallida			
308558			Viridiplantae	Streptophyta	Magnoliopsida	Asterales	Asteraceae	Echinacea		Echinacea angustifolia			
2798889			Viridiplantae	Streptophyta	Magnoliopsida	Lamiales	Lamiaceae	Scutellaria		Scutellaria rubicunda			
155258			Viridiplantae	Streptophyta	Magnoliopsida	Lamiales	Lamiaceae	Sideritis		Sideritis pungens			
53168			Viridiplantae	Streptophyta	Magnoliopsida	Lamiales	Lamiaceae	Scutellaria		Scutellaria altissima			
182379			Viridiplantae	Streptophyta	Magnoliopsida	Lamiales	Lamiaceae	Monarda		Monarda citriodora			
3816			Viridiplantae	Streptophyta	Magnoliopsida	Fabales	Fabaceae	Abrus		Abrus precatorius			
499986			Viridiplantae	Streptophyta	Magnoliopsida	Fabales	Fabaceae	Acacia		Acacia crassicarpa			
1590841			Viridiplantae	Streptophyta	Magnoliopsida	Ericales	Actinidiaceae	Actinidia		Actinidia chinensis	Actinidia chinensis var. chinensis		
3517			Viridiplantae	Streptophyta	Magnoliopsida	Fagales	Betulaceae	Alnus		Alnus glutinosa			
29722			Viridiplantae	Streptophyta	Magnoliopsida	Caryophyllales	Amaranthaceae	Amaranthus		Amaranthus tricolor			
4212			Viridiplantae	Streptophyta	Magnoliopsida	Asterales	Asteraceae	Ambrosia		Ambrosia artemisiifolia			
175694			Viridiplantae	Streptophyta	Magnoliopsida	Lamiales	Acanthaceae	Andrographis		Andrographis paniculata			
218851			Viridiplantae	Streptophyta	Magnoliopsida	Ranunculales	Ranunculaceae	Aquilegia		Aquilegia coerulea			
81972			Viridiplantae	Streptophyta	Magnoliopsida	Brassicales	Brassicaceae	Arabidopsis		Arabidopsis lyrata		Arabidopsis lyrata subsp. lyrata	
50452			Viridiplantae	Streptophyta	Magnoliopsida	Brassicales	Brassicaceae	Arabis		Arabis alpina			
130454			Viridiplantae	Streptophyta	Magnoliopsida	Fabales	Fabaceae	Arachis		Arachis ipaensis			
217475			Viridiplantae	Streptophyta	Magnoliopsida	Fabales	Fabaceae	Arachis		Arachis stenosperma			
171875			Viridiplantae	Streptophyta	Magnoliopsida	Piperales	Aristolochiaceae	Aristolochia		Aristolochia californica			
158543			Viridiplantae	Streptophyta	Magnoliopsida	Piperales	Aristolochiaceae	Aristolochia		Aristolochia fimbriata			
167791			Viridiplantae	Streptophyta	Magnoliopsida	Fabales	Fabaceae	Bauhinia		Bauhinia variegata			
52824			Viridiplantae	Streptophyta	Magnoliopsida	Brassicales	Brassicaceae	Brassica		Brassica carinata			
69181			Viridiplantae	Streptophyta	Magnoliopsida	Brassicales	Brassicaceae	Brassica		Brassica cretica			
3708			Viridiplantae	Streptophyta	Magnoliopsida	Brassicales	Brassicaceae	Brassica		Brassica napus			
1813537			Viridiplantae	Streptophyta	Magnoliopsida	Brassicales	Brassicaceae	Brassica		Brassica rapa		Brassica rapa subsp. trilocularis	
90675			Viridiplantae	Streptophyta	Magnoliopsida	Brassicales	Brassicaceae	Camelina		Camelina sativa			
3824			Viridiplantae	Streptophyta	Magnoliopsida	Fabales	Fabaceae	Canavalia		Canavalia gladiata			
33114			Viridiplantae	Streptophyta	Magnoliopsida	Solanales	Solanaceae	Capsicum		Capsicum baccatum			
80379			Viridiplantae	Streptophyta	Magnoliopsida	Solanales	Solanaceae	Capsicum		Capsicum chinense			
60419			Viridiplantae	Streptophyta	Magnoliopsida	Fagales	Fagaceae	Castanea		Castanea mollissima			
114280			Viridiplantae	Streptophyta	Magnoliopsida	Asterales	Asteraceae	Cichorium		Cichorium endivia			
252529			Viridiplantae	Streptophyta	Magnoliopsida	Cucurbitales	Cucurbitaceae	Citrullus		Citrullus colocynthis			
93759			Viridiplantae	Streptophyta	Magnoliopsida	Malvales	Malvaceae	Corchorus		Corchorus olitorius			
3830			Viridiplantae	Streptophyta	Magnoliopsida	Fabales	Fabaceae	Crotalaria		Crotalaria pallida			
3369			Viridiplantae	Streptophyta	Pinopsida	Cupressales	Cupressaceae	Cryptomeria		Cryptomeria japonica			
1194695			Viridiplantae	Streptophyta	Magnoliopsida	Cucurbitales	Cucurbitaceae	Cucumis		Cucumis melo	Cucumis melo var. makuwa	Cucumis melo subsp. agrestis	
1094858			Viridiplantae	Streptophyta	Magnoliopsida	Cucurbitales	Cucurbitaceae	Cucurbita		Cucurbita argyrosperma		Cucurbita argyrosperma subsp. argyrosperma	
37648			Viridiplantae	Streptophyta	Magnoliopsida	Cucurbitales	Cucurbitaceae	Cucurbita		Cucurbita argyrosperma		Cucurbita argyrosperma subsp. sororia	
3661			Viridiplantae	Streptophyta	Magnoliopsida	Cucurbitales	Cucurbitaceae	Cucurbita		Cucurbita maxima			
3662			Viridiplantae	Streptophyta	Magnoliopsida	Cucurbitales	Cucurbitaceae	Cucurbita		Cucurbita moschata			
3664			Viridiplantae	Streptophyta	Magnoliopsida	Cucurbitales	Cucurbitaceae	Cucurbita		Cucurbita pepo		Cucurbita pepo subsp. pepo	
79200			Viridiplantae	Streptophyta	Magnoliopsida	Apiales	Apiaceae	Daucus		Daucus carota		Daucus carota subsp. sativus	
888268	Panicodae		Viridiplantae	Streptophyta	Magnoliopsida	Poales	Poaceae	Dichanthelium		Dichanthelium oligosanthes			
55363			Viridiplantae	Streptophyta	Magnoliopsida	Ericales	Ebenaceae	Diospyros		Diospyros lotus			
43782			Viridiplantae	Streptophyta	Magnoliopsida	Sapindales	Sapindaceae	Dipteronia		Dipteronia sinensis			
77055			Viridiplantae	Streptophyta	Magnoliopsida	Malpighiales	Salicaceae	Dovyalis		Dovyalis caffra			
191504			Viridiplantae	Streptophyta	Magnoliopsida	Poales	Poaceae	Eleusine		Eleusine coracana		Eleusine coracana subsp. coracana	
38414			Viridiplantae	Streptophyta	Magnoliopsida	Poales	Poaceae	Eragrostis		Eragrostis curvula			
72917			Viridiplantae	Streptophyta	Magnoliopsida	Asterales	Asteraceae	Erigeron		Erigeron canadensis			
29727			Viridiplantae	Streptophyta	Magnoliopsida	Brassicales	Brassicaceae	Eruca		Eruca vesicaria		Eruca vesicaria subsp. sativa	
71139			Viridiplantae	Streptophyta	Magnoliopsida	Myrtales	Myrtaceae	Eucalyptus		Eucalyptus grandis			
101020			Viridiplantae	Streptophyta	Magnoliopsida	Rosales	Rosaceae	Fragaria		Fragaria vesca		Fragaria vesca subsp. vesca	
3848			Viridiplantae	Streptophyta	Magnoliopsida	Fabales	Fabaceae	Glycine	Glycine subgen. Soja	Glycine soja			
47600			Viridiplantae	Streptophyta	Magnoliopsida	Malvales	Malvaceae	Gossypium		Gossypium anomalum			
34290			Viridiplantae	Streptophyta	Magnoliopsida	Malvales	Malvaceae	Gossypium		Gossypium aridum			
34283			Viridiplantae	Streptophyta	Magnoliopsida	Malvales	Malvaceae	Gossypium		Gossypium armourianum			
47621			Viridiplantae	Streptophyta	Magnoliopsida	Malvales	Malvaceae	Gossypium		Gossypium australe			
3634			Viridiplantae	Streptophyta	Magnoliopsida	Malvales	Malvaceae	Gossypium		Gossypium barbadense			
34276			Viridiplantae	Streptophyta	Magnoliopsida	Malvales	Malvaceae	Gossypium		Gossypium darwinii			
34287			Viridiplantae	Streptophyta	Magnoliopsida	Malvales	Malvaceae	Gossypium		Gossypium davidsonii			
34282			Viridiplantae	Streptophyta	Magnoliopsida	Malvales	Malvaceae	Gossypium		Gossypium gossypioides			
34286			Viridiplantae	Streptophyta	Magnoliopsida	Malvales	Malvaceae	Gossypium		Gossypium klotzschianum			
34289			Viridiplantae	Streptophyta	Magnoliopsida	Malvales	Malvaceae	Gossypium		Gossypium lobatum			
34275			Viridiplantae	Streptophyta	Magnoliopsida	Malvales	Malvaceae	Gossypium		Gossypium mustelinum			
29730			Viridiplantae	Streptophyta	Magnoliopsida	Malvales	Malvaceae	Gossypium		Gossypium raimondii			
47602			Viridiplantae	Streptophyta	Magnoliopsida	Malvales	Malvaceae	Gossypium		Gossypium stocksii			
34277			Viridiplantae	Streptophyta	Magnoliopsida	Malvales	Malvaceae	Gossypium		Gossypium tomentosum			
34281			Viridiplantae	Streptophyta	Magnoliopsida	Malvales	Malvaceae	Gossypium		Gossypium trilobum			
112509	Triticodae		Viridiplantae	Streptophyta	Magnoliopsida	Poales	Poaceae	Hordeum		Hordeum vulgare		Hordeum vulgare subsp. vulgare	
185542			Viridiplantae	Streptophyta	Magnoliopsida	Aquifoliales	Aquifoliaceae	Ilex		Ilex paraguariensis			
35885			Viridiplantae	Streptophyta	Magnoliopsida	Solanales	Convolvulaceae	Ipomoea		Ipomoea triloba			
13579			Viridiplantae	Streptophyta	Magnoliopsida	Poales	Juncaceae	Juncus		Juncus effusus			
75948			Viridiplantae	Streptophyta	Magnoliopsida	Asterales	Asteraceae	Lactuca		Lactuca saligna			
586398			Viridiplantae	Streptophyta	Magnoliopsida	Malpighiales	Linaceae	Linum		Linum trigynum			
63359			Viridiplantae	Streptophyta	Magnoliopsida	Saxifragales	Altingiaceae	Liquidambar		Liquidambar formosana			
4522	Poodae		Viridiplantae	Streptophyta	Magnoliopsida	Poales	Poaceae	Lolium		Lolium perenne			
89674	Poodae		Viridiplantae	Streptophyta	Magnoliopsida	Poales	Poaceae	Lolium		Lolium rigidum			
3870			Viridiplantae	Streptophyta	Magnoliopsida	Fabales	Fabaceae	Lupinus		Lupinus albus			
3873			Viridiplantae	Streptophyta	Magnoliopsida	Fabales	Fabaceae	Lupinus		Lupinus luteus			
60698			Viridiplantae	Streptophyta	Magnoliopsida	Proteales	Proteaceae	Macadamia		Macadamia integrifolia			
397392			Viridiplantae	Streptophyta	Magnoliopsida	Santalales	Ximeniaceae	Malania		Malania oleifera			
3752			Viridiplantae	Streptophyta	Magnoliopsida	Rosales	Rosaceae	Malus		Malus sylvestris			
154761	Andropogonodae		Viridiplantae	Streptophyta	Magnoliopsida	Poales	Poaceae	Miscanthus		Miscanthus floridulus			
214697			Viridiplantae	Streptophyta	Magnoliopsida	Zingiberales	Musaceae	Musa		Musa acuminata			
49451			Viridiplantae	Streptophyta	Magnoliopsida	Solanales	Solanaceae	Nicotiana		Nicotiana attenuata			
4096			Viridiplantae	Streptophyta	Magnoliopsida	Solanales	Solanaceae	Nicotiana		Nicotiana sylvestris			
4098			Viridiplantae	Streptophyta	Magnoliopsida	Solanales	Solanaceae	Nicotiana		Nicotiana tomentosiformis			
561372			Viridiplantae	Streptophyta	Magnoliopsida	Cornales	Nyssaceae	Nyssa		Nyssa sinensis			
158383			Viridiplantae	Streptophyta	Magnoliopsida	Lamiales	Oleaceae	Olea		Olea europaea		Olea europaea subsp. europaea	
4538			Viridiplantae	Streptophyta	Magnoliopsida	Poales	Poaceae	Oryza		Oryza glaberrima			
39946	Oryza sativa Indica Group		Viridiplantae	Streptophyta	Magnoliopsida	Poales	Poaceae	Oryza		Oryza sativa			
39947	Oryza sativa Japonica Group		Viridiplantae	Streptophyta	Magnoliopsida	Poales	Poaceae	Oryza		Oryza sativa			
206008	Panicodae		Viridiplantae	Streptophyta	Magnoliopsida	Poales	Poaceae	Panicum		Panicum hallii			
4540	Panicodae		Viridiplantae	Streptophyta	Magnoliopsida	Poales	Poaceae	Panicum		Panicum miliaceum			
357465			Viridiplantae	Streptophyta	Magnoliopsida	Ranunculales	Papaveraceae	Papaver		Papaver armeniacum			
357466			Viridiplantae	Streptophyta	Magnoliopsida	Ranunculales	Papaveraceae	Papaver		Papaver atlanticum			
215227			Viridiplantae	Streptophyta	Magnoliopsida	Ranunculales	Papaveraceae	Papaver		Papaver bracteatum			
74823			Viridiplantae	Streptophyta	Magnoliopsida	Ranunculales	Papaveraceae	Papaver		Papaver nudicaule			
547442	Andropogonodae		Viridiplantae	Streptophyta	Magnoliopsida	Poales	Poaceae	Paspalum		Paspalum notatum	Paspalum notatum var. saurae		
158149	Andropogonodae		Viridiplantae	Streptophyta	Magnoliopsida	Poales	Poaceae	Paspalum		Paspalum vaginatum			
586722			Viridiplantae	Streptophyta	Magnoliopsida	Lamiales	Paulowniaceae	Paulownia		Paulownia fortunei			
160366			Viridiplantae	Streptophyta	Magnoliopsida	Lamiales	Plantaginaceae	Penstemon		Penstemon davidsonii			
151328			Viridiplantae	Streptophyta	Magnoliopsida	Lamiales	Lamiaceae	Perilla		Perilla frutescens	Perilla frutescens var. frutescens		
3886			Viridiplantae	Streptophyta	Magnoliopsida	Fabales	Fabaceae	Phaseolus		Phaseolus coccineus			
3696			Viridiplantae	Streptophyta	Magnoliopsida	Malpighiales	Salicaceae	Populus		Populus deltoides			
3691			Viridiplantae	Streptophyta	Magnoliopsida	Malpighiales	Salicaceae	Populus		Populus nigra			
3891			Viridiplantae	Streptophyta	Magnoliopsida	Fabales	Fabaceae	Psophocarpus		Psophocarpus tetragonolobus			
74649	Rosoideae incertae sedis		Viridiplantae	Streptophyta	Magnoliopsida	Rosales	Rosaceae	Rosa		Rosa chinensis			
59490	Rosoideae incertae sedis		Viridiplantae	Streptophyta	Magnoliopsida	Rosales	Rosaceae	Rubus		Rubus argutus			
180675			Viridiplantae	Streptophyta	Magnoliopsida	Lamiales	Lamiaceae	Salvia	Salvia subgen. Calosphace	Salvia splendens			
300843			Viridiplantae	Streptophyta	Magnoliopsida	Lamiales	Pedaliaceae	Sesamum		Sesamum radiatum			
4555	Panicodae		Viridiplantae	Streptophyta	Magnoliopsida	Poales	Poaceae	Setaria		Setaria italica			
3728			Viridiplantae	Streptophyta	Magnoliopsida	Brassicales	Brassicaceae	Sinapis		Sinapis alba			
147425			Viridiplantae	Streptophyta	Magnoliopsida	Solanales	Solanaceae	Solanum		Solanum bulbocastanum			
4109			Viridiplantae	Streptophyta	Magnoliopsida	Solanales	Solanaceae	Solanum		Solanum commersonii			
50273			Viridiplantae	Streptophyta	Magnoliopsida	Solanales	Solanaceae	Solanum		Solanum pinnatisectum			
315347			Viridiplantae	Streptophyta	Magnoliopsida	Solanales	Solanaceae	Solanum		Solanum verrucosum			
79078			Viridiplantae	Streptophyta	Magnoliopsida	Fabales	Fabaceae	Stylosanthes		Stylosanthes scabra			
13708			Viridiplantae	Streptophyta	Magnoliopsida	Asterales	Asteraceae	Tagetes		Tagetes erecta			
301880			Viridiplantae	Streptophyta	Magnoliopsida	Asterales	Asteraceae	Tanacetum		Tanacetum coccineum			
28532			Viridiplantae	Streptophyta	Magnoliopsida	Brassicales	Cleomaceae	Tarenaya		Tarenaya hassleriana			
29808			Viridiplantae	Streptophyta	Pinopsida	Cupressales	Taxaceae	Taxus		Taxus chinensis			
46969			Viridiplantae	Streptophyta	Magnoliopsida	Ranunculales	Ranunculaceae	Thalictrum		Thalictrum thalictroides			
13288			Viridiplantae	Streptophyta	Magnoliopsida	Brassicales	Brassicaceae	Thlaspi		Thlaspi arvense			
97028			Viridiplantae	Streptophyta	Magnoliopsida	Fabales	Fabaceae	Trifolium		Trifolium medium			
3900			Viridiplantae	Streptophyta	Magnoliopsida	Fabales	Fabaceae	Trifolium		Trifolium subterraneum			
218843			Viridiplantae	Streptophyta	Magnoliopsida	Malpighiales	Passifloraceae	Turnera		Turnera subulata			
229202			Viridiplantae	Streptophyta	Magnoliopsida	Ericales	Ericaceae	Vaccinium		Vaccinium darrowii			
3911			Viridiplantae	Streptophyta	Magnoliopsida	Fabales	Fabaceae	Vicia		Vicia villosa			
3916			Viridiplantae	Streptophyta	Magnoliopsida	Fabales	Fabaceae	Vigna		Vigna radiata	Vigna radiata var. radiata		
87088			Viridiplantae	Streptophyta	Magnoliopsida	Fabales	Fabaceae	Vigna		Vigna umbellata			
96939	rosids incertae sedis		Viridiplantae	Streptophyta	Magnoliopsida	Vitales	Vitaceae	Vitis		Vitis riparia			
103349	rosids incertae sedis		Viridiplantae	Streptophyta	Magnoliopsida	Vitales	Vitaceae	Vitis		Vitis rotundifolia			
99658			Viridiplantae	Streptophyta	Magnoliopsida	Sapindales	Sapindaceae	Xanthoceras		Xanthoceras sorbifolium			
714518			Viridiplantae	Streptophyta	Magnoliopsida	Rosales	Rhamnaceae	Ziziphus		Ziziphus jujuba	Ziziphus jujuba var. spinosa		
324802			Viridiplantae	Streptophyta	Magnoliopsida	Oxalidales	Huaceae	Afrostyrax		Afrostyrax lepidophyllus			
198669			Viridiplantae	Streptophyta	Magnoliopsida	Liliales	Alstroemeriaceae	Alstroemeria		Alstroemeria angustifolia			
107583			Viridiplantae	Streptophyta	Magnoliopsida	Caryophyllales	Anacampserotaceae	Anacampseros					
524053			Viridiplantae	Streptophyta	Magnoliopsida	Commelinales	Haemodoraceae	Anigozanthos		Anigozanthos viridis			
66716			Viridiplantae	Streptophyta	Magnoliopsida	Asparagales	Asteliaceae	Astelia		Astelia banksii			
3589			Viridiplantae	Streptophyta	Magnoliopsida	Caryophyllales	Basellaceae	Basella		Basella alba			
1240548			Viridiplantae	Streptophyta	Magnoliopsida	Fabales	Fabaceae	Phanera		Phanera aureifolia			
20338			Viridiplantae	Streptophyta	Magnoliopsida	Fabales	Fabaceae	Bauhinia		Bauhinia galpinii			
1288007			Viridiplantae	Streptophyta	Magnoliopsida	Fabales	Fabaceae	Piliostigma		Piliostigma malabaricum			
3806			Viridiplantae	Streptophyta	Magnoliopsida	Fabales	Fabaceae	Bauhinia		Bauhinia purpurea			
509012			Viridiplantae	Streptophyta	Magnoliopsida	Fabales	Fabaceae	Phanera					
660128			Viridiplantae	Streptophyta	Magnoliopsida	Lamiales	Calceolariaceae	Calceolaria		Calceolaria crenatiflora			
2978058			Viridiplantae	Streptophyta	Magnoliopsida	Laurales	Calycanthaceae	Calycanthus		Calycanthus chinensis x Calycanthus floridus			
3523			Viridiplantae	Streptophyta	Magnoliopsida	Fagales	Casuarinaceae	Casuarina		Casuarina equisetifolia			
58029			Viridiplantae	Streptophyta	Pinopsida	Cupressales	Taxaceae	Cephalotaxus		Cephalotaxus harringtonia			
4428			Viridiplantae	Streptophyta	Magnoliopsida	Ceratophyllales	Ceratophyllaceae	Ceratophyllum		Ceratophyllum demersum			
13413			Viridiplantae	Streptophyta	Magnoliopsida	Saxifragales	Cercidiphyllaceae	Cercidiphyllum		Cercidiphyllum japonicum			
107587			Viridiplantae	Streptophyta	Magnoliopsida	Caryophyllales	Montiaceae	Cistanthe		Cistanthe grandiflora			
55375			Viridiplantae	Streptophyta	Magnoliopsida	Ericales	Cyrillaceae	Cliftonia		Cliftonia monophylla			
16909			Viridiplantae	Streptophyta	Magnoliopsida	Asterales	Argophyllaceae	Corokia		Corokia cotoneaster			
1328783			Viridiplantae	Streptophyta	Polypodiopsida	Polypodiales	Cystopteridaceae	Cystopteris		Cystopteris protrusa			
328207			Viridiplantae	Streptophyta	Polypodiopsida	Polypodiales	Davalliaceae	Davallia		Davallia tyermanii			
2641064	unclassified Dierama		Viridiplantae	Streptophyta	Magnoliopsida	Asparagales	Iridaceae	Dierama					
225788			Viridiplantae	Streptophyta	Magnoliopsida	Liliales	Colchicaceae	Disporum		Disporum flavens			
311297			Viridiplantae	Streptophyta	Magnoliopsida	Poales	Restionaceae	Elegia		Elegia thyrsoidea			
188299			Viridiplantae	Streptophyta	Magnoliopsida	Lamiales	Phrymaceae	Erythranthe		Erythranthe cardinalis			
49863			Viridiplantae	Streptophyta	Magnoliopsida	Magnoliales	Eupomatiaceae	Eupomatia		Eupomatia laurina			
106141			Viridiplantae	Streptophyta	Magnoliopsida	Ranunculales	Eupteleaceae	Euptelea		Euptelea pleiosperma			
360876	Arundinarodae		Viridiplantae	Streptophyta	Magnoliopsida	Poales	Poaceae	Fargesia		Fargesia robusta			
98238			Viridiplantae	Streptophyta	Magnoliopsida	Ericales	Fouquieriaceae	Fouquieria		Fouquieria macdougalii			
70269			Viridiplantae	Streptophyta	Magnoliopsida	Geraniales	Francoaceae	Francoa		Francoa appendiculata			
28542			Viridiplantae	Streptophyta	Magnoliopsida	Gentianales	Gelsemiaceae	Gelsemium		Gelsemium sempervirens			
3233129			Viridiplantae	Streptophyta	Magnoliopsida	Lamiales	Lentibulariaceae	Genlisea		Genlisea flexuosa			
86852			Viridiplantae	Streptophyta	Magnoliopsida	Apiales	Griseliniaceae	Griselinia		Griselinia littoralis			
13078			Viridiplantae	Streptophyta	Magnoliopsida	Alismatales	Cymodoceaceae	Halodule		Halodule wrightii			
44962			Viridiplantae	Streptophyta	Magnoliopsida	Commelinales	Pontederiaceae	Heteranthera		Heteranthera zosterifolia			
252981			Viridiplantae	Streptophyta	Magnoliopsida	Ericales	Balsaminaceae	Impatiens	Impatiens subgen. Impatiens	Impatiens auricoma			
50271			Viridiplantae	Streptophyta	Lycopodiopsida	Isoetales	Isoetaceae	Isoetes		Isoetes lacustris			
108596			Viridiplantae	Streptophyta	Magnoliopsida	Saxifragales	Iteaceae	Itea		Itea japonica			
49722			Viridiplantae	Streptophyta	Magnoliopsida	Asparagales	Ixioliriaceae	Ixiolirion		Ixiolirion tataricum			
4707			Viridiplantae	Streptophyta	Magnoliopsida	Liliales	Smilacaceae	Lapageria		Lapageria rosea			
28973			Viridiplantae	Streptophyta	Magnoliopsida	Brassicales	Limnanthaceae	Limnanthes		Limnanthes douglasii			
13816			Viridiplantae	Streptophyta	Polypodiopsida	Salviniales	Marsileaceae	Marsilea		Marsilea quadrifolia			
77074			Viridiplantae	Streptophyta	Magnoliopsida	Lamiales	Martyniaceae	Martynia		Martynia annua			
75425			Viridiplantae	Streptophyta	Magnoliopsida	Poales	Mayacaceae	Mayaca		Mayaca fluviatilis			
479629			Viridiplantae	Streptophyta	Magnoliopsida	Dioscoreales	Nartheciaceae	Narthecium		Narthecium californicum			
28948			Viridiplantae	Streptophyta	Magnoliopsida	Fagales	Nothofagaceae	Nothofagus		Nothofagus obliqua			
3281			Viridiplantae	Streptophyta	Polypodiopsida	Polypodiales	Onocleaceae	Onoclea		Onoclea sensibilis			
43073			Viridiplantae	Streptophyta	Magnoliopsida	Apiales	Pittosporaceae	Pittosporum		Pittosporum tobira			
38349			Viridiplantae	Streptophyta	Polypodiopsida	Polypodiales	Polypodiaceae	Pleopeltis					
55320			Viridiplantae	Streptophyta	Magnoliopsida	Alismatales	Potamogetonaceae	Potamogeton		Potamogeton perfoliatus			
136749			Viridiplantae	Streptophyta	Magnoliopsida	Poales	Restionaceae	Rhodocoma		Rhodocoma capensis			
301149			Viridiplantae	Streptophyta	Polypodiopsida	Salviniales	Salviniaceae	Salvinia		Salvinia minima			
46107			Viridiplantae	Streptophyta	Magnoliopsida	Caryophyllales	Sarcobataceae	Sarcobatus		Sarcobatus vermiculatus			
4359			Viridiplantae	Streptophyta	Magnoliopsida	Ericales	Sarraceniaceae	Sarracenia		Sarracenia flava			
16481			Viridiplantae	Streptophyta	Magnoliopsida	Asterales	Goodeniaceae	Scaevola		Scaevola taccada			
28979			Viridiplantae	Streptophyta	Pinopsida	Cupressales	Sciadopityaceae	Sciadopitys		Sciadopitys verticillata			
85277			Viridiplantae	Streptophyta	Magnoliopsida	Crossosomatales	Stachyuraceae	Stachyurus		Stachyurus praecox			
85280			Viridiplantae	Streptophyta	Magnoliopsida	Crossosomatales	Staphyleaceae	Staphylea		Staphylea trifolia			
2293339			Viridiplantae	Streptophyta	Magnoliopsida	Asterales	Stylidiaceae	Stylidium		Stylidium debile			
29648			Viridiplantae	Streptophyta	Magnoliopsida	Alismatales	Cymodoceaceae	Syringodium		Syringodium filiforme			
1524124			Viridiplantae	Streptophyta	Polypodiopsida	Polypodiales	Tectariaceae	Tectaria		Tectaria coadunata			
1435278			Viridiplantae	Streptophyta	Polypodiopsida	Polypodiales	Tectariaceae	Tectaria		Tectaria heracleifolia			
68875			Viridiplantae	Streptophyta	Magnoliopsida	Lamiales	Linderniaceae	Torenia		Torenia fournieri			
4407			Viridiplantae	Streptophyta	Magnoliopsida	Trochodendrales	Trochodendraceae	Trochodendron		Trochodendron aralioides			
221324			Viridiplantae	Streptophyta	Polypodiopsida	Hymenophyllales	Hymenophyllaceae	Trichomanes		Trichomanes maximum			
51387			Viridiplantae	Streptophyta	Magnoliopsida	Asparagales	Xeronemataceae	Xeronema		Xeronema callistemon			
455045			Viridiplantae	Streptophyta	Magnoliopsida	Malvales	Malvaceae	Abelmoschus		Abelmoschus esculentus			
69109			Viridiplantae	Streptophyta	Magnoliopsida	Malvales	Malvaceae	Adansonia		Adansonia digitata			
4573	Triticodae		Viridiplantae	Streptophyta	Magnoliopsida	Poales	Poaceae	Aegilops		Aegilops speltoides			
345916	Poodae		Viridiplantae	Streptophyta	Magnoliopsida	Poales	Poaceae	Agrostis		Agrostis gigantea			
124760			Viridiplantae	Streptophyta	Magnoliopsida	Caryophyllales	Amaranthaceae	Amaranthus		Amaranthus albus			
3565			Viridiplantae	Streptophyta	Magnoliopsida	Caryophyllales	Amaranthaceae	Amaranthus		Amaranthus hybridus			
124763			Viridiplantae	Streptophyta	Magnoliopsida	Caryophyllales	Amaranthaceae	Amaranthus		Amaranthus retroflexus			
330158			Viridiplantae	Streptophyta	Magnoliopsida	Gentianales	Apocynaceae	Asclepias		Asclepias incarnata			
3721			Viridiplantae	Streptophyta	Magnoliopsida	Brassicales	Brassicaceae	Crambe		Crambe hispanica		Crambe hispanica subsp. abyssinica	
34294			Viridiplantae	Streptophyta	Magnoliopsida	Cucurbitales	Cucurbitaceae	Cucurbita		Cucurbita argyrosperma			
4509	Poodae		Viridiplantae	Streptophyta	Magnoliopsida	Poales	Poaceae	Dactylis		Dactylis glomerata			
3570			Viridiplantae	Streptophyta	Magnoliopsida	Caryophyllales	Caryophyllaceae	Dianthus		Dianthus caryophyllus			
90397	Panicodae		Viridiplantae	Streptophyta	Magnoliopsida	Poales	Poaceae	Echinochloa		Echinochloa crus-galli			
4155			Viridiplantae	Streptophyta	Magnoliopsida	Lamiales	Phrymaceae	Erythranthe		Erythranthe guttata			
39387			Viridiplantae	Streptophyta	Magnoliopsida	Caryophyllales	Caryophyllaceae	Gypsophila		Gypsophila vaccaria			
43368			Viridiplantae	Streptophyta	Magnoliopsida	Saxifragales	Saxifragaceae	Heuchera		Heuchera sanguinea			
229543			Viridiplantae	Streptophyta	Magnoliopsida	Malvales	Malvaceae	Hibiscus		Hibiscus cannabinus			
3868			Viridiplantae	Streptophyta	Magnoliopsida	Fabales	Fabaceae	Lotus		Lotus tetragonolobus			
3878			Viridiplantae	Streptophyta	Magnoliopsida	Fabales	Fabaceae	Medicago		Medicago sativa		Medicago sativa subsp. falcata	
4087			Viridiplantae	Streptophyta	Magnoliopsida	Solanales	Solanaceae	Nicotiana		Nicotiana alata			
118703			Viridiplantae	Streptophyta	Magnoliopsida	Solanales	Solanaceae	Nicotiana		Nicotiana megalosiphon			
200313			Viridiplantae	Streptophyta	Magnoliopsida	Solanales	Solanaceae	Nicotiana		Nicotiana occidentalis			
44479			Viridiplantae	Streptophyta	Magnoliopsida	Myrtales	Onagraceae	Oenothera		Oenothera lamarckiana			
65489			Viridiplantae	Streptophyta	Magnoliopsida	Poales	Poaceae	Oryza		Oryza barthii			
147272	Andropogonodae		Viridiplantae	Streptophyta	Magnoliopsida	Poales	Poaceae	Paspalum		Paspalum notatum			
388140			Viridiplantae	Streptophyta	Magnoliopsida	Lamiales	Plantaginaceae	Penstemon		Penstemon eatonii			
4102			Viridiplantae	Streptophyta	Magnoliopsida	Solanales	Solanaceae	Petunia		Petunia x hybrida			
15745			Viridiplantae	Streptophyta	Magnoliopsida	Poales	Poaceae	Phragmites					
1150915			Viridiplantae	Streptophyta	Magnoliopsida	Caryophyllales	Portulacaceae	Portulaca		Portulaca oleracea		Portulaca oleracea subsp. sativa	
4556	Panicodae		Viridiplantae	Streptophyta	Magnoliopsida	Poales	Poaceae	Setaria		Setaria viridis			
4557	Andropogonodae		Viridiplantae	Streptophyta	Magnoliopsida	Poales	Poaceae	Sorghum					
158129	Andropogonodae		Viridiplantae	Streptophyta	Magnoliopsida	Poales	Poaceae	Steinchisma		Steinchisma laxum			
107604			Viridiplantae	Streptophyta	Magnoliopsida	Caryophyllales	Talinaceae	Talinum		Talinum paniculatum			
157680			Viridiplantae	Streptophyta	Magnoliopsida	Fabales	Fabaceae	Vigna		Vigna angularis	Vigna angularis var. nipponensis		
547170			Viridiplantae	Streptophyta	Magnoliopsida	Asparagales	Amaryllidaceae	Agapanthus		Agapanthus praecox		Agapanthus praecox subsp. orientalis	
4681			Viridiplantae	Streptophyta	Magnoliopsida	Asparagales	Amaryllidaceae	Allium		Allium ampeloprasum			
256472			Viridiplantae	Streptophyta	Magnoliopsida	Boraginales	Boraginaceae	Anchusa		Anchusa capensis			
137667			Viridiplantae	Streptophyta	Magnoliopsida	Caryophyllales	Polygonaceae	Antigonon		Antigonon leptopus			
941588	Apium graveolens Secalinum Group		Viridiplantae	Streptophyta	Magnoliopsida	Apiales	Apiaceae	Apium		Apium graveolens			
661339			Viridiplantae	Streptophyta	Magnoliopsida	Rosales	Rosaceae	Aronia		Aronia melanocarpa			
52823			Viridiplantae	Streptophyta	Magnoliopsida	Gentianales	Apocynaceae	Asclepias		Asclepias curassavica			
34272			Viridiplantae	Streptophyta	Magnoliopsida	Caryophyllales	Chenopodiaceae	Atriplex		Atriplex hortensis			
169069			Viridiplantae	Streptophyta	Magnoliopsida	Brassicales	Brassicaceae	Aurinia		Aurinia saxatilis			
3505			Viridiplantae	Streptophyta	Magnoliopsida	Fagales	Betulaceae	Betula		Betula pendula			
310462			Viridiplantae	Streptophyta	Magnoliopsida	Solanales	Solanaceae	Browallia		Browallia americana			
204211			Viridiplantae	Streptophyta	Magnoliopsida	Lamiales	Lamiaceae	Callicarpa		Callicarpa americana			
13379			Viridiplantae	Streptophyta	Magnoliopsida	Asterales	Asteraceae	Callistephus		Callistephus chinensis			
13429			Viridiplantae	Streptophyta	Magnoliopsida	Laurales	Lauraceae	Cinnamomum		Cinnamomum camphora			
2029227			Viridiplantae	Streptophyta	Magnoliopsida	Cornales	Cornaceae	Cornus		Cornus florida			Cornus florida f. rubra
184141			Viridiplantae	Streptophyta	Magnoliopsida	Cucurbitales	Cucurbitaceae	Cucurbita		Cucurbita melopepo		Cucurbita melopepo subsp. melopepo	
354628			Viridiplantae	Streptophyta	Magnoliopsida	Boraginales	Boraginaceae	Cynoglossum		Cynoglossum amabile			
101596			Viridiplantae	Streptophyta	Magnoliopsida	Asterales	Asteraceae	Dahlia		Dahlia pinnata			
196648			Viridiplantae	Streptophyta	Magnoliopsida	Fabales	Fabaceae	Desmanthus		Desmanthus illinoensis			
167917			Viridiplantae	Streptophyta	Magnoliopsida	Lamiales	Verbenaceae	Duranta		Duranta erecta			
330163			Viridiplantae	Streptophyta	Magnoliopsida	Caryophyllales	Chenopodiaceae	Dysphania		Dysphania ambrosioides			
49933			Viridiplantae	Streptophyta	Magnoliopsida	Gentianales	Gentianaceae	Gentiana		Gentiana acaulis			
3762			Viridiplantae	Streptophyta	Magnoliopsida	Rosales	Rosaceae	Geum		Geum chiloense			
24957			Viridiplantae	Streptophyta	Magnoliopsida	Gunnerales	Gunneraceae	Gunnera		Gunnera manicata			
138408			Viridiplantae	Streptophyta	Magnoliopsida	Asterales	Asteraceae	Helenium		Helenium autumnale			
28508			Viridiplantae	Streptophyta	Magnoliopsida	Boraginales	Heliotropiaceae	Heliotropium		Heliotropium arborescens			
264418			Viridiplantae	Streptophyta	Magnoliopsida	Brassicales	Brassicaceae	Hesperis		Hesperis matronalis			
60124			Viridiplantae	Streptophyta	Magnoliopsida	Cornales	Hydrangeaceae	Hydrangea		Hydrangea quercifolia			
89650			Viridiplantae	Streptophyta	Magnoliopsida	Solanales	Convolvulaceae	Ipomoea		Ipomoea lobata			
89660			Viridiplantae	Streptophyta	Magnoliopsida	Solanales	Convolvulaceae	Ipomoea		Ipomoea quamoclit			
185774			Viridiplantae	Streptophyta	Magnoliopsida	Lamiales	Bignoniaceae	Jacaranda		Jacaranda mimosifolia			
483799			Viridiplantae	Streptophyta	Magnoliopsida	Lamiales	Lamiaceae	Leonotis		Leonotis nepetifolia			
49078			Viridiplantae	Streptophyta	Magnoliopsida	Asterales	Asteraceae	Leontopodium		Leontopodium nivale		Leontopodium nivale subsp. alpinum	
407263			Viridiplantae	Streptophyta	Magnoliopsida	Malpighiales	Linaceae	Linum		Linum flavum			
559336			Viridiplantae	Streptophyta	Magnoliopsida	Malpighiales	Linaceae	Linum		Linum grandiflorum			
35941			Viridiplantae	Streptophyta	Magnoliopsida	Malpighiales	Linaceae	Linum		Linum perenne			
330173			Viridiplantae	Streptophyta	Magnoliopsida	Asterales	Campanulaceae	Lobelia		Lobelia siphilitica			
226051			Viridiplantae	Streptophyta	Magnoliopsida	Brassicales	Brassicaceae	Lobularia		Lobularia maritima			
153659			Viridiplantae	Streptophyta	Magnoliopsida	Brassicales	Brassicaceae	Lunaria		Lunaria annua			
3406			Viridiplantae	Streptophyta	Magnoliopsida	Magnoliales	Magnoliaceae	Magnolia		Magnolia grandiflora			
3412			Viridiplantae	Streptophyta	Magnoliopsida	Magnoliales	Magnoliaceae	Magnolia		Magnolia virginiana			
182378			Viridiplantae	Streptophyta	Magnoliopsida	Lamiales	Lamiaceae	Monarda		Monarda bradburiana			
34301			Viridiplantae	Streptophyta	Magnoliopsida	Nymphaeales	Nymphaeaceae	Nymphaea		Nymphaea alba			
3953			Viridiplantae	Streptophyta	Magnoliopsida	Myrtales	Onagraceae	Oenothera		Oenothera speciosa			
159428			Viridiplantae	Streptophyta	Magnoliopsida	Malpighiales	Passifloraceae	Passiflora		Passiflora caerulea			
265142			Viridiplantae	Streptophyta	Magnoliopsida	Lamiales	Plantaginaceae	Penstemon		Penstemon hartwegii			
79382			Viridiplantae	Streptophyta	Magnoliopsida	Boraginales	Hydrophyllaceae	Phacelia		Phacelia campanularia			
103529			Viridiplantae	Streptophyta	Magnoliopsida	Ericales	Polemoniaceae	Phlox		Phlox drummondii			
446125			Viridiplantae	Streptophyta	Magnoliopsida	Arecales	Arecaceae	Phoenix		Phoenix roebelenii			
289741			Viridiplantae	Streptophyta	Magnoliopsida	Sapindales	Anacardiaceae	Pistacia		Pistacia chinensis			
174663			Viridiplantae	Streptophyta	Magnoliopsida	Ericales	Polemoniaceae	Polemonium		Polemonium caeruleum			
3583			Viridiplantae	Streptophyta	Magnoliopsida	Caryophyllales	Portulacaceae	Portulaca		Portulaca grandiflora			
175104			Viridiplantae	Streptophyta	Magnoliopsida	Ericales	Primulaceae	Primula		Primula vulgaris			
193309			Viridiplantae	Streptophyta	Magnoliopsida	Rosales	Rosaceae	Pyracantha		Pyracantha coccinea			
857043			Viridiplantae	Streptophyta	Magnoliopsida	Fagales	Fagaceae	Quercus		Quercus phellos			
3472			Viridiplantae	Streptophyta	Magnoliopsida	Ranunculales	Papaveraceae	Sanguinaria		Sanguinaria canadensis			
42043			Viridiplantae	Streptophyta	Magnoliopsida	Caryophyllales	Caryophyllaceae	Silene	Silene subgen. Behenantha	Silene vulgaris			
915439			Viridiplantae	Streptophyta	Magnoliopsida	Asparagales	Iridaceae	Sisyrinchium		Sisyrinchium bellum			
255355			Viridiplantae	Streptophyta	Magnoliopsida	Zingiberales	Strelitziaceae	Strelitzia		Strelitzia reginae			
147028			Viridiplantae	Streptophyta	Magnoliopsida	Brassicales	Tropaeolaceae	Tropaeolum		Tropaeolum peregrinum			
214053			Viridiplantae	Streptophyta	Magnoliopsida	Malpighiales	Violaceae	Viola	Viola subgen. Viola	Viola tricolor			
103355	rosids incertae sedis		Viridiplantae	Streptophyta	Magnoliopsida	Vitales	Vitaceae	Vitis		Vitis labrusca			
29661	Poodae		Viridiplantae	Streptophyta	Magnoliopsida	Poales	Poaceae	Anthoxanthum		Anthoxanthum odoratum			
47065			Viridiplantae	Streptophyta	Magnoliopsida	Fabales	Fabaceae	Astragalus		Astragalus sinicus			
3429			Viridiplantae	Streptophyta	Magnoliopsida	Laurales	Calycanthaceae	Calycanthus		Calycanthus floridus			
48106			Viridiplantae	Streptophyta	Magnoliopsida	Apiales	Apiaceae	Centella		Centella asiatica			
50240			Viridiplantae	Streptophyta	Magnoliopsida	Asparagales	Asparagaceae	Chlorogalum		Chlorogalum pomeridianum			
3654			Viridiplantae	Streptophyta	Magnoliopsida	Cucurbitales	Cucurbitaceae	Citrullus		Citrullus lanatus			
269719			Viridiplantae	Streptophyta	Magnoliopsida	Sapindales	Anacardiaceae	Cotinus		Cotinus coggygria			
41780			Viridiplantae	Streptophyta	Magnoliopsida	Ranunculales	Lardizabalaceae	Decaisnea		Decaisnea fargesii			
73308			Viridiplantae	Streptophyta	Magnoliopsida	Asterales	Asteraceae	Helianthus		Helianthus radula			
3371			Viridiplantae	Streptophyta	Pinopsida	Cupressales	Cupressaceae	Metasequoia		Metasequoia glyptostroboides			
179837			Viridiplantae	Streptophyta	Magnoliopsida	Lamiales	Lamiaceae	Perilla		Perilla frutescens	Perilla frutescens var. crispa		
203015			Viridiplantae	Streptophyta	Magnoliopsida	Saxifragales	Crassulaceae	Rhodiola		Rhodiola rosea			
267247	Rosoideae incertae sedis		Viridiplantae	Streptophyta	Magnoliopsida	Rosales	Rosaceae	Rosa		Rosa palustris			
75079	Rosoideae incertae sedis		Viridiplantae	Streptophyta	Magnoliopsida	Rosales	Rosaceae	Rubus		Rubus occidentalis			
59496	Rosoideae incertae sedis		Viridiplantae	Streptophyta	Magnoliopsida	Rosales	Rosaceae	Rubus		Rubus parviflorus			
502543			Viridiplantae	Streptophyta	Magnoliopsida	Asterales	Asteraceae	Sanvitalia		Sanvitalia procumbens			
211926			Viridiplantae	Streptophyta	Magnoliopsida	Lamiales	Bignoniaceae	Spathodea		Spathodea campanulata			
32198			Viridiplantae	Streptophyta	Magnoliopsida	Lamiales	Acanthaceae	Thunbergia		Thunbergia alata			
77340			Viridiplantae	Streptophyta	Magnoliopsida	Commelinales	Commelinaceae	Tradescantia		Tradescantia ohiensis			
13731			Viridiplantae	Streptophyta	Magnoliopsida	Asterales	Asteraceae	Tragopogon		Tragopogon porrifolius			
443381			Viridiplantae	Streptophyta	Magnoliopsida	Lamiales	Verbenaceae	Verbena		Verbena hastata			
79612			Viridiplantae	Streptophyta	Magnoliopsida	Dipsacales	Caprifoliaceae	Weigela		Weigela florida			
1525732			Viridiplantae	Streptophyta	Magnoliopsida	Asterales	Asteraceae	Zinnia		Zinnia haageana			
157622			Viridiplantae	Streptophyta	Magnoliopsida	Caryophyllales	Caryophyllaceae	Paronychia		Paronychia argentea			
434239			Viridiplantae	Streptophyta	Magnoliopsida	Sapindales	Anacardiaceae	Pistacia		Pistacia terebinthus		Pistacia terebinthus subsp. palaestina	
1082757			Viridiplantae	Streptophyta	Magnoliopsida	Lamiales	Lamiaceae	Origanum		Origanum syriacum			
282558			Viridiplantae	Streptophyta	Magnoliopsida	Malpighiales	Hypericaceae	Hypericum		Hypericum triquetrifolium			
282738			Viridiplantae	Streptophyta	Magnoliopsida	Asterales	Asteraceae	Achillea		Achillea fragrantissima			
135518			Viridiplantae	Streptophyta	Magnoliopsida	Saxifragales	Grossulariaceae	Ribes		Ribes uva-crispa			
58042			Viridiplantae	Streptophyta	Pinopsida	Pinales	Pinaceae	Pinus	Pinus subgen. Pinus	Pinus nigra			
103489			Viridiplantae	Streptophyta	Magnoliopsida	Fagales	Fagaceae	Quercus		Quercus glauca			
1008903			Viridiplantae	Streptophyta	Magnoliopsida	Saxifragales	Daphniphyllaceae	Daphniphyllum		Daphniphyllum oldhamii			
59677			Viridiplantae	Streptophyta	Magnoliopsida	Ericales	Theaceae	Schima		Schima superba			
122636			Viridiplantae	Streptophyta	Marchantiopsida	Marchantiales	Ricciaceae	Riccia		Riccia cavernosa			
2779758			Viridiplantae	Streptophyta	Marchantiopsida	Marchantiales	Ricciaceae	Riccia		Riccia canaliculata			
2779757			Viridiplantae	Streptophyta	Marchantiopsida	Marchantiales	Ricciaceae	Riccia		Riccia bifurca			
71659			Viridiplantae	Streptophyta	Marchantiopsida	Marchantiales	Ricciaceae	Riccia		Riccia ciliifera			
1914413			Viridiplantae	Streptophyta	Marchantiopsida	Marchantiales	Ricciaceae	Riccia		Riccia subbifurca			
122646			Viridiplantae	Streptophyta	Marchantiopsida	Marchantiales	Ricciaceae	Riccia		Riccia sorocarpa			
122635			Viridiplantae	Streptophyta	Marchantiopsida	Marchantiales	Ricciaceae	Riccia		Riccia beyrichiana			
122638			Viridiplantae	Streptophyta	Marchantiopsida	Marchantiales	Ricciaceae	Riccia		Riccia gougetiana			
122639			Viridiplantae	Streptophyta	Marchantiopsida	Marchantiales	Ricciaceae	Riccia		Riccia huebeneriana			
3108177			Viridiplantae	Streptophyta	Marchantiopsida	Marchantiales	Ricciaceae	Riccia		Riccia pusilla		Riccia pusilla subsp. gothica	
179045			Viridiplantae	Streptophyta	Marchantiopsida	Marchantiales	Aytoniaceae	Mannia		Mannia fragrans			
37395			Viridiplantae	Streptophyta	Marchantiopsida	Marchantiales	Aytoniaceae	Reboulia		Reboulia hemisphaerica			
106560			Viridiplantae	Streptophyta	Magnoliopsida	Rosales	Rosaceae	Malus		Malus niedzwetzkyana			
106567			Viridiplantae	Streptophyta	Magnoliopsida	Rosales	Rosaceae	Malus		Malus sieversii			
138912			Viridiplantae	Streptophyta	Magnoliopsida	Rosales	Rosaceae	Malus		Malus floribunda			
66205			Viridiplantae	Streptophyta	Magnoliopsida	Sapindales	Sapindaceae	Acer		Acer campestre			
168566			Viridiplantae	Streptophyta	Magnoliopsida	Sapindales	Sapindaceae	Acer		Acer monspessulanum			
38787			Viridiplantae	Streptophyta	Magnoliopsida	Fagales	Betulaceae	Betula		Betula pubescens			
166594			Viridiplantae	Streptophyta	Magnoliopsida	Lamiales	Oleaceae	Fraxinus		Fraxinus angustifolia			
126558			Viridiplantae	Streptophyta	Magnoliopsida	Lamiales	Oleaceae	Phillyrea		Phillyrea latifolia			
43335			Viridiplantae	Streptophyta	Magnoliopsida	Malpighiales	Salicaceae	Populus		Populus alba			
71633			Viridiplantae	Streptophyta	Pinopsida	Pinales	Pinaceae	Pinus	Pinus subgen. Pinus	Pinus halepensis			
58334			Viridiplantae	Streptophyta	Magnoliopsida	Fagales	Fagaceae	Quercus		Quercus ilex			
38865			Viridiplantae	Streptophyta	Magnoliopsida	Fagales	Fagaceae	Quercus		Quercus petraea			
470278			Viridiplantae	Streptophyta	Magnoliopsida	Malpighiales	Salicaceae	Salix		Salix cinerea			
139838			Viridiplantae	Streptophyta	Jungermanniopsida	Radulales	Radulaceae	Radula	Radula subgen. Radula	Radula complanata			
24646			Viridiplantae	Streptophyta	Magnoliopsida	Solanales	Solanaceae	Lycium					
29679	Poodae		Viridiplantae	Streptophyta	Magnoliopsida	Poales	Poaceae	Holcus		Holcus lanatus			
105271			Viridiplantae	Streptophyta	Magnoliopsida	Dipsacales	Caprifoliaceae	Knautia		Knautia arvensis			
101992			Viridiplantae	Streptophyta	Magnoliopsida	Lamiales	Plantaginaceae	Plantago		Plantago media			
3447			Viridiplantae	Streptophyta	Magnoliopsida	Ranunculales	Ranunculaceae	Ranunculus		Ranunculus acris			
137665			Viridiplantae	Streptophyta	Magnoliopsida	Ranunculales	Ranunculaceae	Ranunculus		Ranunculus repens			
41241			Viridiplantae	Streptophyta	Magnoliopsida	Caryophyllales	Polygonaceae	Rumex	Rumex subgen. Acetosa	Rumex acetosa			
440359			Viridiplantae	Streptophyta	Magnoliopsida	Asterales	Campanulaceae	Campanula		Campanula patula			
41653			Viridiplantae	Streptophyta	Magnoliopsida	Asterales	Asteraceae	Tragopogon		Tragopogon pratensis			
97015			Viridiplantae	Streptophyta	Magnoliopsida	Fabales	Fabaceae	Trifolium		Trifolium campestre			
97021			Viridiplantae	Streptophyta	Magnoliopsida	Fabales	Fabaceae	Trifolium		Trifolium dubium			
87477	Poodae		Viridiplantae	Streptophyta	Magnoliopsida	Poales	Poaceae	Trisetum		Trisetum flavescens			
97023			Viridiplantae	Streptophyta	Magnoliopsida	Fabales	Fabaceae	Trifolium		Trifolium fragiferum			
165330			Viridiplantae	Streptophyta	Magnoliopsida	Lamiales	Plantaginaceae	Veronica	Veronica subgen. Chamaedrys	Veronica chamaedrys			
3905			Viridiplantae	Streptophyta	Magnoliopsida	Fabales	Fabaceae	Vicia		Vicia cracca			
351340			Viridiplantae	Streptophyta	Magnoliopsida	Asterales	Asteraceae	Centaurea		Centaurea jacea			
4608	Poodae		Viridiplantae	Streptophyta	Magnoliopsida	Poales	Poaceae	Festuca		Festuca pratensis			
52153	Poodae		Viridiplantae	Streptophyta	Magnoliopsida	Poales	Poaceae	Festuca		Festuca rubra			
487788			Viridiplantae	Streptophyta	Magnoliopsida	Geraniales	Geraniaceae	Geranium		Geranium pratense			
15304	Poodae		Viridiplantae	Streptophyta	Magnoliopsida	Poales	Poaceae	Alopecurus		Alopecurus pratensis			
52139	Poodae		Viridiplantae	Streptophyta	Magnoliopsida	Poales	Poaceae	Arrhenatherum		Arrhenatherum elatius			
185152			Viridiplantae	Streptophyta	Magnoliopsida	Asterales	Asteraceae	Espeletia					
3347			Viridiplantae	Streptophyta	Pinopsida	Pinales	Pinaceae	Pinus	Pinus subgen. Pinus	Pinus radiata			
63058			Viridiplantae	Streptophyta	Magnoliopsida	Rosales	Ulmaceae	Ulmus		Ulmus parvifolia			
150949			Viridiplantae	Streptophyta	Magnoliopsida	Caryophyllales	Nepenthaceae	Nepenthes		Nepenthes ampullaria			
1610511			Viridiplantae	Streptophyta	Magnoliopsida	Caryophyllales	Nepenthaceae	Nepenthes		Nepenthes x hookeriana			
150990			Viridiplantae	Streptophyta	Magnoliopsida	Caryophyllales	Nepenthaceae	Nepenthes		Nepenthes rafflesiana			
52983			Viridiplantae	Streptophyta	Bryopsida	Dicranales	Fissidentaceae	Fissidens		Fissidens taxifolius			
115594			Viridiplantae	Streptophyta	Bryopsida	Grimmiales	Grimmiaceae	Grimmia		Grimmia pulvinata			
53011			Viridiplantae	Streptophyta	Bryopsida	Hypnales	Hypnaceae	Hypnum		Hypnum cupressiforme			
129214			Viridiplantae	Streptophyta	Polytrichopsida	Polytrichales	Polytrichaceae	Polytrichum		Polytrichum strictum			
53005			Viridiplantae	Streptophyta	Bryopsida	Hypnales	Brachytheciaceae	Brachythecium		Brachythecium rutabulum			
95766			Viridiplantae	Streptophyta	Bryopsida	Bryales	Mniaceae	Plagiomnium		Plagiomnium undulatum			
53008			Viridiplantae	Streptophyta	Bryopsida	Hypnales	Hylocomiaceae	Rhytidiadelphus		Rhytidiadelphus squarrosus			
52999			Viridiplantae	Streptophyta	Bryopsida	Hypnales	Pylaisiaceae	Calliergonella		Calliergonella cuspidata			
79783			Viridiplantae	Streptophyta	Magnoliopsida	Saxifragales	Hamamelidaceae	Loropetalum		Loropetalum chinense	Loropetalum chinense var. rubrum		
668906			Viridiplantae	Streptophyta	Magnoliopsida	Fabales	Fabaceae	Inga		Inga alata			
486050			Viridiplantae	Streptophyta	Magnoliopsida	Fabales	Fabaceae	Inga		Inga auristellae			
597306			Viridiplantae	Streptophyta	Magnoliopsida	Fabales	Fabaceae	Inga		Inga brachystachys			
668909			Viridiplantae	Streptophyta	Magnoliopsida	Fabales	Fabaceae	Inga		Inga chartacea			
670674			Viridiplantae	Streptophyta	Magnoliopsida	Fabales	Fabaceae	Inga		Inga coruscans			
486065			Viridiplantae	Streptophyta	Magnoliopsida	Fabales	Fabaceae	Inga		Inga leiocalycina			
2793473			Viridiplantae	Streptophyta	Magnoliopsida	Fabales	Fabaceae	Inga		Inga microcoma			
2793475			Viridiplantae	Streptophyta	Magnoliopsida	Fabales	Fabaceae	Inga		Inga obidensis			
4545	Poodae		Viridiplantae	Streptophyta	Magnoliopsida	Poales	Poaceae	Poa		Poa pratensis			
462873			Viridiplantae	Streptophyta	Magnoliopsida	Gentianales	Rubiaceae	Galium		Galium verum			
87471	PPAM clade incertae sedis		Viridiplantae	Streptophyta	Magnoliopsida	Poales	Poaceae	Avenula		Avenula pubescens			
142615			Viridiplantae	Streptophyta	Magnoliopsida	Asparagales	Orchidaceae	Dendrobium		Dendrobium officinale			
41487			Viridiplantae	Streptophyta	Magnoliopsida	Asterales	Asteraceae	Baccharis					
1548322			Viridiplantae	Streptophyta	Magnoliopsida	Asterales	Asteraceae	Blanchetia		Blanchetia heterotricha			
183008			Viridiplantae	Streptophyta	Magnoliopsida	Asterales	Asteraceae	Calea					
3030045			Viridiplantae	Streptophyta	Magnoliopsida	Asterales	Asteraceae	Achyrocline		Achyrocline saturejoides			
1548324			Viridiplantae	Streptophyta	Magnoliopsida	Asterales	Asteraceae	Chresta		Chresta exsucca			
1548327			Viridiplantae	Streptophyta	Magnoliopsida	Asterales	Asteraceae	Chresta		Chresta plantaginifolia			
1548328			Viridiplantae	Streptophyta	Magnoliopsida	Asterales	Asteraceae	Chresta		Chresta pycnocephala			
171766			Viridiplantae	Streptophyta	Magnoliopsida	Asterales	Asteraceae	Chuquiraga		Chuquiraga spinosa			
13480			Viridiplantae	Streptophyta	Magnoliopsida	Asterales	Asteraceae	Dasyphyllum					
469459			Viridiplantae	Streptophyta	Magnoliopsida	Asterales	Asteraceae	Acmella		Acmella oleracea			
415160			Viridiplantae	Streptophyta	Magnoliopsida	Asterales	Asteraceae	Emilia		Emilia sonchifolia			
1569391			Viridiplantae	Streptophyta	Magnoliopsida	Asterales	Asteraceae	Eremanthus		Eremanthus argenteus			
1569404			Viridiplantae	Streptophyta	Magnoliopsida	Asterales	Asteraceae	Eremanthus		Eremanthus polycephalus			
1569407			Viridiplantae	Streptophyta	Magnoliopsida	Asterales	Asteraceae	Heterocoma		Heterocoma gracilis			
68299			Viridiplantae	Streptophyta	Magnoliopsida	Asterales	Asteraceae	Ageratum		Ageratum conyzoides			
1127086			Viridiplantae	Streptophyta	Magnoliopsida	Asterales	Asteraceae	Mikania		Mikania cordifolia			
102786			Viridiplantae	Streptophyta	Magnoliopsida	Asterales	Asteraceae	Mikania					
1569431			Viridiplantae	Streptophyta	Magnoliopsida	Asterales	Asteraceae	Paralychnophora		Paralychnophora atkinsiae			
1569436			Viridiplantae	Streptophyta	Magnoliopsida	Asterales	Asteraceae	Piptolepis		Piptolepis monticola			
41623			Viridiplantae	Streptophyta	Magnoliopsida	Asterales	Asteraceae	Pluchea					
41633			Viridiplantae	Streptophyta	Magnoliopsida	Asterales	Asteraceae	Schlechtendalia		Schlechtendalia luzulifolia			
1048900			Viridiplantae	Streptophyta	Magnoliopsida	Asterales	Asteraceae	Aldama					
59293			Viridiplantae	Streptophyta	Magnoliopsida	Asterales	Asteraceae	Solidago					
50207			Viridiplantae	Streptophyta	Magnoliopsida	Asterales	Asteraceae	Sonchus		Sonchus oleraceus			
53737			Viridiplantae	Streptophyta	Magnoliopsida	Asterales	Asteraceae	Sphagneticola		Sphagneticola trilobata			
434719			Viridiplantae	Streptophyta	Magnoliopsida	Asterales	Asteraceae	Vernonanthura					
82755			Viridiplantae	Streptophyta	Magnoliopsida	Asterales	Asteraceae	Gymnanthemum		Gymnanthemum amygdalinum			
1249515			Viridiplantae	Streptophyta	Magnoliopsida	Asparagales	Asphodelaceae	Hemerocallis		Hemerocallis citrina			
81762			Viridiplantae	Streptophyta	Magnoliopsida	Asparagales	Hyacinthaceae	Hyacinthoides		Hyacinthoides non-scripta			
59689			Viridiplantae	Streptophyta	Magnoliopsida	Brassicales	Brassicaceae	Arabidopsis		Arabidopsis lyrata			
1933516			Viridiplantae	Streptophyta	Magnoliopsida	Asterales	Asteraceae	Espeletia		Espeletia boyacensis			
1933532			Viridiplantae	Streptophyta	Magnoliopsida	Asterales	Asteraceae	Espeletia		Espeletia grandiflora			
1933517			Viridiplantae	Streptophyta	Magnoliopsida	Asterales	Asteraceae	Espeletia		Espeletia brachyaxiantha			
1933518			Viridiplantae	Streptophyta	Magnoliopsida	Asterales	Asteraceae	Espeletia		Espeletia brassicoidea			
1933519			Viridiplantae	Streptophyta	Magnoliopsida	Asterales	Asteraceae	Espeletia		Espeletia cayetana			
1933521			Viridiplantae	Streptophyta	Magnoliopsida	Asterales	Asteraceae	Espeletia		Espeletia cleefii			
1933522			Viridiplantae	Streptophyta	Magnoliopsida	Asterales	Asteraceae	Espeletia		Espeletia congestiflora			
1933523			Viridiplantae	Streptophyta	Magnoliopsida	Asterales	Asteraceae	Espeletia		Espeletia conglomerata			
1933509			Viridiplantae	Streptophyta	Magnoliopsida	Asterales	Asteraceae	Espeletia		Espeletia arbelaezii			
1933524			Viridiplantae	Streptophyta	Magnoliopsida	Asterales	Asteraceae	Espeletia		Espeletia cuniculorum			
1933525			Viridiplantae	Streptophyta	Magnoliopsida	Asterales	Asteraceae	Espeletia		Espeletia curialensis			
1933526			Viridiplantae	Streptophyta	Magnoliopsida	Asterales	Asteraceae	Espeletia		Espeletia discoidea			
1933527			Viridiplantae	Streptophyta	Magnoliopsida	Asterales	Asteraceae	Espeletia		Espeletia dugandii			
1933528			Viridiplantae	Streptophyta	Magnoliopsida	Asterales	Asteraceae	Espeletia		Espeletia episcopalis			
1933529			Viridiplantae	Streptophyta	Magnoliopsida	Asterales	Asteraceae	Espeletia		Espeletia estanislana			
1933530			Viridiplantae	Streptophyta	Magnoliopsida	Asterales	Asteraceae	Espeletia		Espeletia formosa			
1933531			Viridiplantae	Streptophyta	Magnoliopsida	Asterales	Asteraceae	Espeletia		Espeletia frontinoensis			
1933533			Viridiplantae	Streptophyta	Magnoliopsida	Asterales	Asteraceae	Espeletia		Espeletia incana			
1933534			Viridiplantae	Streptophyta	Magnoliopsida	Asterales	Asteraceae	Espeletia		Espeletia jajoensis			
1933535			Viridiplantae	Streptophyta	Magnoliopsida	Asterales	Asteraceae	Espeletia		Espeletia jaramilloi			
1933536			Viridiplantae	Streptophyta	Magnoliopsida	Asterales	Asteraceae	Espeletia		Espeletia killipii			
1933537			Viridiplantae	Streptophyta	Magnoliopsida	Asterales	Asteraceae	Espeletia		Espeletia lopezii			
1873674			Viridiplantae	Streptophyta	Magnoliopsida	Asterales	Asteraceae	Espeletia		Espeletia murilloi			
1933511			Viridiplantae	Streptophyta	Magnoliopsida	Asterales	Asteraceae	Espeletia		Espeletia ariana			
1933538			Viridiplantae	Streptophyta	Magnoliopsida	Asterales	Asteraceae	Espeletia		Espeletia nana			
1933539			Viridiplantae	Streptophyta	Magnoliopsida	Asterales	Asteraceae	Espeletia		Espeletia nemekenei			
1933540			Viridiplantae	Streptophyta	Magnoliopsida	Asterales	Asteraceae	Espeletia		Espeletia occidentalis			
1933541			Viridiplantae	Streptophyta	Magnoliopsida	Asterales	Asteraceae	Espeletia		Espeletia oswaldiana			
1933542			Viridiplantae	Streptophyta	Magnoliopsida	Asterales	Asteraceae	Espeletia		Espeletia paipana			
1933543			Viridiplantae	Streptophyta	Magnoliopsida	Asterales	Asteraceae	Espeletia		Espeletia pescana			
1933544			Viridiplantae	Streptophyta	Magnoliopsida	Asterales	Asteraceae	Espeletia		Espeletia pisbana			
1933545			Viridiplantae	Streptophyta	Magnoliopsida	Asterales	Asteraceae	Espeletia		Espeletia praefrontina			
1933547			Viridiplantae	Streptophyta	Magnoliopsida	Asterales	Asteraceae	Espeletia		Espeletia roberti			
1933512			Viridiplantae	Streptophyta	Magnoliopsida	Asterales	Asteraceae	Espeletia		Espeletia aristeguietana			
1933548			Viridiplantae	Streptophyta	Magnoliopsida	Asterales	Asteraceae	Espeletia		Espeletia rositae			
1933549			Viridiplantae	Streptophyta	Magnoliopsida	Asterales	Asteraceae	Espeletia		Espeletia schultesiana			
185154			Viridiplantae	Streptophyta	Magnoliopsida	Asterales	Asteraceae	Espeletia		Espeletia schultzii			
1933550			Viridiplantae	Streptophyta	Magnoliopsida	Asterales	Asteraceae	Espeletia		Espeletia semiglobulata			
1933551			Viridiplantae	Streptophyta	Magnoliopsida	Asterales	Asteraceae	Espeletia		Espeletia summapacis			
1933513			Viridiplantae	Streptophyta	Magnoliopsida	Asterales	Asteraceae	Espeletia		Espeletia azucarina			
1933552			Viridiplantae	Streptophyta	Magnoliopsida	Asterales	Asteraceae	Espeletia		Espeletia tunjana			
1873676			Viridiplantae	Streptophyta	Magnoliopsida	Asterales	Asteraceae	Espeletia		Espeletia ulotricha			
1933553			Viridiplantae	Streptophyta	Magnoliopsida	Asterales	Asteraceae	Espeletia		Espeletia uribei			
1873677			Viridiplantae	Streptophyta	Magnoliopsida	Asterales	Asteraceae	Espeletia		Espeletia weddellii			
1933514			Viridiplantae	Streptophyta	Magnoliopsida	Asterales	Asteraceae	Espeletia		Espeletia barclayana			
185169			Viridiplantae	Streptophyta	Magnoliopsida	Asterales	Asteraceae	Libanothamnus					
185179			Viridiplantae	Streptophyta	Magnoliopsida	Asterales	Asteraceae	Espeletia					
75728			Viridiplantae	Streptophyta	Magnoliopsida	Poales	Poaceae	Cynodon		Cynodon transvaalensis			
71647			Viridiplantae	Streptophyta	Pinopsida	Pinales	Pinaceae	Pinus	Pinus subgen. Pinus	Pinus pinaster			
1093657			Viridiplantae	Streptophyta	Magnoliopsida	Poales	Bromeliaceae	Pitcairnia		Pitcairnia flammea			
458692			Viridiplantae	Streptophyta	Magnoliopsida	Ranunculales	Papaveraceae	Corydalis		Corydalis yanhusuo			
